# bron: Yahoo chart-API INR=X, opgehaald 2026-09-30 (eerlijke UA)
date;open;high;low;close;adjclose;volume
2003-12-01;45.709;45.728;45.615;45.71;45.71;0
2003-12-02;45.709;45.719;45.56;45.629;45.629;0
2003-12-03;45.632;45.656;45.475;45.55;45.55;0
2003-12-04;45.548;45.613;45.519;45.548;45.548;0
2003-12-05;45.55;45.566;45.449;45.449;45.449;0
2003-12-08;45.475;45.498;45.395;45.47;45.47;0
2003-12-09;45.471;45.48;45.403;45.431;45.431;0
2003-12-10;45.42;45.508;45.354;45.371;45.371;0
2003-12-11;45.373;45.484;45.352;45.449;45.449;0
2003-12-12;45.448;45.48;45.421;45.422;45.422;0
2003-12-15;45.45;45.5;45.421;45.468;45.468;0
2003-12-16;45.469;45.494;45.375;45.468;45.468;0
2003-12-17;45.475;45.49;45.363;45.389;45.389;0
2003-12-18;45.386;45.446;45.375;45.427;45.427;0
2003-12-19;45.433;45.463;45.399;45.422;45.422;0
2003-12-22;45.417;45.505;45.391;45.452;45.452;0
2003-12-23;45.447;45.549;45.326;45.389;45.389;0
2003-12-24;45.391;45.533;45.36;45.442;45.442;0
2003-12-25;45.438;45.456;45.296;45.445;45.445;0
2003-12-26;45.423;45.457;45.396;45.441;45.441;0
2003-12-29;45.44;45.58;45.438;45.549;45.549;0
2003-12-30;45.549;45.565;45.425;45.499;45.499;0
2003-12-31;45.488;45.558;45.421;45.53;45.53;0
2004-01-01;45.529;45.532;45.519;45.527;45.527;0
2004-01-02;45.527;45.645;45.497;45.603;45.603;0
2004-01-05;45.528;45.565;45.459;45.466;45.466;0
2004-01-06;45.468;45.604;45.457;45.549;45.549;0
2004-01-07;45.548;45.56;45.375;45.387;45.387;0
2004-01-08;45.392;45.49;45.345;45.468;45.468;0
2004-01-09;45.464;45.495;45.23;45.351;45.351;0
2004-01-12;45.329;45.397;45.3;45.344;45.344;0
2004-01-13;45.349;45.365;45.232;45.313;45.313;0
2004-01-14;45.312;45.406;45.245;45.328;45.328;0
2004-01-15;45.334;45.389;45.3;45.349;45.349;0
2004-01-16;45.341;45.382;45.3;45.325;45.325;0
2004-01-19;45.357;45.358;45.296;45.331;45.331;0
2004-01-20;45.34;45.36;45.3;45.328;45.328;0
2004-01-21;45.338;45.393;45.275;45.307;45.307;0
2004-01-22;45.325;45.343;45.27;45.321;45.321;0
2004-01-23;45.311;45.341;45.23;45.244;45.244;0
2004-01-26;45.25;45.28;45.185;45.227;45.227;0
2004-01-27;45.227;45.293;45.188;45.271;45.271;0
2004-01-28;45.27;45.332;45.207;45.253;45.253;0
2004-01-29;45.262;45.3;45.175;45.271;45.271;0
2004-01-30;45.261;45.293;45.004;45.004;45.004;0
2004-02-02;45.151;45.217;45.128;45.175;45.175;0
2004-02-03;45.207;45.231;45.175;45.208;45.208;0
2004-02-04;45.21;45.231;45.175;45.209;45.209;0
2004-02-05;45.207;45.245;45.15;45.206;45.206;0
2004-02-06;45.192;45.225;45.105;45.168;45.168;0
2004-02-09;45.166;45.205;45.1;45.192;45.192;0
2004-02-10;45.193;45.204;45.08;45.184;45.184;0
2004-02-11;45.191;45.202;45.12;45.188;45.188;0
2004-02-12;45.19;45.204;45.099;45.2;45.2;0
2004-02-13;45.188;45.362;45.095;45.362;45.362;0
2004-02-16;45.179;45.225;45.14;45.182;45.182;0
2004-02-17;45.182;45.226;45.147;45.2;45.2;0
2004-02-18;45.213;45.22;45.135;45.17;45.17;0
2004-02-19;45.176;45.219;45.145;45.194;45.194;0
2004-02-20;45.192;45.209;45.125;45.171;45.171;0
2004-02-23;45.173;45.287;45.143;45.172;45.172;0
2004-02-24;45.172;45.231;45.155;45.212;45.212;0
2004-02-25;45.21;45.247;45.115;45.186;45.186;0
2004-02-26;45.189;45.202;45.125;45.168;45.168;0
2004-02-27;45.166;45.196;45.115;45.196;45.196;0
2004-03-01;45.165;45.195;45.105;45.173;45.173;0
2004-03-02;45.172;45.214;45.065;45.179;45.179;0
2004-03-03;45.175;45.217;45.072;45.15;45.15;0
2004-03-04;45.151;45.254;45.134;45.229;45.229;0
2004-03-05;45.231;45.24;45.095;45.19;45.19;0
2004-03-08;45.2;45.2;45.052;45.18;45.18;0
2004-03-09;45.172;45.198;45.093;45.129;45.129;0
2004-03-10;45.172;45.198;45.055;45.109;45.109;0
2004-03-11;45.108;45.219;45.096;45.184;45.184;0
2004-03-12;45.19;45.21;45.125;45.171;45.171;0
2004-03-15;45.172;45.188;45.125;45.17;45.17;0
2004-03-16;45.172;45.182;45.105;45.149;45.149;0
2004-03-17;45.149;45.186;45.113;45.171;45.171;0
2004-03-18;45.169;45.188;45.105;45.15;45.15;0
2004-03-19;45.149;45.171;45.066;45.09;45.09;0
2004-03-22;45.092;45.11;44.985;45.072;45.072;0
2004-03-23;45.071;45.101;44.74;44.81;44.81;0
2004-03-24;44.816;44.82;44.615;44.656;44.656;0
2004-03-25;44.671;44.694;44.605;44.659;44.659;0
2004-03-26;44.652;44.697;44.335;44.498;44.498;0
2004-03-28;44.505;44.538;43.94;43.98;43.98;0
2004-03-29;43.987;44.021;43.803;43.813;43.813;0
2004-03-30;43.826;43.862;43.295;43.334;43.334;0
2004-03-31;43.331;43.405;43.275;43.373;43.373;0
2004-04-01;43.371;43.715;43.356;43.7;43.7;0
2004-04-04;43.691;43.717;43.545;43.568;43.568;0
2004-04-05;43.568;43.702;43.539;43.628;43.628;0
2004-04-06;43.637;43.649;43.377;43.381;43.381;0
2004-04-07;43.385;43.56;43.366;43.525;43.525;0
2004-04-08;43.523;43.548;43.489;43.523;43.523;0
2004-04-12;43.521;43.718;43.521;43.635;43.635;0
2004-04-13;43.633;43.7;43.595;43.668;43.668;0
2004-04-14;43.672;43.925;43.63;43.808;43.808;0
2004-04-15;43.814;43.853;43.688;43.729;43.729;0
2004-04-18;43.732;43.839;43.707;43.79;43.79;0
2004-04-19;43.814;43.943;43.688;43.868;43.868;0
2004-04-20;43.872;43.99;43.842;43.982;43.982;0
2004-04-21;43.925;44.09;43.894;43.939;43.939;0
2004-04-22;43.941;44.115;43.82;44.109;44.109;0
2004-04-25;44.127;44.127;43.945;44.009;44.009;0
2004-04-26;44.008;44.153;43.99;44.072;44.072;0
2004-04-27;44.072;44.13;44.028;44.106;44.106;0
2004-04-28;44.106;44.385;44.09;44.319;44.319;0
2004-04-29;44.312;44.44;44.27;44.284;44.284;0
2004-05-02;44.286;44.89;44.262;44.292;44.292;0
2004-05-03;44.291;44.788;44.278;44.769;44.769;0
2004-05-04;44.771;44.781;44.465;44.562;44.562;0
2004-05-05;44.568;44.616;44.515;44.59;44.59;0
2004-05-06;44.592;44.663;44.38;44.531;44.531;0
2004-05-09;44.53;45.003;44.53;44.972;44.972;0
2004-05-10;44.971;45.35;44.953;45.17;45.17;0
2004-05-11;45.171;45.38;45.141;45.312;45.312;0
2004-05-12;45.309;45.328;44.95;45.16;45.16;0
2004-05-13;45.16;45.58;45.138;45.38;45.38;0
2004-05-16;45.38;45.899;45.368;45.431;45.431;0
2004-05-17;45.391;45.47;45.32;45.348;45.348;0
2004-05-18;45.35;45.38;45.065;45.078;45.078;0
2004-05-19;45.084;45.18;45.068;45.114;45.114;0
2004-05-20;45.112;45.31;45.046;45.191;45.191;0
2004-05-23;45.192;45.31;45.167;45.183;45.183;0
2004-05-24;45.191;45.315;45.172;45.272;45.272;0
2004-05-25;45.235;45.335;45.235;45.266;45.266;0
2004-05-26;45.385;45.399;45.257;45.292;45.292;0
2004-05-27;45.288;45.505;45.266;45.291;45.291;0
2004-05-30;45.29;45.314;45.264;45.29;45.29;0
2004-05-31;45.29;45.392;45.275;45.371;45.371;0
2004-06-01;45.37;45.378;45.27;45.349;45.349;0
2004-06-02;45.349;45.396;45.098;45.105;45.105;0
2004-06-03;45.11;45.123;44.95;45.051;45.051;0
2004-06-06;45.045;45.062;44.912;44.933;44.933;0
2004-06-07;44.93;45.04;44.906;44.926;44.926;0
2004-06-08;44.928;44.979;44.806;44.827;44.827;0
2004-06-09;44.829;45.014;44.802;44.989;44.989;0
2004-06-10;44.99;45.08;44.978;45.067;45.067;0
2004-06-13;44.995;45.275;44.995;45.251;45.251;0
2004-06-14;45.251;45.317;45.182;45.265;45.265;0
2004-06-15;45.264;45.354;45.245;45.326;45.326;0
2004-06-16;45.328;45.473;45.312;45.428;45.428;0
2004-06-17;45.431;45.595;45.41;45.508;45.508;0
2004-06-20;45.565;45.849;45.503;45.768;45.768;0
2004-06-21;45.77;46.18;45.733;46.067;46.067;0
2004-06-22;46.067;46.084;45.529;45.543;45.543;0
2004-06-23;45.541;45.835;45.526;45.75;45.75;0
2004-06-24;45.751;45.88;45.681;45.684;45.684;0
2004-06-27;45.681;45.86;45.583;45.742;45.742;0
2004-06-28;45.743;46.025;45.73;45.908;45.908;0
2004-06-29;45.908;45.985;45.863;45.888;45.888;0
2004-06-30;45.9;45.9;45.771;45.786;45.786;0
2004-07-01;45.789;45.885;45.568;45.591;45.591;0
2004-07-04;45.59;45.74;45.574;45.693;45.693;0
2004-07-05;45.696;46;45.681;45.89;45.89;0
2004-07-06;45.868;45.912;45.714;45.728;45.728;0
2004-07-07;45.734;45.783;45.637;45.652;45.652;0
2004-07-08;45.647;45.676;45.55;45.608;45.608;0
2004-07-11;45.613;45.649;45.563;45.587;45.587;0
2004-07-12;45.592;45.8;45.578;45.753;45.753;0
2004-07-13;45.75;45.93;45.733;45.869;45.869;0
2004-07-14;45.882;46.095;45.864;46.03;46.03;0
2004-07-15;46.032;46.13;45.855;46.088;46.088;0
2004-07-18;46.089;46.1;45.859;45.991;45.991;0
2004-07-19;45.989;46.045;45.894;45.91;45.91;0
2004-07-20;45.908;46.048;45.901;46.007;46.007;0
2004-07-21;46.008;46.2;45.996;46.107;46.107;0
2004-07-22;46.11;46.255;46.095;46.117;46.117;0
2004-07-25;46.14;46.24;46.121;46.191;46.191;0
2004-07-26;46.192;46.207;46.097;46.111;46.111;0
2004-07-27;46.111;46.318;46.092;46.267;46.267;0
2004-07-28;46.264;46.415;46.259;46.311;46.311;0
2004-07-29;46.313;46.399;46.193;46.251;46.251;0
2004-08-01;46.25;46.325;46.18;46.229;46.229;0
2004-08-02;46.224;46.325;46.198;46.211;46.211;0
2004-08-03;46.208;46.326;46.2;46.305;46.305;0
2004-08-04;46.31;46.321;46.21;46.27;46.27;0
2004-08-05;46.271;46.395;46.176;46.189;46.189;0
2004-08-08;46.192;46.366;46.174;46.3;46.3;0
2004-08-09;46.292;46.41;46.205;46.232;46.232;0
2004-08-10;46.227;46.312;46.185;46.211;46.211;0
2004-08-11;46.21;46.227;46.105;46.19;46.19;0
2004-08-12;46.188;46.242;46.145;46.229;46.229;0
2004-08-15;46.23;46.335;46.206;46.232;46.232;0
2004-08-16;46.228;46.344;46.211;46.24;46.24;0
2004-08-17;46.225;46.347;46.206;46.257;46.257;0
2004-08-18;46.257;46.283;46.175;46.27;46.27;0
2004-08-19;46.269;46.279;46.115;46.209;46.209;0
2004-08-22;46.208;46.211;46.125;46.15;46.15;0
2004-08-23;46.149;46.257;46.138;46.205;46.205;0
2004-08-24;46.207;46.285;46.198;46.245;46.245;0
2004-08-25;46.245;46.293;46.242;46.273;46.273;0
2004-08-26;46.269;46.284;46.165;46.229;46.229;0
2004-08-29;46.228;46.29;46.2;46.229;46.229;0
2004-08-30;46.231;46.326;46.205;46.274;46.274;0
2004-08-31;46.267;46.317;46.212;46.246;46.246;0
2004-09-01;46.252;46.289;46.175;46.249;46.249;0
2004-09-02;46.252;46.259;46.1;46.23;46.23;0
2004-09-05;46.228;46.267;46.218;46.247;46.247;0
2004-09-06;46.25;46.302;46.215;46.286;46.286;0
2004-09-07;46.29;46.3;46.185;46.244;46.244;0
2004-09-08;46.249;46.271;46.205;46.226;46.226;0
2004-09-09;46.232;46.258;46.105;46.127;46.127;0
2004-09-12;46.139;46.157;46.065;46.129;46.129;0
2004-09-13;46.13;46.147;45.725;45.765;45.765;0
2004-09-14;45.765;45.81;45.71;45.751;45.751;0
2004-09-15;45.748;45.886;45.72;45.869;45.869;0
2004-09-16;45.871;45.88;45.715;45.788;45.788;0
2004-09-19;45.784;45.868;45.735;45.85;45.85;0
2004-09-20;45.85;45.865;45.725;45.771;45.771;0
2004-09-21;45.769;45.791;45.693;45.71;45.71;0
2004-09-22;45.707;45.876;45.705;45.748;45.748;0
2004-09-23;45.75;45.875;45.741;45.849;45.849;0
2004-09-26;45.87;45.882;45.799;45.802;45.802;0
2004-09-27;45.804;46.075;45.798;45.941;45.941;0
2004-09-28;45.944;46.095;45.81;45.847;45.847;0
2004-09-29;45.85;45.925;45.795;45.809;45.809;0
2004-09-30;45.807;45.958;45.755;45.958;45.958;0
2004-10-03;45.85;45.857;45.73;45.75;45.75;0
2004-10-04;45.749;45.79;45.743;45.766;45.766;0
2004-10-05;45.767;45.845;45.738;45.748;45.748;0
2004-10-06;45.75;45.8;45.695;45.748;45.748;0
2004-10-07;45.751;45.762;45.625;45.646;45.646;0
2004-10-10;45.645;45.77;45.624;45.645;45.645;0
2004-10-11;45.641;45.802;45.638;45.773;45.773;0
2004-10-12;45.77;45.791;45.725;45.767;45.767;0
2004-10-13;45.77;45.804;45.71;45.798;45.798;0
2004-10-14;45.791;45.798;45.679;45.752;45.752;0
2004-10-17;45.749;45.782;45.719;45.75;45.75;0
2004-10-18;45.746;45.776;45.641;45.678;45.678;0
2004-10-19;45.674;45.75;45.625;45.687;45.687;0
2004-10-20;45.689;45.71;45.625;45.651;45.651;0
2004-10-21;45.647;45.71;45.571;45.61;45.61;0
2004-10-24;45.607;45.618;45.478;45.488;45.488;0
2004-10-25;45.491;45.65;45.481;45.571;45.571;0
2004-10-26;45.568;45.66;45.475;45.561;45.561;0
2004-10-28;45.546;45.569;45.245;45.31;45.31;0
2004-11-01;45.317;45.37;45.265;45.323;45.323;0
2004-11-02;45.33;45.48;45.314;45.391;45.391;0
2004-11-03;45.39;45.449;45.217;45.233;45.233;0
2004-11-04;45.24;45.241;45.023;45.073;45.073;0
2004-11-05;45.072;45.135;44.943;44.949;44.949;0
2004-11-08;44.947;45.128;44.94;45.101;45.101;0
2004-11-09;45.097;45.115;45.025;45.077;45.077;0
2004-11-10;45.076;45.096;45.005;45.058;45.058;0
2004-11-11;45.069;45.132;45.051;45.074;45.074;0
2004-11-12;45.086;45.103;44.991;45.03;45.03;0
2004-11-15;45.032;45.048;44.955;44.972;44.972;0
2004-11-16;44.968;45.02;44.92;44.99;44.99;0
2004-11-17;44.991;45.009;44.837;44.856;44.856;0
2004-11-18;44.848;45.08;44.839;44.95;44.95;0
2004-11-19;44.95;45.08;44.918;44.94;44.94;0
2004-11-22;44.931;45.017;44.917;44.921;44.921;0
2004-11-23;44.923;45.02;44.869;44.956;44.956;0
2004-11-24;44.98;45;44.925;44.963;44.963;0
2004-11-25;44.962;45.006;44.882;44.904;44.904;0
2004-11-26;44.92;44.93;44.88;44.892;44.892;0
2004-11-29;44.888;44.92;44.63;44.715;44.715;0
2004-11-30;44.713;44.727;44.408;44.434;44.434;0
2004-12-01;44.428;44.451;44.212;44.23;44.23;0
2004-12-02;44.229;44.274;43.942;43.949;43.949;0
2004-12-03;43.96;44.158;43.933;43.991;43.991;0
2004-12-06;43.991;44.007;43.56;43.61;43.61;0
2004-12-07;43.61;43.66;43.579;43.591;43.591;0
2004-12-08;43.592;44.015;43.58;43.765;43.765;0
2004-12-09;43.771;44.125;43.757;44.052;44.052;0
2004-12-10;44.048;44.66;44.034;44.569;44.569;0
2004-12-13;44.571;44.588;44.026;44.032;44.032;0
2004-12-14;44.029;44.098;43.962;43.991;43.991;0
2004-12-15;43.987;44.063;43.86;43.931;43.931;0
2004-12-16;43.932;43.94;43.655;43.687;43.687;0
2004-12-17;43.693;43.971;43.666;43.9;43.9;0
2004-12-20;43.889;43.943;43.748;43.771;43.771;0
2004-12-21;43.767;43.783;43.639;43.65;43.65;0
2004-12-22;43.65;43.813;43.64;43.77;43.77;0
2004-12-23;43.772;43.784;43.571;43.591;43.591;0
2004-12-24;43.588;43.764;43.547;43.547;43.547;0
2004-12-27;43.612;43.78;43.579;43.613;43.613;0
2004-12-28;43.608;43.675;43.597;43.63;43.63;0
2004-12-29;43.631;43.693;43.52;43.53;43.53;0
2004-12-30;43.532;43.68;43.516;43.657;43.657;0
2004-12-31;43.653;43.667;43.266;43.308;43.308;0
2005-01-03;43.31;43.532;43.291;43.416;43.416;0
2005-01-04;43.412;43.519;43.25;43.491;43.491;0
2005-01-05;43.49;43.755;43.45;43.589;43.589;0
2005-01-06;43.591;43.901;43.58;43.828;43.828;0
2005-01-07;43.831;43.85;43.585;43.832;43.832;0
2005-01-10;43.827;43.959;43.743;43.793;43.793;0
2005-01-11;43.791;43.802;43.522;43.529;43.529;0
2005-01-12;43.528;43.76;43.512;43.531;43.531;0
2005-01-13;43.529;43.643;43.48;43.573;43.573;0
2005-01-14;43.573;43.779;43.479;43.511;43.511;0
2005-01-17;43.512;43.65;43.47;43.5;43.5;0
2005-01-18;43.484;43.715;43.473;43.68;43.68;0
2005-01-19;43.659;43.691;43.487;43.52;43.52;0
2005-01-20;43.509;43.745;43.5;43.68;43.68;0
2005-01-21;43.67;43.7;43.485;43.501;43.501;0
2005-01-24;43.587;43.697;43.55;43.58;43.58;0
2005-01-25;43.567;43.762;43.559;43.66;43.66;0
2005-01-26;43.648;43.68;43.59;43.66;43.66;0
2005-01-27;43.653;43.72;43.595;43.68;43.68;0
2005-01-28;43.669;43.703;43.555;43.603;43.603;0
2005-01-31;43.58;43.667;43.575;43.66;43.66;0
2005-02-01;43.652;43.66;43.575;43.6;43.6;0
2005-02-02;43.587;43.606;43.219;43.24;43.24;0
2005-02-03;43.231;43.355;43.22;43.3;43.3;0
2005-02-04;43.293;43.43;43.245;43.289;43.289;0
2005-02-07;43.385;43.437;43.288;43.36;43.36;0
2005-02-08;43.352;43.632;43.343;43.62;43.62;0
2005-02-09;43.609;43.664;43.56;43.64;43.64;0
2005-02-10;43.632;43.75;43.566;43.64;43.64;0
2005-02-11;43.632;43.755;43.621;43.68;43.68;0
2005-02-14;43.689;43.702;43.575;43.7;43.7;0
2005-02-15;43.69;43.76;43.645;43.74;43.74;0
2005-02-16;43.737;43.75;43.6;43.64;43.64;0
2005-02-17;43.631;43.75;43.603;43.62;43.62;0
2005-02-18;43.61;43.77;43.604;43.65;43.65;0
2005-02-21;43.651;43.75;43.64;43.72;43.72;0
2005-02-22;43.71;43.725;43.536;43.58;43.58;0
2005-02-23;43.572;43.692;43.55;43.66;43.66;0
2005-02-24;43.656;43.666;43.52;43.6;43.6;0
2005-02-25;43.592;43.65;43.555;43.589;43.589;0
2005-02-28;43.589;43.615;43.525;43.56;43.56;0
2005-03-01;43.551;43.66;43.54;43.64;43.64;0
2005-03-02;43.63;43.66;43.57;43.64;43.64;0
2005-03-03;43.632;43.645;43.562;43.58;43.58;0
2005-03-04;43.564;43.678;43.555;43.567;43.567;0
2005-03-07;43.61;43.658;43.575;43.585;43.585;0
2005-03-08;43.615;43.637;43.53;43.56;43.56;0
2005-03-09;43.55;43.608;43.533;43.58;43.58;0
2005-03-10;43.568;43.595;43.45;43.5;43.5;0
2005-03-11;43.492;43.522;43.397;43.409;43.409;0
2005-03-14;43.411;43.48;43.403;43.46;43.46;0
2005-03-15;43.453;43.513;43.43;43.48;43.48;0
2005-03-16;43.469;43.577;43.46;43.55;43.55;0
2005-03-17;43.539;43.585;43.527;43.55;43.55;0
2005-03-18;43.542;43.687;43.45;43.55;43.55;0
2005-03-21;43.538;43.715;43.52;43.55;43.55;0
2005-03-22;43.542;43.752;43.529;43.65;43.65;0
2005-03-23;43.644;43.78;43.628;43.66;43.66;0
2005-03-24;43.643;43.822;43.605;43.64;43.64;0
2005-03-25;43.64;43.72;43.602;43.62;43.62;0
2005-03-27;43.66;43.807;43.58;43.65;43.65;0
2005-03-28;43.641;43.82;43.626;43.65;43.65;0
2005-03-29;43.633;43.83;43.623;43.75;43.75;0
2005-03-30;43.735;43.767;43.595;43.61;43.61;0
2005-03-31;43.738;43.752;43.472;43.49;43.49;0
2005-04-03;43.493;43.777;43.482;43.65;43.65;0
2005-04-04;43.642;43.82;43.618;43.65;43.65;0
2005-04-05;43.642;43.75;43.62;43.68;43.68;0
2005-04-06;43.668;43.755;43.601;43.62;43.62;0
2005-04-07;43.614;43.76;43.6;43.651;43.651;0
2005-04-10;43.648;43.735;43.58;43.642;43.642;0
2005-04-11;43.647;43.722;43.55;43.62;43.62;0
2005-04-12;43.62;43.74;43.59;43.68;43.68;0
2005-04-13;43.664;43.71;43.574;43.6;43.6;0
2005-04-14;43.586;43.83;43.58;43.698;43.698;0
2005-04-17;43.692;43.79;43.602;43.62;43.62;0
2005-04-18;43.62;43.77;43.58;43.68;43.68;0
2005-04-19;43.66;43.755;43.552;43.58;43.58;0
2005-04-20;43.562;43.752;43.556;43.68;43.68;0
2005-04-21;43.671;43.74;43.6;43.61;43.61;0
2005-04-24;43.653;43.717;43.585;43.63;43.63;0
2005-04-25;43.633;43.692;43.535;43.62;43.62;0
2005-04-26;43.611;43.71;43.52;43.58;43.58;0
2005-04-27;43.577;43.722;43.55;43.6;43.6;0
2005-04-28;43.64;43.648;43.361;43.38;43.38;0
2005-05-01;43.433;43.54;43.42;43.5;43.5;0
2005-05-02;43.49;43.6;43.45;43.52;43.52;0
2005-05-03;43.508;43.56;43.35;43.46;43.46;0
2005-05-04;43.394;43.46;43.279;43.35;43.35;0
2005-05-05;43.3;43.527;43.26;43.43;43.43;0
2005-05-08;43.43;43.52;43.3;43.44;43.44;0
2005-05-09;43.434;43.47;43.3;43.36;43.36;0
2005-05-10;43.353;43.38;43.13;43.22;43.22;0
2005-05-11;43.208;43.365;43.18;43.24;43.24;0
2005-05-12;43.23;43.44;43.216;43.4;43.4;0
2005-05-15;43.35;43.495;43.32;43.4;43.4;0
2005-05-16;43.393;43.485;43.34;43.42;43.42;0
2005-05-17;43.408;43.6;43.355;43.38;43.38;0
2005-05-18;43.367;43.475;43.35;43.38;43.38;0
2005-05-19;43.368;43.507;43.34;43.326;43.326;0
2005-05-22;43.369;43.545;43.36;43.42;43.42;0
2005-05-23;43.415;43.51;43.36;43.48;43.48;0
2005-05-24;43.473;43.535;43.4;43.46;43.46;0
2005-05-25;43.45;43.535;43.4;43.5;43.5;0
2005-05-26;43.448;43.525;43.385;43.5;43.5;0
2005-05-29;43.432;43.56;43.4;43.5;43.5;0
2005-05-30;43.492;43.73;43.476;43.62;43.62;0
2005-05-31;43.609;43.767;43.602;43.72;43.72;0
2005-06-01;43.711;43.728;43.58;43.7;43.7;0
2005-06-02;43.691;43.702;43.475;43.56;43.56;0
2005-06-05;43.585;43.599;43.47;43.52;43.52;0
2005-06-06;43.506;43.57;43.43;43.48;43.48;0
2005-06-07;43.469;43.527;43.385;43.42;43.42;0
2005-06-08;43.412;43.545;43.34;43.46;43.46;0
2005-06-09;43.389;43.547;43.38;43.47;43.47;0
2005-06-12;43.472;43.635;43.457;43.54;43.54;0
2005-06-13;43.531;43.66;43.5;43.58;43.58;0
2005-06-14;43.571;43.652;43.45;43.5;43.5;0
2005-06-15;43.488;43.61;43.457;43.48;43.48;0
2005-06-16;43.468;43.577;43.43;43.49;43.49;0
2005-06-19;43.452;43.545;43.437;43.48;43.48;0
2005-06-20;43.471;43.612;43.433;43.48;43.48;0
2005-06-21;43.468;43.53;43.392;43.42;43.42;0
2005-06-22;43.41;43.55;43.38;43.48;43.48;0
2005-06-23;43.473;43.575;43.4;43.49;43.49;0
2005-06-26;43.43;43.512;43.4;43.42;43.42;0
2005-06-27;43.407;43.53;43.385;43.48;43.48;0
2005-06-28;43.545;43.565;43.438;43.48;43.48;0
2005-06-29;43.469;43.525;43.425;43.46;43.46;0
2005-06-30;43.5;43.51;43.375;43.5;43.5;0
2005-07-03;43.552;43.555;43.432;43.46;43.46;0
2005-07-04;43.45;43.575;43.38;43.5;43.5;0
2005-07-05;43.489;43.582;43.42;43.5;43.5;0
2005-07-06;43.49;43.632;43.42;43.56;43.56;0
2005-07-07;43.55;43.63;43.48;43.54;43.54;0
2005-07-10;43.54;43.562;43.433;43.46;43.46;0
2005-07-11;43.448;43.537;43.42;43.46;43.46;0
2005-07-12;43.45;43.55;43.401;43.412;43.412;0
2005-07-13;43.42;43.535;43.38;43.42;43.42;0
2005-07-14;43.409;43.52;43.38;43.47;43.47;0
2005-07-17;43.47;43.54;43.38;43.454;43.454;0
2005-07-18;43.491;43.52;43.458;43.52;43.52;0
2005-07-19;43.52;43.537;43.38;43.45;43.45;0
2005-07-20;43.45;43.505;43;43;43;0
2005-07-21;43;43.46;43;43.45;43.45;0
2005-07-24;43.37;43.55;43.37;43.46;43.46;0
2005-07-25;43.431;43.565;43.375;43.41;43.41;0
2005-07-26;43.429;43.45;43.315;43.34;43.34;0
2005-07-27;43.35;43.44;43.282;43.32;43.32;0
2005-07-28;43.293;43.502;43.259;43.35;43.35;0
2005-07-31;43.353;43.45;43.285;43.38;43.38;0
2005-08-01;43.374;43.532;43.33;43.4;43.4;0
2005-08-02;43.39;43.505;43.33;43.37;43.37;0
2005-08-03;43.387;43.507;43.33;43.391;43.391;0
2005-08-04;43.45;43.512;43.365;43.42;43.42;0
2005-08-07;43.41;43.545;43.397;43.45;43.45;0
2005-08-08;43.45;43.567;43.396;43.45;43.45;0
2005-08-09;43.42;43.54;43.403;43.45;43.45;0
2005-08-10;43.46;43.59;43.431;43.5;43.5;0
2005-08-11;43.448;43.575;43.415;43.564;43.564;0
2005-08-14;43.506;43.521;43.358;43.44;43.44;0
2005-08-15;43.376;43.54;43.362;43.45;43.45;0
2005-08-16;43.447;43.54;43.41;43.46;43.46;0
2005-08-17;43.453;43.562;43.43;43.5;43.5;0
2005-08-18;43.492;43.52;43.47;43.52;43.52;0
2005-08-21;43.49;43.62;43.477;43.55;43.55;0
2005-08-22;43.512;43.73;43.504;43.58;43.58;0
2005-08-23;43.569;43.75;43.54;43.7;43.7;0
2005-08-24;43.628;43.755;43.6;43.7;43.7;0
2005-08-25;43.689;43.74;43.585;43.6;43.6;0
2005-08-28;43.648;43.885;43.6;43.66;43.66;0
2005-08-29;43.652;43.985;43.634;43.652;43.652;0
2005-08-30;43.66;44.13;43.643;43.98;43.98;0
2005-08-31;43.966;44.112;43.878;43.9;43.9;0
2005-09-01;43.888;43.935;43.775;43.8;43.8;0
2005-09-04;43.871;43.878;43.632;43.66;43.66;0
2005-09-05;43.642;43.935;43.636;43.81;43.81;0
2005-09-06;43.76;43.875;43.74;43.82;43.82;0
2005-09-07;43.812;43.865;43.71;43.78;43.78;0
2005-09-08;43.771;43.84;43.7;43.76;43.76;0
2005-09-11;43.734;43.827;43.715;43.79;43.79;0
2005-09-12;43.728;43.895;43.7;43.83;43.83;0
2005-09-13;43.73;43.931;43.721;43.82;43.82;0
2005-09-14;43.792;43.962;43.77;43.8;43.8;0
2005-09-15;43.791;43.895;43.76;43.82;43.82;0
2005-09-18;43.788;43.897;43.77;43.83;43.83;0
2005-09-19;43.83;43.917;43.76;43.84;43.84;0
2005-09-21;43.895;43.92;43.76;43.85;43.85;0
2005-09-22;43.832;43.94;43.776;43.85;43.85;0
2005-09-25;43.77;43.96;43.77;43.85;43.85;0
2005-09-26;43.88;43.99;43.82;43.9;43.9;0
2005-09-27;43.875;44.065;43.86;44;44;0
2005-09-28;43.984;44.025;43.89;43.94;43.94;0
2005-09-29;43.929;43.942;43.845;43.93;43.93;0
2005-10-02;43.872;44.122;43.856;44.06;44.06;0
2005-10-03;44.052;44.215;43.96;44.04;44.04;0
2005-10-04;44.028;44.29;44.021;44.2;44.2;0
2005-10-05;44.186;44.267;44.1;44.14;44.14;0
2005-10-06;44.127;44.35;44.12;44.34;44.34;0
2005-10-09;44.241;44.75;44.238;44.75;44.75;0
2005-10-10;44.669;44.95;44.6;44.86;44.86;0
2005-10-11;44.851;44.858;44.658;44.75;44.75;0
2005-10-12;44.67;44.94;44.661;44.87;44.87;0
2005-10-13;44.845;44.927;44.708;44.72;44.72;0
2005-10-16;44.727;44.87;44.714;44.81;44.81;0
2005-10-17;44.73;45.16;44.712;45.02;45.02;0
2005-10-18;45.09;45.375;45.01;45.09;45.09;0
2005-10-19;45.092;45.222;45.01;45.12;45.12;0
2005-10-20;45.106;45.119;44.915;45.01;45.01;0
2005-10-23;44.994;45.172;44.94;45.05;45.05;0
2005-10-24;45.05;45.13;44.92;44.9;44.9;0
2005-10-25;45.02;45.035;44.87;44.94;44.94;0
2005-10-26;44.932;45.075;44.916;44.99;44.99;0
2005-10-27;44.922;45.14;44.9;45.01;45.01;0
2005-10-31;44.985;45.12;44.979;45.04;45.04;0
2005-11-01;45.041;45.06;44.974;45;45;0
2005-11-02;44.973;45.285;44.973;45.17;45.17;0
2005-11-03;45.165;45.29;45.11;45.2;45.2;0
2005-11-04;45.194;45.52;45.16;45.44;45.44;0
2005-11-07;45.412;45.895;45.35;45.78;45.78;0
2005-11-08;45.771;45.99;45.675;45.72;45.72;0
2005-11-09;45.707;45.805;45.615;45.68;45.68;0
2005-11-10;45.669;45.815;45.61;45.69;45.69;0
2005-11-11;45.688;45.842;45.48;45.48;45.48;0
2005-11-14;45.615;45.72;45.534;45.65;45.65;0
2005-11-15;45.65;45.69;45.501;45.56;45.56;0
2005-11-16;45.557;45.8;45.543;45.7;45.7;0
2005-11-17;45.689;45.77;45.597;45.64;45.64;0
2005-11-18;45.611;45.785;45.58;45.7;45.7;0
2005-11-21;45.65;45.777;45.6;45.66;45.66;0
2005-11-22;45.651;45.845;45.6;45.74;45.74;0
2005-11-23;45.731;45.747;45.625;45.68;45.68;0
2005-11-24;45.667;45.737;45.595;45.64;45.64;0
2005-11-25;45.631;45.81;45.56;45.74;45.74;0
2005-11-28;45.733;45.99;45.65;45.85;45.85;0
2005-11-29;45.791;45.91;45.7;45.8;45.8;0
2005-11-30;45.828;45.947;45.7;45.86;45.86;0
2005-12-01;45.847;46.005;45.75;45.91;45.91;0
2005-12-02;45.911;46.195;45.8;46.11;46.11;0
2005-12-05;46.048;46.33;46.04;46.24;46.24;0
2005-12-06;46.24;46.25;46.055;46.12;46.12;0
2005-12-07;46.12;46.22;46;46.16;46.16;0
2005-12-08;46.11;46.317;46.101;46.17;46.17;0
2005-12-09;46.13;46.225;46.06;46.11;46.11;0
2005-12-12;46.132;46.202;45.937;45.96;45.96;0
2005-12-13;45.951;46.085;45.91;46.02;46.02;0
2005-12-14;45.996;46.02;45.55;45.58;45.58;0
2005-12-15;45.566;45.63;45.2;45.22;45.22;0
2005-12-16;45.205;45.455;45.125;45.366;45.366;0
2005-12-19;45.272;45.281;44.885;45.28;45.28;0
2005-12-20;45.273;45.282;44.84;45.14;45.14;0
2005-12-21;45.073;45.375;45.01;45.1;45.1;0
2005-12-22;45.089;45.365;45.04;45.22;45.22;0
2005-12-23;45.205;45.216;45.025;45.1;45.1;0
2005-12-26;45.05;45.117;45.021;45.06;45.06;0
2005-12-27;45.054;45.24;44.96;45.08;45.08;0
2005-12-28;45.071;45.295;44.998;45.02;45.02;0
2005-12-29;45.009;45.177;45;45.11;45.11;0
2005-12-30;45.095;45.104;44.925;44.97;44.97;0
2006-01-02;44.969;45.09;44.958;44.98;44.98;0
2006-01-03;44.961;45.05;44.837;44.86;44.86;0
2006-01-04;44.847;44.88;44.64;44.68;44.68;0
2006-01-05;44.711;44.72;44.535;44.67;44.67;0
2006-01-06;44.663;44.697;44.255;44.29;44.29;0
2006-01-09;44.485;44.5;44.145;44.26;44.26;0
2006-01-10;44.22;44.425;44.1;44.18;44.18;0
2006-01-11;44.169;44.181;43.89;43.92;43.92;0
2006-01-12;43.908;44.185;43.899;43.94;43.94;0
2006-01-13;43.934;44.27;43.922;44.07;44.07;0
2006-01-16;44.189;44.21;44;44.12;44.12;0
2006-01-17;44.107;44.322;44.06;44.2;44.2;0
2006-01-18;44.2;44.485;44.17;44.29;44.29;0
2006-01-19;44.371;44.38;44.136;44.16;44.16;0
2006-01-20;44.153;44.352;44.1;44.15;44.15;0
2006-01-23;44.27;44.281;44;44.07;44.07;0
2006-01-24;44.088;44.24;44.05;44.17;44.17;0
2006-01-25;44.124;44.345;43.998;44.02;44.02;0
2006-01-26;44.016;44.04;43.922;43.99;43.99;0
2006-01-27;43.99;44.225;43.92;43.935;43.935;0
2006-01-30;43.927;44.19;43.913;44.02;44.02;0
2006-01-31;44.008;44.12;43.858;43.9;43.9;0
2006-02-01;43.889;44.2;43.884;44.08;44.08;0
2006-02-02;44.072;44.315;44.04;44.16;44.16;0
2006-02-03;44.12;44.227;44.06;44.08;44.08;0
2006-02-06;44.141;44.225;44.04;44.14;44.14;0
2006-02-07;44.129;44.285;44.07;44.2;44.2;0
2006-02-08;44.189;44.26;44.06;44.12;44.12;0
2006-02-09;44.111;44.18;44.045;44.09;44.09;0
2006-02-10;44.089;44.217;44.019;44.03;44.03;0
2006-02-13;44.031;44.28;44.022;44.15;44.15;0
2006-02-14;44.192;44.23;44.07;44.15;44.15;0
2006-02-15;44.15;44.265;44.06;44.16;44.16;0
2006-02-16;44.073;44.34;44.062;44.24;44.24;0
2006-02-17;44.237;44.45;44.17;44.312;44.312;0
2006-02-20;44.305;44.447;44.21;44.36;44.36;0
2006-02-21;44.348;44.412;44.2;44.32;44.32;0
2006-02-22;44.312;44.568;44.22;44.48;44.48;0
2006-02-23;44.476;44.6;44.325;44.46;44.46;0
2006-02-24;44.449;44.46;44.22;44.29;44.29;0
2006-02-27;44.29;44.46;44.22;44.41;44.41;0
2006-02-28;44.354;44.525;44.198;44.25;44.25;0
2006-03-01;44.22;44.342;44.18;44.28;44.28;0
2006-03-02;44.3;44.345;44.12;44.18;44.18;0
2006-03-03;44.251;44.34;44.035;44.18;44.18;0
2006-03-06;44.18;44.343;44.12;44.25;44.25;0
2006-03-07;44.232;44.343;44.13;44.2;44.2;0
2006-03-08;44.19;44.415;44.182;44.38;44.38;0
2006-03-09;44.366;44.555;44.235;44.46;44.46;0
2006-03-10;44.45;44.51;44.245;44.453;44.453;0
2006-03-13;44.446;44.52;44.315;44.39;44.39;0
2006-03-14;44.423;44.48;44.305;44.34;44.34;0
2006-03-15;44.392;44.415;44.099;44.1;44.1;0
2006-03-16;44.1;44.422;44.1;44.35;44.35;0
2006-03-17;44.344;44.425;44.2;44.205;44.205;0
2006-03-20;44.25;44.435;44.195;44.36;44.36;0
2006-03-21;44.349;44.38;44.2;44.3;44.3;0
2006-03-22;44.289;44.43;44.284;44.4;44.4;0
2006-03-23;44.395;44.56;44.32;44.472;44.472;0
2006-03-24;44.471;44.63;44.457;44.467;44.467;0
2006-03-26;44.465;44.602;44.462;44.589;44.589;0
2006-03-27;44.588;44.62;44.435;44.592;44.592;0
2006-03-28;44.589;44.635;44.525;44.58;44.58;0
2006-03-29;44.564;44.62;44.415;44.46;44.46;0
2006-03-30;44.45;44.565;44.441;44.528;44.528;0
2006-04-02;44.529;44.563;44.375;44.531;44.531;0
2006-04-03;44.335;44.635;44.335;44.6;44.6;0
2006-04-04;44.59;44.645;44.365;44.56;44.56;0
2006-04-05;44.541;44.609;44.395;44.44;44.44;0
2006-04-06;44.428;44.645;44.415;44.549;44.549;0
2006-04-09;44.405;44.818;44.405;44.66;44.66;0
2006-04-10;44.643;44.745;44.595;44.74;44.74;0
2006-04-11;44.735;45.195;44.723;45.06;45.06;0
2006-04-12;45.052;45.235;45.021;45.04;45.04;0
2006-04-13;45.031;45.035;44.982;44.995;44.995;0
2006-04-16;44.992;45.038;44.977;45.028;45.028;0
2006-04-17;45.032;45.2;45.02;45.047;45.047;0
2006-04-18;45.015;45.127;44.945;45.1;45.1;0
2006-04-19;45.091;45.107;44.995;45.1;45.1;0
2006-04-20;45.088;45.099;44.974;45.001;45.001;0
2006-04-23;44.995;45.037;44.815;44.827;44.827;0
2006-04-24;44.831;45.032;44.706;44.82;44.82;0
2006-04-25;44.815;45.07;44.802;45.02;45.02;0
2006-04-26;45.016;45.016;44.78;44.8;44.8;0
2006-04-27;44.786;44.954;44.783;44.901;44.901;0
2006-04-30;44.805;44.805;44.735;44.76;44.76;0
2006-05-01;44.748;44.854;44.744;44.8;44.8;0
2006-05-02;44.787;44.828;44.765;44.8;44.8;0
2006-05-03;44.789;44.92;44.745;44.89;44.89;0
2006-05-04;44.887;44.896;44.762;44.77;44.77;0
2006-05-07;44.785;44.818;44.741;44.76;44.76;0
2006-05-08;44.756;44.886;44.746;44.771;44.771;0
2006-05-09;44.769;44.875;44.762;44.811;44.811;0
2006-05-10;44.98;45.035;44.802;44.82;44.82;0
2006-05-11;44.812;45.002;44.802;44.825;44.825;0
2006-05-14;45.1;45.47;45.1;45.248;45.248;0
2006-05-15;45.26;45.555;44.995;44.995;44.995;0
2006-05-16;45.52;45.52;44.625;44.625;44.625;0
2006-05-17;45.415;45.425;45.255;45.4;45.4;0
2006-05-18;45.389;45.525;45.295;45.295;45.295;0
2006-05-21;45.354;45.675;45.28;45.29;45.29;0
2006-05-22;45.291;45.475;45.284;45.38;45.38;0
2006-05-23;45.36;45.685;45.353;45.68;45.68;0
2006-05-24;45.671;45.785;45.664;45.769;45.769;0
2006-05-25;45.765;45.817;45.755;45.755;45.755;0
2006-05-28;45.897;46.027;45.877;45.99;45.99;0
2006-05-29;46;46.165;45.979;46.08;46.08;0
2006-05-30;46.064;46.414;46.062;46.16;46.16;0
2006-05-31;46.149;46.285;46.099;46.12;46.12;0
2006-06-01;46.107;46.119;45.58;45.594;45.594;0
2006-06-04;45.583;45.758;45.583;45.68;45.68;0
2006-06-05;45.665;45.875;45.661;45.85;45.85;0
2006-06-06;45.838;45.91;45.719;45.73;45.73;0
2006-06-07;45.972;46.015;45.738;45.76;45.76;0
2006-06-08;45.75;45.904;45.742;45.86;45.86;0
2006-06-11;45.805;45.839;45.745;45.82;45.82;0
2006-06-12;45.808;45.985;45.803;45.94;45.94;0
2006-06-13;45.932;45.94;45.755;45.82;45.82;0
2006-06-14;45.804;45.893;45.765;45.81;45.81;0
2006-06-15;45.86;45.864;45.785;45.849;45.849;0
2006-06-18;45.848;45.851;45.755;45.82;45.82;0
2006-06-19;45.809;45.88;45.802;45.86;45.86;0
2006-06-20;45.847;45.89;45.819;45.84;45.84;0
2006-06-21;45.832;46.035;45.824;45.92;45.92;0
2006-06-22;45.91;46.135;45.904;45.945;45.945;0
2006-06-25;45.934;46.315;45.925;46.254;46.254;0
2006-06-26;46.26;46.303;46.18;46.26;46.26;0
2006-06-27;46.248;46.357;46.225;46.3;46.3;0
2006-06-28;46.289;46.295;46.175;46.26;46.26;0
2006-06-29;46.256;46.257;45.805;45.805;45.805;0
2006-07-02;45.872;46.005;45.855;45.94;45.94;0
2006-07-03;45.934;45.96;45.855;45.9;45.9;0
2006-07-04;45.891;46;45.847;45.95;45.95;0
2006-07-05;45.942;46.09;45.924;45.94;45.94;0
2006-07-06;45.932;46.055;45.785;45.785;45.785;0
2006-07-09;45.851;46.075;45.842;46;46;0
2006-07-10;45.989;46.14;45.985;46.14;46.14;0
2006-07-11;46.129;46.165;46.003;46.02;46.02;0
2006-07-12;46.01;46.26;46.002;46.22;46.22;0
2006-07-13;46.21;46.391;46.203;46.327;46.327;0
2006-07-16;46.329;46.685;46.324;46.58;46.58;0
2006-07-17;46.567;46.688;46.541;46.56;46.56;0
2006-07-18;46.551;46.925;46.543;46.8;46.8;0
2006-07-19;46.787;46.798;46.675;46.76;46.76;0
2006-07-20;46.685;46.766;46.563;46.585;46.585;0
2006-07-23;46.569;46.905;46.562;46.848;46.848;0
2006-07-24;46.851;46.866;46.694;46.72;46.72;0
2006-07-25;46.71;46.785;46.661;46.68;46.68;0
2006-07-26;46.669;46.679;46.455;46.54;46.54;0
2006-07-27;46.531;46.619;46.465;46.465;46.465;0
2006-07-30;46.59;46.596;46.399;46.42;46.42;0
2006-07-31;46.407;46.591;46.399;46.44;46.44;0
2006-08-01;46.428;46.615;46.425;46.5;46.5;0
2006-08-02;46.512;46.679;46.415;46.428;46.428;0
2006-08-03;46.43;46.565;46.418;46.432;46.432;0
2006-08-06;46.431;46.518;46.385;46.5;46.5;0
2006-08-07;46.491;46.522;46.355;46.4;46.4;0
2006-08-08;46.395;46.47;46.335;46.4;46.4;0
2006-08-09;46.393;46.398;46.255;46.312;46.312;0
2006-08-10;46.32;46.475;46.303;46.425;46.425;0
2006-08-13;46.425;46.545;46.425;46.488;46.488;0
2006-08-14;46.5;46.5;46.315;46.44;46.44;0
2006-08-15;46.422;46.52;46.41;46.468;46.468;0
2006-08-16;46.48;46.48;46.28;46.293;46.293;0
2006-08-17;46.3;46.42;46.285;46.392;46.392;0
2006-08-20;46.389;46.399;46.34;46.389;46.389;0
2006-08-21;46.4;46.465;46.368;46.389;46.389;0
2006-08-22;46.4;46.506;46.376;46.392;46.392;0
2006-08-23;46.4;46.475;46.355;46.448;46.448;0
2006-08-24;46.46;46.53;46.415;46.448;46.448;0
2006-08-27;46.46;46.498;46.405;46.49;46.49;0
2006-08-28;46.5;46.5;46.378;46.394;46.394;0
2006-08-29;46.4;46.443;46.283;46.288;46.288;0
2006-08-30;46.3;46.491;46.284;46.476;46.476;0
2006-08-31;46.48;46.487;46.415;46.508;46.508;0
2006-09-03;46.315;46.385;46.237;46.252;46.252;0
2006-09-04;46.26;46.26;46.085;46.153;46.153;0
2006-09-05;46.16;46.162;46.005;46.049;46.049;0
2006-09-06;46.06;46.135;45.985;46.052;46.052;0
2006-09-07;46.06;46.165;46.041;46.152;46.152;0
2006-09-10;46.16;46.23;45.995;46.153;46.153;0
2006-09-11;46.16;46.279;46.125;46.184;46.184;0
2006-09-12;46.2;46.2;46.004;46.004;46.004;0
2006-09-13;46.015;46.095;45.904;45.914;45.914;0
2006-09-14;45.92;46.083;45.904;46.049;46.049;0
2006-09-17;46.047;46.065;46.02;46.048;46.048;0
2006-09-18;46.06;46.06;45.945;46.03;46.03;0
2006-09-19;46.031;46.044;45.89;46.031;46.031;0
2006-09-20;46.04;46.04;45.755;45.789;45.789;0
2006-09-21;45.8;45.915;45.71;45.821;45.821;0
2006-09-24;45.74;45.875;45.724;45.793;45.793;0
2006-09-25;45.8;45.902;45.765;45.891;45.891;0
2006-09-26;45.9;45.9;45.705;45.831;45.831;0
2006-09-27;45.84;45.865;45.795;45.828;45.828;0
2006-09-28;45.84;45.9;45.694;45.715;45.715;0
2006-10-01;45.78;45.782;45.701;45.714;45.714;0
2006-10-02;45.72;45.722;45.703;45.716;45.716;0
2006-10-03;45.72;45.72;45.575;45.632;45.632;0
2006-10-04;45.64;45.645;45.515;45.594;45.594;0
2006-10-05;45.6;45.6;45.435;45.488;45.488;0
2006-10-08;45.509;45.665;45.507;45.629;45.629;0
2006-10-09;45.64;45.733;45.605;45.67;45.67;0
2006-10-10;45.68;45.702;45.485;45.552;45.552;0
2006-10-11;45.56;45.56;45.465;45.514;45.514;0
2006-10-12;45.52;45.521;45.245;45.245;45.245;0
2006-10-15;45.297;45.397;45.286;45.354;45.354;0
2006-10-16;45.36;45.36;45.124;45.133;45.133;0
2006-10-17;45.14;45.29;45.126;45.211;45.211;0
2006-10-18;45.22;45.295;45.165;45.206;45.206;0
2006-10-19;45.22;45.29;45.185;45.234;45.234;0
2006-10-22;45.229;45.355;45.226;45.329;45.329;0
2006-10-23;45.34;45.34;45.125;45.153;45.153;0
2006-10-24;45.16;45.305;45.145;45.29;45.29;0
2006-10-25;45.3;45.302;45.125;45.17;45.17;0
2006-10-26;45.18;45.18;44.986;45.005;45.005;0
2006-10-30;45;45.019;44.825;44.829;44.829;0
2006-10-31;44.84;44.975;44.824;44.835;44.835;0
2006-11-01;44.84;44.88;44.701;44.712;44.712;0
2006-11-02;44.72;44.88;44.707;44.819;44.819;0
2006-11-03;44.82;44.828;44.742;44.801;44.801;0
2006-11-06;44.814;44.832;44.745;44.811;44.811;0
2006-11-07;44.82;44.821;44.66;44.756;44.756;0
2006-11-08;44.76;44.76;44.545;44.614;44.614;0
2006-11-09;44.62;44.62;44.395;44.454;44.454;0
2006-11-10;44.395;44.638;44.395;44.611;44.611;0
2006-11-13;44.612;44.875;44.605;44.802;44.802;0
2006-11-14;44.82;45.135;44.805;45.09;45.09;0
2006-11-15;45.1;45.28;45.088;45.193;45.193;0
2006-11-16;45.2;45.2;44.755;44.77;44.77;0
2006-11-17;44.78;44.9;44.755;44.773;44.773;0
2006-11-20;44.78;45.005;44.768;44.935;44.935;0
2006-11-21;44.94;45.035;44.705;44.898;44.898;0
2006-11-22;44.9;44.9;44.555;44.574;44.574;0
2006-11-23;44.9;44.9;44.615;44.632;44.632;0
2006-11-24;44.64;44.815;44.53;44.53;44.53;0
2006-11-27;44.53;44.614;44.5;44.591;44.591;0
2006-11-28;44.6;44.71;44.515;44.599;44.599;0
2006-11-29;44.6;44.71;44.475;44.614;44.614;0
2006-11-30;44.475;44.76;44.475;44.551;44.551;0
2006-12-01;44.56;44.7;44.435;44.435;44.435;0
2006-12-04;44.56;44.635;44.425;44.537;44.537;0
2006-12-05;44.54;44.5675;44.355;44.494;44.494;0
2006-12-06;44.5;44.7325;44.355;44.615;44.615;0
2006-12-07;44.62;44.74;44.455;44.574;44.574;0
2006-12-08;44.58;44.725;44.465;44.465;44.465;0
2006-12-11;44.56;44.825;44.545;44.693;44.693;0
2006-12-12;44.7;44.92;44.635;44.774;44.774;0
2006-12-13;44.635;44.875;44.615;44.734;44.734;0
2006-12-14;44.74;44.815;44.495;44.672;44.672;0
2006-12-15;44.68;44.72;44.467;44.475;44.475;0
2006-12-18;44.494;44.785;44.488;44.716;44.716;0
2006-12-19;44.72;44.87;44.591;44.691;44.691;0
2006-12-20;44.7;44.74;44.535;44.673;44.673;0
2006-12-21;44.68;44.74;44.445;44.531;44.531;0
2006-12-22;44.54;44.62;44.305;44.305;44.305;0
2006-12-25;44.305;44.305;44.305;44.305;44.305;0
2006-12-26;44.59;44.59;44.465;44.305;44.305;0
2006-12-27;44.531;44.536;44.135;44.26;44.26;0
2006-12-28;44.25;44.36;44.075;44.277;44.277;0
2006-12-29;44.28;44.325;44.04;44.04;44.04;0
2007-01-01;44.22;44.224;44.04;44.215;44.215;0
2007-01-02;44.212;44.22;44.075;44.122;44.122;0
2007-01-03;44.12;44.41;44.086;44.111;44.111;0
2007-01-04;44.12;44.48;44.095;44.095;44.095;0
2007-01-05;44.095;44.33;44.095;44.14;44.14;0
2007-01-08;44.365;44.5;44.255;44.255;44.255;0
2007-01-09;44.255;44.485;44.21;44.21;44.21;0
2007-01-10;44.32;44.55;44.32;44.375;44.375;0
2007-01-11;44.42;44.5925;44.42;44.425;44.425;0
2007-01-12;44.42;44.62;44.23;44.255;44.255;0
2007-01-15;44.35;44.385;44.135;44.135;44.135;0
2007-01-16;44.135;44.34;44.125;44.125;44.125;0
2007-01-17;44.125;44.285;44.025;44.025;44.025;0
2007-01-18;44.2;44.3375;44.085;44.085;44.085;0
2007-01-19;44.085;44.3475;44.085;44.085;44.085;0
2007-01-22;44.085;44.295;44.045;44.045;44.045;0
2007-01-23;44.045;44.2525;44.045;44.075;44.075;0
2007-01-24;44.075;44.28;44.075;44.085;44.085;0
2007-01-25;44.085;44.255;44.085;44.085;44.085;0
2007-01-26;44.18;44.2;44.015;44.015;44.015;0
2007-01-29;44.015;44.3275;44.015;44.07;44.07;0
2007-01-30;44.07;44.14;43.965;43.975;43.975;0
2007-01-31;43.98;44.185;43.975;44.005;44.005;0
2007-02-01;44;44.1325;43.945;43.945;43.945;0
2007-02-02;43.945;44.145;43.92;43.935;43.935;0
2007-02-05;43.935;44.14;43.935;43.965;43.965;0
2007-02-06;43.965;44.13;43.965;44.054;44.054;0
2007-02-07;43.965;44.12;43.95;44.014;44.014;0
2007-02-08;43.95;44.135;43.935;44.052;44.052;0
2007-02-09;44.06;44.12;43.117;43.865;43.865;0
2007-02-12;43.971;44.1875;43.94;44.074;44.074;0
2007-02-13;44.074;44.205;43.946;43.961;43.961;0
2007-02-14;43.952;44.1975;43.864;43.874;43.874;0
2007-02-15;43.877;44.1025;43.845;44.015;44.015;0
2007-02-16;43.845;44.021;43.805;43.805;43.805;0
2007-02-19;43.993;44.1275;43.915;43.992;43.992;0
2007-02-20;43.915;44.19;43.915;44.117;44.117;0
2007-02-21;44.12;44.2075;43.985;44.078;44.078;0
2007-02-22;43.935;44.28;43.935;44.171;44.171;0
2007-02-23;43.985;44.2825;43.985;44.015;44.015;0
2007-02-26;44.19;44.2;43.975;44.098;44.098;0
2007-02-27;44.1;44.2275;43.995;44.114;44.114;0
2007-02-28;44.12;44.345;43.959;44.016;44.016;0
2007-03-01;44.02;44.29;44.007;44.196;44.196;0
2007-03-02;44.01;44.315;44.01;44.035;44.035;0
2007-03-05;44.498;44.65;44.218;44.514;44.514;0
2007-03-06;44.52;44.57;44.091;44.112;44.112;0
2007-03-07;44.115;44.56;44.115;44.435;44.435;0
2007-03-08;44.44;44.5475;44.096;44.113;44.113;0
2007-03-09;44.125;44.35;44.005;44.01;44.01;0
2007-03-12;43.855;44.245;43.855;44.053;44.053;0
2007-03-13;44.06;44.24;44.003;44.015;44.015;0
2007-03-14;44.014;44.3525;44.006;44.232;44.232;0
2007-03-15;44.24;44.24;44.124;44.152;44.152;0
2007-03-16;44.16;44.18;43.89;43.89;43.89;0
2007-03-19;44.033;44.04;43.91;44.02;44.02;0
2007-03-20;44.02;44.02;43.447;43.454;43.454;0
2007-03-21;43.46;43.575;43.215;43.442;43.442;0
2007-03-22;43.45;43.685;43.424;43.434;43.434;0
2007-03-23;43.455;43.705;43.284;43.305;43.305;0
2007-03-25;43.292;43.48;43.143;43.155;43.155;0
2007-03-26;43.152;43.22;42.98;43.053;43.053;0
2007-03-27;43.054;43.185;42.75;43.09;43.09;0
2007-03-28;43.089;43.735;42.71;43.575;43.575;0
2007-03-29;43.58;43.5825;43.045;43.045;43.045;0
2007-04-01;43.2;43.215;42.98;43.174;43.174;0
2007-04-02;43.18;43.235;42.75;43.012;43.012;0
2007-04-03;43.02;43.06;42.77;42.808;42.808;0
2007-04-04;42.82;43.18;42.686;42.696;42.696;0
2007-04-05;42.695;42.7;42.681;42.695;42.695;0
2007-04-08;42.8475;43.015;42.65;42.872;42.872;0
2007-04-09;42.88;42.95;42.587;42.594;42.594;0
2007-04-10;42.6;42.9;42.586;42.613;42.613;0
2007-04-11;42.62;42.9075;42.547;42.552;42.552;0
2007-04-12;42.56;42.805;42.365;42.365;42.365;0
2007-04-15;42.365;42.52;41.68;41.775;41.775;0
2007-04-16;41.78;41.915;41.587;41.853;41.853;0
2007-04-17;41.86;42.035;41.78;41.835;41.835;0
2007-04-18;41.84;42.185;41.826;42.075;42.075;0
2007-04-19;42.08;42.08;41.505;41.52;41.52;0
2007-04-22;41.665;41.7325;41.42;41.58;41.58;0
2007-04-23;41.573;41.63;40.685;41.013;41.013;0
2007-04-24;41.014;41.03;40.6;40.854;40.854;0
2007-04-25;40.515;40.9;40.485;40.729;40.729;0
2007-04-26;40.733;41.081;40.725;40.725;40.725;0
2007-04-29;41.35;41.43;40.963;40.969;40.969;0
2007-04-30;40.98;41.124;40.967;41.114;41.114;0
2007-05-01;41.114;41.145;40.964;40.976;40.976;0
2007-05-02;40.98;41.24;40.923;40.933;40.933;0
2007-05-03;40.94;40.945;40.515;40.515;40.515;0
2007-05-06;40.671;40.865;40.5;40.7;40.7;0
2007-05-07;40.695;40.8175;40.569;40.691;40.691;0
2007-05-08;40.7;40.965;40.603;40.614;40.614;0
2007-05-09;40.62;41.23;40.608;41.216;41.216;0
2007-05-10;41.22;41.415;40.675;40.675;40.675;0
2007-05-13;41.0375;41.0375;40.647;40.655;40.655;0
2007-05-14;40.66;40.92;40.575;40.88;40.88;0
2007-05-15;40.876;40.89;40.525;40.758;40.758;0
2007-05-16;40.76;40.835;40.525;40.53;40.53;0
2007-05-17;40.54;40.91;40.287;40.305;40.305;0
2007-05-20;40.295;40.665;40.29;40.535;40.535;0
2007-05-21;40.54;40.6225;40.075;40.542;40.542;0
2007-05-22;40.55;40.6;40.188;40.49;40.49;0
2007-05-23;40.5;40.6;40.19;40.495;40.495;0
2007-05-24;40.5;40.6225;40.215;40.215;40.215;0
2007-05-27;40.512;40.56;40.44;40.514;40.514;0
2007-05-28;40.52;40.52;40.125;40.369;40.369;0
2007-05-29;40.38;40.81;40.369;40.529;40.529;0
2007-05-30;40.54;40.775;40.292;40.546;40.546;0
2007-05-31;40.55;40.565;40.175;40.215;40.215;0
2007-06-03;40.5;40.5375;40.124;40.135;40.135;0
2007-06-04;40.14;40.57;40.13;40.16;40.16;0
2007-06-05;40.153;40.705;40.15;40.493;40.493;0
2007-06-06;40.5;40.715;40.35;40.452;40.452;0
2007-06-07;40.9;41.13;40.747;40.76;40.76;0
2007-06-10;40.99;40.9975;40.49;40.509;40.509;0
2007-06-11;40.52;40.765;40.42;40.57;40.57;0
2007-06-12;40.58;41.065;40.547;40.552;40.552;0
2007-06-13;40.56;40.945;40.546;40.557;40.557;0
2007-06-14;40.553;40.9875;40.46;40.46;40.46;0
2007-06-17;40.52;40.77;40.426;40.437;40.437;0
2007-06-18;40.44;40.77;40.429;40.654;40.654;0
2007-06-19;40.66;40.845;40.468;40.48;40.48;0
2007-06-20;40.473;40.78;40.468;40.534;40.534;0
2007-06-21;40.54;40.7425;40.495;40.495;40.495;0
2007-06-24;40.68;40.87;40.648;40.653;40.653;0
2007-06-25;40.656;40.995;40.65;40.753;40.753;0
2007-06-26;40.76;41.0475;40.748;40.818;40.818;0
2007-06-27;40.82;40.925;40.625;40.714;40.714;0
2007-06-28;40.72;40.775;40.525;40.53;40.53;0
2007-07-01;40.62;40.67;40.365;40.532;40.532;0
2007-07-02;40.54;40.575;40.345;40.355;40.355;0
2007-07-03;40.36;40.575;40.349;40.413;40.413;0
2007-07-04;40.42;40.48;40.27;40.395;40.395;0
2007-07-05;40.4;40.48;40.229;40.31;40.31;0
2007-07-08;40.4;40.4325;40.2;40.229;40.229;0
2007-07-09;40.24;40.41;40.128;40.175;40.175;0
2007-07-10;40.18;40.415;40.17;40.31;40.31;0
2007-07-11;40.32;40.632;40.215;40.454;40.454;0
2007-07-12;40.215;40.49;40.189;40.2;40.2;0
2007-07-15;40.405;40.4075;40.168;40.174;40.174;0
2007-07-16;40.18;40.37;40.17;40.293;40.293;0
2007-07-17;40.3;40.445;40.175;40.333;40.333;0
2007-07-18;40.34;40.435;40.183;40.194;40.194;0
2007-07-19;40.2;40.33;40.125;40.125;40.125;0
2007-07-22;40.34;40.36;40.048;40.051;40.051;0
2007-07-23;40.06;40.27;40.046;40.217;40.217;0
2007-07-24;40.22;40.34;40.165;40.232;40.232;0
2007-07-25;40.24;40.35;40.165;40.176;40.176;0
2007-07-26;40.18;40.535;40.168;40.32;40.32;0
2007-07-29;40.5725;40.575;40.215;40.454;40.454;0
2007-07-30;40.46;40.465;40.165;40.398;40.398;0
2007-07-31;40.4;40.545;40.115;40.373;40.373;0
2007-08-01;40.38;40.4675;40.147;40.149;40.149;0
2007-08-02;40.16;40.37;40.148;40.195;40.195;0
2007-08-05;40.26;40.48;40.187;40.189;40.189;0
2007-08-06;40.2;40.38;40.188;40.337;40.337;0
2007-08-07;40.34;40.695;40.2;40.232;40.232;0
2007-08-08;40.24;40.505;40.23;40.435;40.435;0
2007-08-09;40.44;40.6475;40.34;40.4;40.4;0
2007-08-12;40.513;40.6275;40.345;40.35;40.35;0
2007-08-13;40.36;40.7275;40.343;40.655;40.655;0
2007-08-14;40.652;40.904;40.49;40.877;40.877;0
2007-08-15;40.89;41.165;40.879;41.093;41.093;0
2007-08-16;41.1;41.615;40.98;40.985;40.985;0
2007-08-19;40.992;41.07;40.855;41.02;41.02;0
2007-08-20;41.02;41.18;40.945;40.96;40.96;0
2007-08-21;40.952;40.995;40.715;40.96;40.96;0
2007-08-22;40.956;41.07;40.715;40.775;40.775;0
2007-08-23;40.778;41.17;40.767;40.84;40.84;0
2007-08-26;40.98;40.995;40.85;40.9;40.9;0
2007-08-27;40.892;41.14;40.886;40.893;40.893;0
2007-08-28;40.9;41.3025;40.887;40.896;40.896;0
2007-08-29;40.9;41.13;40.887;40.991;40.991;0
2007-08-30;41;41.045;40.575;40.575;40.575;0
2007-09-02;40.66;40.895;40.615;40.791;40.791;0
2007-09-03;40.8;40.945;40.7;40.715;40.715;0
2007-09-04;40.72;40.935;40.702;40.834;40.834;0
2007-09-05;40.84;40.9475;40.545;40.575;40.575;0
2007-09-06;40.545;40.715;40.34;40.34;40.34;0
2007-09-10;40.42;40.61;40.295;40.354;40.354;0
2007-09-11;40.36;40.495;40.27;40.272;40.272;0
2007-09-12;40.28;40.46;40.269;40.357;40.357;0
2007-09-13;40.36;40.4875;40.285;40.285;40.285;0
2007-09-16;40.43;40.56;40.364;40.377;40.377;0
2007-09-17;40.38;40.6;40.165;40.217;40.217;0
2007-09-18;40.22;40.295;39.945;40.033;40.033;0
2007-09-19;40.04;40.042;39.603;39.615;39.615;0
2007-09-20;39.62;39.89;39.587;39.77;39.77;0
2007-09-23;39.82;39.83;39.428;39.431;39.431;0
2007-09-24;39.44;39.83;39.426;39.66;39.66;0
2007-09-25;39.656;39.705;39.445;39.633;39.633;0
2007-09-26;39.64;39.8;39.545;39.653;39.653;0
2007-09-27;39.66;39.81;39.565;39.575;39.575;0
2007-09-30;39.58;39.765;39.565;39.668;39.668;0
2007-10-01;39.68;39.68;39.546;39.573;39.573;0
2007-10-02;39.58;39.855;39.307;39.32;39.32;0
2007-10-03;39.319;39.5725;39.15;39.216;39.216;0
2007-10-04;39.22;39.515;39.209;39.405;39.405;0
2007-10-07;39.39;39.465;39.335;39.352;39.352;0
2007-10-08;39.36;39.5375;39.142;39.155;39.155;0
2007-10-09;39.16;39.3425;39.029;39.175;39.175;0
2007-10-10;39.18;39.31;39.065;39.236;39.236;0
2007-10-11;39.235;39.37;39.095;39.095;39.095;0
2007-10-14;39.3;39.315;39.225;39.236;39.236;0
2007-10-15;39.24;39.35;39.145;39.155;39.155;0
2007-10-16;39.16;39.825;39.148;39.471;39.471;0
2007-10-17;39.48;39.675;39.365;39.555;39.555;0
2007-10-18;39.56;39.79;39.447;39.45;39.45;0
2007-10-21;39.8925;39.9;39.648;39.652;39.652;0
2007-10-22;39.66;39.72;39.406;39.415;39.415;0
2007-10-23;39.42;39.635;39.309;39.375;39.375;0
2007-10-24;39.38;39.57;39.285;39.473;39.473;0
2007-10-25;39.48;39.565;39.235;39.235;39.235;0
2007-10-29;39.235;39.455;39.2;39.215;39.215;0
2007-10-30;39.214;39.4475;39.206;39.31;39.31;0
2007-10-31;39.32;39.33;39.146;39.174;39.174;0
2007-11-01;39.18;39.325;39.155;39.256;39.256;0
2007-11-02;39.26;39.385;39.195;39.195;39.195;0
2007-11-05;39.233;39.365;39.115;39.256;39.256;0
2007-11-06;39.253;39.295;39.125;39.215;39.215;0
2007-11-07;39.165;39.26;39.114;39.129;39.129;0
2007-11-08;39.095;39.345;39.065;39.249;39.249;0
2007-11-09;39.26;39.261;38.979;39.045;39.045;0
2007-11-12;38.996;39.375;38.988;39.272;39.272;0
2007-11-13;39.28;39.385;39.15;39.353;39.353;0
2007-11-14;39.15;39.34;39.12;39.26;39.26;0
2007-11-15;39.257;39.3;39.115;39.214;39.214;0
2007-11-16;39.22;39.38;39.147;39.175;39.175;0
2007-11-19;39.295;39.3425;39.147;39.155;39.155;0
2007-11-20;39.16;39.37;39.139;39.156;39.156;0
2007-11-21;39.16;39.395;39.147;39.255;39.255;0
2007-11-22;39.26;39.469;39.248;39.455;39.455;0
2007-11-23;39.452;39.63;39.4;39.6;39.6;0
2007-11-27;39.515;39.885;39.515;39.716;39.716;0
2007-11-28;39.625;39.775;39.495;39.631;39.631;0
2007-11-29;39.495;39.7725;39.495;39.573;39.573;0
2007-11-30;39.585;39.725;39.383;39.455;39.455;0
2007-12-03;39.394;39.62;39.325;39.494;39.494;0
2007-12-04;39.325;39.44;39.265;39.352;39.352;0
2007-12-05;39.265;39.48;39.245;39.398;39.398;0
2007-12-06;39.245;39.495;39.245;39.392;39.392;0
2007-12-07;39.335;39.445;39.17;39.36;39.36;0
2007-12-10;39.351;39.415;39.235;39.344;39.344;0
2007-12-11;39.235;39.39;39.235;39.293;39.293;0
2007-12-12;39.24;39.41;39.215;39.294;39.294;0
2007-12-13;39.25;39.38;39.225;39.309;39.309;0
2007-12-14;39.225;39.375;39.225;39.24;39.24;0
2007-12-17;39.365;39.49;39.303;39.373;39.373;0
2007-12-19;39.415;39.6325;39.415;39.49;39.49;0
2007-12-20;39.485;39.59;39.345;39.489;39.489;0
2007-12-21;39.345;39.345;39.223;39.235;39.235;0
2007-12-24;39.47;39.51;39.246;39.252;39.252;0
2007-12-25;39.235;39.235;39.235;39.235;39.235;0
2007-12-26;39.43;39.43;39.375;39.39;39.39;0
2007-12-27;39.425;39.4425;39.186;39.197;39.197;0
2007-12-28;39.195;39.46;39.195;39.245;39.245;0
2007-12-31;39.395;39.42;39.323;39.245;39.245;0
2008-01-01;39.42;39.43;39.38;39.245;39.245;0
2008-01-02;39.4;39.4375;39.325;39.375;39.375;0
2008-01-03;39.325;39.465;39.195;39.353;39.353;0
2008-01-04;39.195;39.35;39.084;39.095;39.095;0
2008-01-07;39.34;39.34;39.085;39.213;39.213;0
2008-01-08;39.085;39.28;39.065;39.196;39.196;0
2008-01-09;39.065;39.305;39.065;39.213;39.213;0
2008-01-10;39.065;39.295;39.065;39.216;39.216;0
2008-01-11;39.25;39.29;39.095;39.095;39.095;0
2008-01-14;39.28;39.29;39.085;39.217;39.217;0
2008-01-15;39.085;39.275;39.085;39.192;39.192;0
2008-01-16;39.19;39.285;39.135;39.171;39.171;0
2008-01-17;39.135;39.335;39.095;39.191;39.191;0
2008-01-18;39.095;39.33;39.084;39.284;39.284;0
2008-01-21;39.34;39.57;39.3;39.476;39.476;0
2008-01-22;39.305;39.76;39.085;39.31;39.31;0
2008-01-23;39.31;39.58;39.295;39.473;39.473;0
2008-01-24;39.5;39.505;39.295;39.369;39.369;0
2008-01-25;39.305;39.41;39.215;39.275;39.275;0
2008-01-28;39.292;39.465;39.175;39.295;39.295;0
2008-01-29;39.285;39.405;39.201;39.21;39.21;0
2008-01-30;39.225;39.435;39.185;39.347;39.347;0
2008-01-31;39.285;39.435;39.165;39.314;39.314;0
2008-02-01;39.245;39.36;39.065;39.273;39.273;0
2008-02-04;39.33;39.455;39.065;39.272;39.272;0
2008-02-05;39.065;39.56;39.065;39.451;39.451;0
2008-02-06;39.335;39.675;39.335;39.536;39.536;0
2008-02-07;39.425;39.535;39.365;39.459;39.459;0
2008-02-08;39.365;39.725;39.365;39.535;39.535;0
2008-02-11;39.64;39.73;39.524;39.526;39.526;0
2008-02-12;39.535;39.675;39.495;39.575;39.575;0
2008-02-13;39.495;39.88;39.495;39.634;39.634;0
2008-02-14;39.685;39.7025;39.51;39.576;39.576;0
2008-02-15;39.51;39.66;39.51;39.585;39.585;0
2008-02-18;39.67;39.77;39.581;39.636;39.636;0
2008-02-19;39.615;39.925;39.615;39.685;39.685;0
2008-02-20;39.845;40.21;39.845;40.134;40.134;0
2008-02-21;40.045;40.115;39.765;39.915;39.915;0
2008-02-22;39.765;40.02;39.765;39.975;39.975;0
2008-02-25;40;40.075;39.835;39.913;39.913;0
2008-02-26;39.835;39.94;39.798;39.815;39.815;0
2008-02-27;39.805;39.815;39.615;39.69;39.69;0
2008-02-28;39.615;39.8825;39.615;39.816;39.816;0
2008-02-29;39.715;39.98;39.715;39.91;39.91;0
2008-03-03;40.17;40.33;40.16;40.254;40.254;0
2008-03-04;40.28;40.36;40.145;40.209;40.209;0
2008-03-05;40.205;40.35;40.125;40.174;40.174;0
2008-03-06;40.135;40.161;39.99;40.044;40.044;0
2008-03-07;40.065;40.63;40.065;40.239;40.239;0
2008-03-10;40.56;40.7;40.305;40.314;40.314;0
2008-03-11;40.325;40.575;40.161;40.175;40.175;0
2008-03-12;40.175;40.405;39.955;39.979;39.979;0
2008-03-13;39.955;40.58;39.955;40.124;40.124;0
2008-03-14;40.365;40.55;39.87;40.075;40.075;0
2008-03-17;40.76;40.81;40.32;40.374;40.374;0
2008-03-18;40.395;40.6725;40.104;40.154;40.154;0
2008-03-19;40.135;40.51;40.115;40.133;40.133;0
2008-03-20;40.155;40.455;40.155;40.275;40.275;0
2008-03-21;40.185;40.185;40.185;40.185;40.185;0
2008-03-24;40.37;40.405;40.185;40.185;40.185;0
2008-03-25;40.18;40.18;39.865;40.052;40.052;0
2008-03-26;39.865;40.16;39.865;40.057;40.057;0
2008-03-27;40.055;40.17;39.821;39.945;39.945;0
2008-03-28;39.985;40.12;39.615;39.615;39.615;0
2008-03-30;39.835;40.07;39.8;39.889;39.889;0
2008-04-01;39.82;40.015;39.815;39.92;39.92;0
2008-04-02;39.815;40.0075;39.815;39.884;39.884;0
2008-04-03;39.875;40.03;39.761;39.805;39.805;0
2008-04-06;39.915;39.97;39.841;39.873;39.873;0
2008-04-07;39.895;40.0275;39.824;39.829;39.829;0
2008-04-08;39.835;40.0375;39.804;39.817;39.817;0
2008-04-09;39.85;39.97;39.785;39.89;39.89;0
2008-04-10;39.825;39.95;39.775;39.775;39.775;0
2008-04-13;39.875;39.895;39.795;39.869;39.869;0
2008-04-14;39.795;39.98;39.775;39.864;39.864;0
2008-04-15;39.775;39.9725;39.765;39.829;39.829;0
2008-04-16;39.825;39.94;39.72;39.872;39.872;0
2008-04-17;39.72;39.845;39.647;39.654;39.654;0
2008-04-20;39.86;39.908;39.735;39.817;39.817;0
2008-04-21;39.87;39.955;39.806;39.828;39.828;0
2008-04-22;39.875;40.015;39.835;39.86;39.86;0
2008-04-23;39.885;40.165;39.885;40.035;40.035;0
2008-04-24;40.08;40.24;39.98;40.065;40.065;0
2008-04-27;40.135;40.19;40;40.031;40.031;0
2008-04-28;40;40.445;40;40.3;40.3;0
2008-04-29;40.31;40.565;40.31;40.386;40.386;0
2008-05-01;40.51;40.715;40.485;40.485;40.485;0
2008-05-04;40.63;40.645;40.435;40.52;40.52;0
2008-05-05;40.52;40.94;40.52;40.673;40.673;0
2008-05-06;41.04;41.36;41.04;41.316;41.316;0
2008-05-07;41.24;41.74;41.24;41.7;41.7;0
2008-05-08;41.605;41.69;41.264;41.412;41.412;0
2008-05-11;41.6;42.02;41.583;41.831;41.831;0
2008-05-12;41.98;42.19;41.964;41.974;41.974;0
2008-05-13;42.015;42.59;42.015;42.365;42.365;0
2008-05-14;42.275;42.7;42.235;42.369;42.369;0
2008-05-15;42.575;42.86;42.366;42.366;42.366;0
2008-05-18;42.185;42.4;42.164;42.351;42.351;0
2008-05-19;42.4;42.71;42.4;42.611;42.611;0
2008-05-20;42.435;42.85;42.435;42.62;42.62;0
2008-05-21;42.72;43.17;42.72;43.078;43.078;0
2008-05-22;42.88;42.88;42.495;42.61;42.61;0
2008-05-25;42.75;42.76;42.46;42.545;42.545;0
2008-05-26;42.545;42.95;42.545;42.811;42.811;0
2008-05-27;42.795;42.86;42.555;42.772;42.772;0
2008-05-28;42.7;42.865;42.465;42.676;42.676;0
2008-05-29;42.465;42.6;42.38;42.531;42.531;0
2008-06-01;42.085;42.385;42.085;42.19;42.19;0
2008-06-02;42.32;42.635;42.228;42.242;42.242;0
2008-06-03;42.435;42.77;42.435;42.512;42.512;0
2008-06-04;42.535;42.915;42.535;42.793;42.793;0
2008-06-05;42.76;42.8;42.545;42.716;42.716;0
2008-06-08;42.845;42.91;42.685;42.809;42.809;0
2008-06-09;42.795;42.95;42.795;42.83;42.83;0
2008-06-10;42.855;42.935;42.583;42.593;42.593;0
2008-06-11;42.59;42.865;42.59;42.749;42.749;0
2008-06-12;42.635;42.935;42.635;42.831;42.831;0
2008-06-15;42.88;42.945;42.805;42.814;42.814;0
2008-06-16;42.88;42.915;42.703;42.712;42.712;0
2008-06-17;42.81;42.9;42.725;42.842;42.842;0
2008-06-18;42.74;42.9675;42.74;42.854;42.854;0
2008-06-19;42.85;42.97;42.8;42.8;42.8;0
2008-06-22;42.96;42.97;42.785;42.895;42.895;0
2008-06-23;42.795;42.96;42.685;42.848;42.848;0
2008-06-24;42.685;42.92;42.56;42.689;42.689;0
2008-06-25;42.56;42.73;42.525;42.652;42.652;0
2008-06-26;42.54;42.86;42.54;42.715;42.715;0
2008-06-29;42.915;43.02;42.839;42.852;42.852;0
2008-07-01;43.165;43.3625;43.08;43.114;43.114;0
2008-07-02;42.995;43.33;42.955;43.197;43.197;0
2008-07-03;42.955;43.26;42.955;43.085;43.085;0
2008-07-06;43.12;43.3;43.045;43.151;43.151;0
2008-07-07;43.115;43.39;43.115;43.292;43.292;0
2008-07-08;43.18;43.18;43.035;43.073;43.073;0
2008-07-09;42.955;43.19;42.937;43.092;43.092;0
2008-07-10;42.885;42.885;42.647;42.832;42.832;0
2008-07-13;42.865;42.89;42.666;42.677;42.677;0
2008-07-14;42.74;43.205;42.74;43.111;43.111;0
2008-07-15;43.055;43.12;42.895;43.092;43.092;0
2008-07-16;43;43;42.635;42.731;42.731;0
2008-07-17;42.635;42.84;42.585;42.716;42.716;0
2008-07-20;42.78;42.78;42.505;42.653;42.653;0
2008-07-21;42.505;42.825;42.505;42.653;42.653;0
2008-07-22;42.67;42.67;41.925;41.997;41.997;0
2008-07-23;41.99;42.15;41.795;41.996;41.996;0
2008-07-24;42.035;42.3;42.035;42.278;42.278;0
2008-07-27;42.3;42.52;42.185;42.192;42.192;0
2008-07-28;42.465;42.735;42.465;42.516;42.516;0
2008-07-29;42.495;42.56;42.215;42.411;42.411;0
2008-07-30;42.215;42.56;42.215;42.434;42.434;0
2008-08-25;43.955;44.0625;43.65;43.675;43.675;0
2008-08-26;43.675;43.9;43.43;43.654;43.654;0
2008-08-27;43.56;43.77;43.56;43.65;43.65;0
2008-08-28;43.645;43.91;43.625;43.625;43.625;0
2008-08-31;43.93;44.205;43.93;43.974;43.974;0
2008-09-01;44.101;44.49;44.101;44.257;44.257;0
2008-09-02;44.265;44.265;43.87;43.893;43.893;0
2008-09-03;43.895;44.51;43.895;44.388;44.388;0
2008-09-04;44.205;44.64;44.205;44.573;44.573;0
2008-09-07;44.573;44.59;44.13;44.176;44.176;0
2008-09-08;44.425;44.91;44.425;44.786;44.786;0
2008-09-09;44.665;45.135;44.665;45.059;45.059;0
2008-09-10;44.99;45.55;44.99;45.39;45.39;0
2008-09-11;45.395;45.745;45.395;45.611;45.611;0
2008-09-14;45.56;46.04;45.56;45.83;45.83;0
2008-09-15;45.933;46.948;45.933;46.69;46.69;0
2008-09-16;46.828;46.828;46.06;46.087;46.087;0
2008-09-17;46.163;46.75;46.163;46.529;46.529;0
2008-09-18;46.355;46.37;45.243;45.705;45.705;0
2008-09-21;45.56;45.56;45.222;45.244;45.244;0
2008-09-22;45.3;45.925;45.3;45.772;45.772;0
2008-09-23;45.66;46.07;45.66;45.895;45.895;0
2008-09-24;45.925;46.275;45.925;46.17;46.17;0
2008-09-25;46.098;46.571;46.098;46.498;46.498;0
2008-09-28;46.498;47.033;46.493;46.493;46.493;0
2008-09-29;46.493;46.95;46.453;46.601;46.601;0
2008-09-30;46.468;47.165;46.468;46.567;46.567;0
2008-10-01;46.473;46.76;46.148;46.399;46.399;0
2008-10-02;46.213;47.09;46.213;46.973;46.973;0
2008-10-05;46.973;47.82;46.973;47.565;47.565;0
2008-10-06;47.783;48.138;47.66;47.718;47.718;0
2008-10-07;47.793;48.788;47.793;47.95;47.95;0
2008-10-08;47.845;47.95;47.457;47.588;47.588;0
2008-10-09;47.563;49.12;47.563;48.423;48.423;0
2008-10-12;48.46;48.46;48.003;48.136;48.136;0
2008-10-13;48.103;48.103;47.578;47.998;47.998;0
2008-10-14;47.933;48.58;47.933;48.405;48.405;0
2008-10-15;48.373;48.99;48.373;48.653;48.653;0
2008-10-16;48.675;48.9;48.577;48.823;48.823;0
2008-10-19;48.823;49.02;48.66;48.694;48.694;0
2008-10-20;48.963;49.133;48.848;48.897;48.897;0
2008-10-21;49.003;49.49;49.003;49.208;49.208;0
2008-10-22;49.245;49.82;49.245;49.585;49.585;0
2008-10-23;49.665;49.995;49.665;49.755;49.755;0
2008-10-27;49.98;50.255;49.678;49.72;49.72;0
2008-10-28;49.745;49.915;49.128;49.166;49.166;0
2008-10-29;49.565;49.855;49.391;49.481;49.481;0
2008-10-30;49.365;49.491;48.483;49.371;49.371;0
2008-10-31;49.203;49.478;49.13;49.403;49.403;0
2008-11-03;49.403;49.403;48.343;48.373;48.373;0
2008-11-04;48.633;48.915;47.33;47.654;47.654;0
2008-11-05;47.26;47.5;46.85;47.229;47.229;0
2008-11-06;47.275;47.89;47.275;47.476;47.476;0
2008-11-07;47.668;48.006;47.5;47.555;47.555;0
2008-11-10;47.555;47.555;47.215;47.292;47.292;0
2008-11-11;47.303;48.123;47.303;47.889;47.889;0
2008-11-12;47.943;49.383;47.943;49.285;49.285;0
2008-11-13;49.218;49.218;48.703;48.995;48.995;0
2008-11-14;49.003;49.4525;48.562;48.783;48.783;0
2008-11-17;48.985;49.353;48.762;48.786;48.786;0
2008-11-18;49.193;49.76;49.193;49.582;49.582;0
2008-11-19;49.528;50.008;49.528;49.652;49.652;0
2008-11-20;49.853;50.614;49.853;50.401;50.401;0
2008-11-21;50.138;50.37;49.548;49.548;49.548;0
2008-11-24;50.045;50.233;49.548;49.794;49.794;0
2008-11-25;49.958;50.108;49.549;49.583;49.583;0
2008-11-26;49.888;49.98;49.113;49.289;49.289;0
2008-11-27;49.198;49.318;48.798;48.994;48.994;0
2008-11-28;48.798;50.203;48.798;49.87;49.87;0
2008-12-01;50.12;50.338;49.951;50.188;50.188;0
2008-12-02;49.978;50.558;49.978;50.091;50.091;0
2008-12-03;50.068;50.083;49.8;49.848;49.848;0
2008-12-04;49.938;49.938;49.54;49.576;49.576;0
2008-12-05;49.863;49.863;49.423;49.563;49.563;0
2008-12-08;49.23;49.573;49.17;49.421;49.421;0
2008-12-09;49.443;49.443;48.858;48.892;48.892;0
2008-12-10;49.303;49.303;48.588;48.973;48.973;0
2008-12-11;48.718;48.75;47.938;48.39;48.39;0
2008-12-12;48.208;48.94;48.19;48.233;48.233;0
2008-12-15;48.233;48.233;47.45;47.487;47.487;0
2008-12-16;47.638;47.91;47.538;47.768;47.768;0
2008-12-17;47.838;47.838;47.177;47.571;47.571;0
2008-12-18;47.543;47.543;46.587;46.647;46.647;0
2008-12-19;46.768;47.323;46.768;47.038;47.038;0
2008-12-22;47.27;48.038;47.27;47.933;47.933;0
2008-12-23;47.713;48.943;47.713;48.63;48.63;0
2008-12-24;48.683;49.1;47.74;48.072;48.072;0
2008-12-25;48.683;48.683;48.683;48.683;48.683;0
2008-12-26;48.07;48.683;47.72;48.683;48.683;0
2008-12-29;48.2;48.81;47.97;48.017;48.017;0
2008-12-30;48.283;48.61;48.06;48.45;48.45;0
2008-12-31;48.065;48.601;48.065;48.065;48.065;0
2009-01-01;48.065;48.825;48.065;48.065;48.065;0
2009-01-02;48.065;49.075;48.065;48.245;48.245;0
2009-01-05;48.8;48.8;48.196;48.229;48.229;0
2009-01-06;48.5;48.76;48.45;48.505;48.505;0
2009-01-07;48.503;48.838;48.37;48.551;48.551;0
2009-01-08;48.563;48.668;48.33;48.365;48.365;0
2009-01-09;48.453;49.12;48.023;48.468;48.468;0
2009-01-12;48.3;48.858;48.3;48.492;48.492;0
2009-01-13;48.808;49.128;48.76;48.87;48.87;0
2009-01-14;48.918;48.938;48.388;48.65;48.65;0
2009-01-15;48.793;49.133;48.643;48.67;48.67;0
2009-01-16;48.898;48.898;48.498;48.643;48.643;0
2009-01-19;48.78;48.78;48.506;48.539;48.539;0
2009-01-20;48.518;49.203;48.518;48.909;48.909;0
2009-01-21;49.043;49.27;48.918;49.133;49.133;0
2009-01-22;49.043;49.173;48.858;49.081;49.081;0
2009-01-23;49.098;49.283;48.61;49.018;49.018;0
2009-01-26;48.628;48.628;48.43;48.469;48.469;0
2009-01-27;48.518;48.933;48.518;48.791;48.791;0
2009-01-28;48.878;48.918;48.755;48.792;48.792;0
2009-01-29;48.823;49.013;48.503;48.873;48.873;0
2009-01-30;48.503;49.1;48.503;48.733;48.733;0
2009-02-02;48.733;49.08;48.613;48.925;48.925;0
2009-02-03;48.868;48.868;48.373;48.736;48.736;0
2009-02-04;48.383;48.828;48.383;48.551;48.551;0
2009-02-05;48.708;48.878;48.518;48.715;48.715;0
2009-02-06;48.738;48.75;48.462;48.09;48.09;0
2009-02-09;48.623;48.638;48.504;48.536;48.536;0
2009-02-10;48.538;48.733;48.463;48.592;48.592;0
2009-02-11;48.594;48.865;48.568;48.608;48.608;0
2009-02-12;48.803;48.838;48.588;48.747;48.747;0
2009-02-13;48.728;48.938;48.523;48.76;48.76;0
2009-02-16;48.598;48.825;48.598;48.718;48.718;0
2009-02-17;48.813;49.723;48.813;49.45;49.45;0
2009-02-18;49.608;50.038;49.608;49.895;49.895;0
2009-02-19;49.873;50.023;49.572;49.6;49.6;0
2009-02-20;49.58;49.953;49.411;49.068;49.068;0
2009-02-23;49.553;49.673;49.257;49.302;49.302;0
2009-02-24;49.473;49.943;49.473;49.774;49.774;0
2009-02-25;49.768;49.938;49.718;49.752;49.752;0
2009-02-26;49.963;50.458;49.963;50.192;50.192;0
2009-02-27;50.338;51.123;50.338;50.65;50.65;0
2009-03-02;50.893;51.913;50.893;51.546;51.546;0
2009-03-03;51.818;52.16;51.603;51.889;51.889;0
2009-03-04;51.887;52;51.412;51.432;51.432;0
2009-03-05;51.533;52;51.53;51.693;51.693;0
2009-03-06;51.598;51.76;51.432;51.564;51.564;0
2009-03-09;51.683;51.99;51.57;51.787;51.787;0
2009-03-10;51.808;51.808;51.353;51.524;51.524;0
2009-03-11;51.353;51.353;50.983;51.086;51.086;0
2009-03-12;51.086;51.903;51.086;51.627;51.627;0
2009-03-13;51.688;51.76;51.403;51.489;51.489;0
2009-03-16;51.453;51.67;51.133;51.289;51.289;0
2009-03-17;51.133;51.485;51.133;51.295;51.295;0
2009-03-18;51.353;51.47;51.193;51.23;51.23;0
2009-03-19;51.283;51.283;50.246;50.314;50.314;0
2009-03-20;50.393;50.723;50.07;50.588;50.588;0
2009-03-23;50.563;50.6;50.291;50.304;50.304;0
2009-03-24;50.383;50.723;50.22;50.328;50.328;0
2009-03-25;50.418;50.99;50.352;50.397;50.397;0
2009-03-26;50.518;50.693;50.318;50.346;50.346;0
2009-03-27;50.349;50.518;50.099;50.925;50.925;0
2009-03-29;50.493;51.253;50.493;50.969;50.969;0
2009-03-30;51.123;51.123;50.59;50.784;50.784;0
2009-03-31;50.873;50.873;50.502;50.543;50.543;0
2009-04-01;50.483;50.483;50.197;50.241;50.241;0
2009-04-02;50.003;50.218;49.728;49.848;49.848;0
2009-04-05;49.928;50.13;49.902;49.912;49.912;0
2009-04-06;50.023;50.023;49.819;49.848;49.848;0
2009-04-07;50.013;50.605;50.013;50.09;50.09;0
2009-04-08;50.293;50.293;49.78;49.83;49.83;0
2009-04-09;49.823;49.823;49.606;49.628;49.628;0
2009-04-12;49.628;49.94;49.628;49.74;49.74;0
2009-04-13;49.823;49.823;49.568;49.733;49.733;0
2009-04-14;49.623;50.02;49.569;49.597;49.597;0
2009-04-15;49.568;49.823;49.37;49.755;49.755;0
2009-04-16;49.648;49.878;49.615;49.632;49.632;0
2009-04-19;49.803;50.318;49.803;50.053;50.053;0
2009-04-20;49.783;50.525;49.783;50.267;50.267;0
2009-04-21;50.318;50.403;50.084;50.29;50.29;0
2009-04-22;50.218;50.33;49.82;49.85;49.85;0
2009-04-23;49.898;50.01;49.598;49.609;49.609;0
2009-04-26;49.693;50.27;49.693;50.086;50.086;0
2009-04-27;50.086;50.543;50.086;50.436;50.436;0
2009-04-28;50.473;50.473;49.832;49.871;49.871;0
2009-04-29;50.08;50.08;49.167;49.188;49.188;0
2009-04-30;49.718;49.718;49.06;49.192;49.192;0
2009-05-03;50.03;50.03;49.6;49.61;49.61;0
2009-05-04;49.768;49.768;49.183;49.311;49.311;0
2009-05-05;49.31;49.653;49.283;49.308;49.308;0
2009-05-06;49.418;49.66;49.073;49.19;49.19;0
2009-05-07;49.108;49.433;49.108;49.15;49.15;0
2009-05-10;49.148;49.513;49.05;49.293;49.293;0
2009-05-11;49.48;49.65;49.188;49.273;49.273;0
2009-05-12;49.273;49.703;49.22;49.531;49.531;0
2009-05-13;49.531;50.02;49.531;49.755;49.755;0
2009-05-14;49.755;49.755;49.29;49.412;49.412;0
2009-05-17;49.383;49.383;47.54;47.588;47.588;0
2009-05-18;47.592;47.943;47.36;47.43;47.43;0
2009-05-19;47.43;47.93;47.212;47.228;47.228;0
2009-05-20;47.455;47.5;47.192;47.231;47.231;0
2009-05-21;47.34;47.34;46.93;47.145;47.145;0
2009-05-24;47.1;47.455;47.1;47.278;47.278;0
2009-05-25;47.31;47.928;47.31;47.525;47.525;0
2009-05-26;47.9;47.918;47.494;47.509;47.509;0
2009-05-27;47.74;48.08;47.475;47.515;47.515;0
2009-05-28;47.514;47.52;46.949;46.969;46.969;0
2009-05-31;47.113;47.113;46.809;46.901;46.901;0
2009-06-01;46.901;47.233;46.85;46.931;46.931;0
2009-06-02;46.931;47.038;46.714;46.891;46.891;0
2009-06-03;46.898;47.31;46.898;47.13;47.13;0
2009-06-04;47.193;47.193;46.924;46.967;46.967;0
2009-06-07;47.1;47.733;47.05;47.317;47.317;0
2009-06-08;47.56;47.76;47.225;47.253;47.253;0
2009-06-09;47.5;47.5;47.134;47.15;47.15;0
2009-06-10;47.23;47.613;47.23;47.365;47.365;0
2009-06-11;47.61;47.682;47.245;47.309;47.309;0
2009-06-14;47.6;47.983;47.6;47.812;47.812;0
2009-06-15;47.809;47.915;47.573;47.695;47.695;0
2009-06-16;47.695;48.143;47.695;47.995;47.995;0
2009-06-17;47.963;48.295;47.93;47.958;47.958;0
2009-06-18;48.23;48.268;47.966;48.108;48.108;0
2009-06-21;48.018;48.623;48.018;48.268;48.268;0
2009-06-22;48.503;48.928;48.468;48.592;48.592;0
2009-06-23;48.468;48.578;48.32;48.351;48.351;0
2009-06-24;48.418;48.703;48.418;48.511;48.511;0
2009-06-25;48.518;48.6;48.018;48.036;48.036;0
2009-06-28;48.018;48.253;48;48.029;48.029;0
2009-06-29;48.029;48.048;47.743;47.801;47.801;0
2009-06-30;47.803;48.123;47.803;47.852;47.852;0
2009-07-01;47.768;48.018;47.702;47.859;47.859;0
2009-07-02;47.855;48.16;47.794;47.87;47.87;0
2009-07-05;47.808;48.568;47.808;48.439;48.439;0
2009-07-06;48.438;48.728;48.1;48.111;48.111;0
2009-07-07;48.11;48.938;48.11;48.837;48.837;0
2009-07-08;48.803;49.02;48.577;48.693;48.693;0
2009-07-09;48.693;49.008;48.55;48.871;48.871;0
2009-07-12;48.763;49.428;48.763;49.325;49.325;0
2009-07-13;49.333;49.333;48.682;48.748;48.748;0
2009-07-14;48.945;48.945;48.28;48.289;48.289;0
2009-07-15;48.568;48.843;48.444;48.471;48.471;0
2009-07-16;48.73;48.748;48.48;48.636;48.636;0
2009-07-19;48.74;48.74;48.1;48.169;48.169;0
2009-07-20;48.1;48.448;48.1;48.354;48.354;0
2009-07-21;48.45;48.618;48.273;48.445;48.445;0
2009-07-22;48.451;48.488;48.2;48.373;48.373;0
2009-07-23;48.268;48.408;48.089;48.13;48.13;0
2009-07-26;48.163;48.233;48.076;48.092;48.092;0
2009-07-27;48.089;48.2925;48.089;48.133;48.133;0
2009-07-28;48.068;48.508;48.068;48.392;48.392;0
2009-07-29;48.4;48.57;48.25;48.275;48.275;0
2009-07-30;48.353;48.353;47.626;47.626;47.626;0
2009-08-02;47.626;47.925;47.373;47.616;47.616;0
2009-08-03;47.63;47.733;47.403;47.47;47.47;0
2009-08-04;47.725;47.725;47.273;47.57;47.57;0
2009-08-05;47.55;47.748;47.496;47.614;47.614;0
2009-08-06;47.68;47.963;47.58;47.869;47.869;0
2009-08-09;47.738;47.883;47.655;47.707;47.707;0
2009-08-10;47.815;48.028;47.815;47.914;47.914;0
2009-08-11;47.898;48.483;47.898;48.287;48.287;0
2009-08-12;48.36;48.36;48.039;48.054;48.054;0
2009-08-13;48.11;48.348;48.11;48.21;48.21;0
2009-08-16;48.193;48.983;48.193;48.571;48.571;0
2009-08-17;48.571;48.925;48.571;48.689;48.689;0
2009-08-18;48.68;48.68;48.659;48.671;48.671;0
2009-08-19;48.607;48.618;48.607;48.616;48.616;0
2009-08-20;48.607;48.865;48.415;48.433;48.433;0
2009-08-23;48.433;48.643;48.39;48.409;48.409;0
2009-08-24;48.68;48.68;48.665;48.673;48.673;0
2009-08-25;48.78;48.781;48.764;48.774;48.774;0
2009-08-26;48.9;48.9;48.876;48.889;48.889;0
2009-08-27;48.528;48.528;48.528;48.528;48.528;0
2009-08-30;48.65;48.925;48.51;48.75;48.75;0
2009-08-31;48.811;48.818;48.803;48.808;48.808;0
2009-09-01;48.9;48.9;48.886;48.892;48.892;0
2009-09-02;48.84;48.84;48.827;48.833;48.833;0
2009-09-03;48.84;48.92;48.72;48.818;48.818;0
2009-09-06;48.58;48.581;48.568;48.568;48.568;0
2009-09-07;48.46;48.46;48.445;48.45;48.45;0
2009-09-08;48.44;48.44;48.428;48.44;48.44;0
2009-09-09;48.569;48.577;48.565;48.574;48.574;0
2009-09-10;48.569;48.613;48.369;48.394;48.394;0
2009-09-13;48.64;48.64;48.615;48.636;48.636;0
2009-09-14;48.48;48.481;48.469;48.471;48.471;0
2009-09-15;48.149;48.156;48.144;48.146;48.146;0
2009-09-16;48.02;48.02;47.999;48.02;48.02;0
2009-09-17;48.02;48.268;47.997;48.038;48.038;0
2009-09-20;48;48;47.985;47.99;47.99;0
2009-09-21;48.06;48.06;48.04;48.053;48.053;0
2009-09-22;47.96;47.96;47.943;47.951;47.951;0
2009-09-23;47.96;48.19;47.883;47.908;47.908;0
2009-09-24;47.908;48.28;47.888;47.938;47.938;0
2009-09-27;47.863;47.9;47.746;47.746;47.746;0
2009-09-28;47.975;48.133;47.88;48.068;48.068;0
2009-09-29;47.823;48.098;47.718;47.81;47.81;0
2009-09-30;47.81;47.91;47.623;47.738;47.738;0
2009-10-01;47.628;47.628;47.628;47.628;47.628;0
2009-10-04;47.628;47.71;47.408;47.408;47.408;0
2009-10-05;47.408;47.408;46.758;46.79;46.79;0
2009-10-06;46.79;46.88;46.52;46.598;46.598;0
2009-10-07;46.598;46.598;46.208;46.218;46.218;0
2009-10-08;46.218;46.635;46.218;46.458;46.458;0
2009-10-11;46.41;46.678;46.338;46.338;46.338;0
2009-10-12;46.133;46.423;46.133;46.283;46.283;0
2009-10-13;46.3;46.48;45.99;46.018;46.018;0
2009-10-14;46.018;46.248;45.8;45.95;45.95;0
2009-10-15;45.95;46.378;45.95;46.2;46.2;0
2009-10-18;46.083;46.2;45.95;45.95;45.95;0
2009-10-19;45.95;46.258;45.9325;46.258;46.258;0
2009-10-20;46.1;46.593;46.1;46.4;46.4;0
2009-10-21;46.4;46.815;46.4;46.55;46.55;0
2009-10-22;46.55;46.593;46.4;46.428;46.428;0
2009-10-26;46.428;46.698;46.41;46.55;46.55;0
2009-10-27;46.55;46.99;46.55;46.938;46.938;0
2009-10-28;46.938;47.363;46.938;47.178;47.178;0
2009-10-29;47.178;47.62;47.15;47.178;47.178;0
2009-10-30;47.178;47.178;46.84;46.918;46.918;0
2009-11-02;46.903;46.978;46.8;46.8;46.8;0
2009-11-03;46.828;47.438;46.828;47.25;47.25;0
2009-11-04;47.42;47.42;46.8;46.8;46.8;0
2009-11-05;47.05;47.24;46.8;46.938;46.938;0
2009-11-06;46.938;46.938;46.733;46.74;46.74;0
2009-11-09;46.8;46.8;46.313;46.368;46.368;0
2009-11-10;46.45;46.74;46.3;46.318;46.318;0
2009-11-11;46.49;46.6;46.278;46.408;46.408;0
2009-11-12;46.3;46.703;46.3;46.66;46.66;0
2009-11-13;46.64;46.69;46.24;46.258;46.258;0
2009-11-16;46.33;46.33;45.99;45.99;45.99;0
2009-11-17;45.99;46.358;45.99;46.23;46.23;0
2009-11-18;46.23;46.288;46.1;46.1;46.1;0
2009-11-19;46.1;46.758;46.1;46.55;46.55;0
2009-11-20;46.55;46.72;46.505;46.54;46.54;0
2009-11-23;46.52;46.573;46.35;46.36;46.36;0
2009-11-24;46.36;46.635;46.29;46.3;46.3;0
2009-11-25;46.39;46.39;45.99;46.01;46.01;0
2009-11-26;45.84;46.668;45.84;46.668;46.668;0
2009-11-27;46.668;47.065;46.45;46.45;46.45;0
2009-11-30;46.553;46.553;46.345;46.458;46.458;0
2009-12-01;46.458;46.48;46.1;46.228;46.228;0
2009-12-02;46.228;46.355;46.14;46.2;46.2;0
2009-12-03;46.2;46.265;46;46;46;0
2009-12-04;46;46.288;46;46.118;46.118;0
2009-12-07;46.15;46.605;46.15;46.468;46.468;0
2009-12-08;46.468;46.748;46.468;46.618;46.618;0
2009-12-09;46.618;46.85;46.496;46.528;46.528;0
2009-12-10;46.528;46.73;46.518;46.518;46.518;0
2009-12-11;46.518;46.603;46.473;46.473;46.473;0
2009-12-14;46.473;46.75;46.473;46.668;46.668;0
2009-12-15;46.668;46.718;46.575;46.718;46.718;0
2009-12-16;46.715;46.75;46.573;46.588;46.588;0
2009-12-17;46.66;46.958;46.66;46.868;46.868;0
2009-12-18;46.868;46.91;46.683;46.703;46.703;0
2009-12-21;46.703;46.845;46.703;46.818;46.818;0
2009-12-22;46.818;46.878;46.71;46.798;46.798;0
2009-12-23;46.798;46.898;46.71;46.75;46.75;0
2009-12-24;46.75;46.77;46.65;46.65;46.65;0
2009-12-28;46.533;46.533;46.45;46.45;46.45;0
2009-12-29;46.45;46.703;46.45;46.56;46.56;0
2009-12-30;46.578;46.765;46.5;46.5;46.5;0
2009-12-31;46.5;46.69;46.4;46.4;46.4;0
2010-01-01;46.4;46.645;46.4;46.61;46.61;0
2010-01-04;46.61;46.61;46.223;46.288;46.288;0
2010-01-05;46.288;46.288;46.088;46.12;46.12;0
2010-01-06;46.148;46.18;45.7;45.72;45.72;0
2010-01-07;45.738;45.878;45.558;45.688;45.688;0
2010-01-08;45.688;45.87;45.483;45.518;45.518;0
2010-01-11;45.765;45.765;45.223;45.358;45.358;0
2010-01-12;45.358;45.71;45.358;45.618;45.618;0
2010-01-13;45.618;45.74;45.453;45.488;45.488;0
2010-01-14;45.488;45.668;45.425;45.563;45.563;0
2010-01-15;45.563;45.813;45.503;45.803;45.803;0
2010-01-18;45.803;45.825;45.503;45.638;45.638;0
2010-01-19;45.638;45.898;45.55;45.848;45.848;0
2010-01-20;45.848;46.118;45.83;46.118;46.118;0
2010-01-21;46.118;46.128;45.863;46.108;46.108;0
2010-01-22;46.108;46.313;46.028;46.223;46.223;0
2010-01-25;46.15;46.238;46.068;46.078;46.078;0
2010-01-26;45.953;45.953;45.848;45.848;45.848;0
2010-01-27;45.848;46.548;45.848;46.318;46.318;0
2010-01-28;46.318;46.398;46.19;46.348;46.348;0
2010-01-29;46.348;46.42;46.098;46.098;46.098;0
2010-02-01;46.098;46.425;46.098;46.288;46.288;0
2010-02-02;46.288;46.298;46.1;46.1;46.1;0
2010-02-03;46.128;46.128;45.9;45.9;45.9;0
2010-02-04;45.97;46.258;45.97;46.21;46.21;0
2010-02-05;46.21;46.75;46.21;46.62;46.62;0
2010-02-08;46.738;46.868;46.66;46.71;46.71;0
2010-02-09;46.805;46.805;46.39;46.39;46.39;0
2010-02-10;46.39;46.643;46.35;46.378;46.378;0
2010-02-11;46.485;46.508;46.328;46.4;46.4;0
2010-02-12;46.403;46.508;46.318;46.4;46.4;0
2010-02-15;46.4;46.415;46.288;46.338;46.338;0
2010-02-16;46.338;46.4;45.98;45.98;45.98;0
2010-02-17;45.98;46.168;45.95;46.008;46.008;0
2010-02-18;46.008;46.348;46.008;46.14;46.14;0
2010-02-19;46.14;46.4725;46.14;46.18;46.18;0
2010-02-22;46.253;46.253;46.06;46.1;46.1;0
2010-02-23;46.21;46.268;46.063;46.268;46.268;0
2010-02-24;46.268;46.338;46.208;46.288;46.288;0
2010-02-25;46.288;46.488;46.288;46.3;46.3;0
2010-02-26;46.3;46.315;45.9;45.9;45.9;0
2010-03-01;45.968;46.134;45.948;46;46;0
2010-03-02;46;46.088;45.79;46.028;46.028;0
2010-03-03;46.028;46.028;45.54;45.55;45.55;0
2010-03-04;45.55;45.888;45.55;45.67;45.67;0
2010-03-05;45.67;45.805;45.4;45.45;45.45;0
2010-03-08;45.61;45.61;45.378;45.4;45.4;0
2010-03-09;45.508;45.658;45.468;45.55;45.55;0
2010-03-10;45.62;45.62;45.25;45.31;45.31;0
2010-03-11;45.31;45.618;45.31;45.45;45.45;0
2010-03-12;45.45;45.52;45.368;45.498;45.498;0
2010-03-15;45.498;45.67;45.498;45.558;45.558;0
2010-03-16;45.563;45.593;45.39;45.39;45.39;0
2010-03-17;45.39;45.45;45.27;45.28;45.28;0
2010-03-18;45.293;45.528;45.293;45.39;45.39;0
2010-03-19;45.39;45.508;45.25;45.25;45.25;0
2010-03-22;45.268;45.585;45.268;45.47;45.47;0
2010-03-23;45.538;45.6;45.4;45.4;45.4;0
2010-03-24;45.333;45.628;45.333;45.4;45.4;0
2010-03-25;45.423;45.7;45.4;45.488;45.488;0
2010-03-26;45.488;45.53;45.09;45.11;45.11;0
2010-03-28;45.235;45.235;44.79;44.8;44.8;0
2010-03-29;44.908;45.145;44.89;44.94;44.94;0
2010-03-30;45.08;45.17;44.8;44.8;44.8;0
2010-03-31;44.733;44.808;44.59;44.6;44.6;0
2010-04-01;44.808;44.808;44.808;44.808;44.808;0
2010-04-04;44.89;44.89;44.34;44.36;44.36;0
2010-04-05;44.36;44.808;44.34;44.34;44.34;0
2010-04-06;44.34;44.575;44.325;44.4;44.4;0
2010-04-07;44.458;44.69;44.34;44.34;44.34;0
2010-04-08;44.34;44.44;44.12;44.12;44.12;0
2010-04-11;44.12;44.503;44.12;44.34;44.34;0
2010-04-12;44.428;44.675;44.39;44.578;44.578;0
2010-04-13;44.278;44.278;44.168;44.21;44.21;0
2010-04-14;44.21;44.485;44.21;44.29;44.29;0
2010-04-15;44.29;44.58;44.24;44.318;44.318;0
2010-04-18;44.318;44.738;44.318;44.728;44.728;0
2010-04-19;44.728;44.728;44.39;44.39;44.39;0
2010-04-20;44.38;44.558;44.378;44.4;44.4;0
2010-04-21;44.4;44.618;44.4;44.44;44.44;0
2010-04-22;44.55;44.5925;44.29;44.29;44.29;0
2010-04-25;44.29;44.423;44.25;44.25;44.25;0
2010-04-26;44.25;44.47;44.25;44.45;44.45;0
2010-04-27;44.428;44.758;44.428;44.5;44.5;0
2010-04-28;44.64;44.64;44.436;44.45;44.45;0
2010-04-29;44.52;44.52;44.218;44.25;44.25;0
2010-05-02;44.218;44.593;44.218;44.4;44.4;0
2010-05-03;44.4;44.635;44.4;44.55;44.55;0
2010-05-04;44.55;44.975;44.55;44.85;44.85;0
2010-05-05;44.94;45.46;44.94;45.46;45.46;0
2010-05-06;45.46;45.718;45.4;45.418;45.418;0
2010-05-09;45.418;45.418;44.75;44.763;44.763;0
2010-05-10;44.763;45.31;44.763;44.99;44.99;0
2010-05-11;44.99;45.36;44.94;44.95;44.95;0
2010-05-12;45.11;45.14;44.935;44.94;44.94;0
2010-05-13;44.94;45.26;44.94;45.25;45.25;0
2010-05-16;45.21;45.768;45.21;45.528;45.528;0
2010-05-17;45.528;45.68;45.45;45.56;45.56;0
2010-05-18;45.57;46.398;45.57;46.273;46.273;0
2010-05-19;46.273;46.818;46.2;46.74;46.74;0
2010-05-20;46.74;47.33;46.74;46.918;46.918;0
2010-05-23;46.918;47.02;46.59;46.81;46.81;0
2010-05-24;46.81;47.73;46.81;47.48;47.48;0
2010-05-25;47.48;47.583;47.1;47.1;47.1;0
2010-05-26;47.118;47.118;46.7;46.72;46.72;0
2010-05-27;46.72;46.76;46.3;46.3;46.3;0
2010-05-30;46.328;46.588;46.328;46.358;46.358;0
2010-05-31;46.358;47.19;46.358;47.083;47.083;0
2010-06-01;47.083;47.27;46.8;46.8;46.8;0
2010-06-02;46.98;46.98;46.45;46.5;46.5;0
2010-06-03;46.5;46.868;46.5;46.86;46.86;0
2010-06-06;46.868;47.4;46.79;46.79;46.79;0
2010-06-07;47.08;47.13;46.81;46.83;46.83;0
2010-06-08;46.83;47.14;46.8;46.81;46.81;0
2010-06-09;46.81;47.07;46.75;46.75;46.75;0
2010-06-10;46.75;46.9;46.71;46.75;46.75;0
2010-06-13;46.83;46.83;46.4;46.4;46.4;0
2010-06-14;46.4;46.745;46.4;46.4;46.4;0
2010-06-15;46.4;46.648;46.278;46.41;46.41;0
2010-06-16;46.41;46.63;46.09;46.09;46.09;0
2010-06-17;46.09;46.25;45.978;46.01;46.01;0
2010-06-20;45.978;45.978;45.54;45.66;45.66;0
2010-06-21;45.75;46.288;45.75;46.02;46.02;0
2010-06-22;46.02;46.348;46.02;46.15;46.15;0
2010-06-23;46.18;46.598;46.17;46.26;46.26;0
2010-06-24;46.598;46.598;46.15;46.15;46.15;0
2010-06-27;46.358;46.358;46.07;46.1;46.1;0
2010-06-28;46.1;46.598;46.1;46.41;46.41;0
2010-06-29;46.475;46.655;46.398;46.4;46.4;0
2010-06-30;46.678;46.72;46.35;46.41;46.41;0
2010-07-01;46.57;46.778;46.535;46.56;46.56;0
2010-07-04;46.78;46.82;46.675;46.728;46.728;0
2010-07-05;46.728;46.908;46.6;46.6;46.6;0
2010-07-06;46.6;47.145;46.6;46.95;46.95;0
2010-07-07;46.95;46.95;46.65;46.65;46.65;0
2010-07-08;46.86;46.86;46.52;46.52;46.52;0
2010-07-11;46.658;46.858;46.61;46.66;46.66;0
2010-07-12;46.65;46.933;46.4;46.41;46.41;0
2010-07-13;46.738;46.738;46.568;46.6;46.6;0
2010-07-14;46.6;46.775;46.44;46.45;46.45;0
2010-07-15;46.518;46.908;46.518;46.7;46.7;0
2010-07-18;46.77;47.123;46.08;46.09;46.09;0
2010-07-19;46.09;47.428;46.09;47.25;47.25;0
2010-07-20;47.35;47.35;47.07;47.07;47.07;0
2010-07-21;47.09;47.35;47.04;47.04;47.04;0
2010-07-22;47.13;47.13;46.888;46.89;46.89;0
2010-07-25;46.94;47.053;46.81;47.043;47.043;0
2010-07-26;47.045;47.045;46.643;46.648;46.648;0
2010-07-27;46.648;46.79;46.55;46.69;46.69;0
2010-07-28;46.69;46.725;46.45;46.46;46.46;0
2010-07-29;46.46;46.6;46.35;46.36;46.36;0
2010-08-01;46.4;46.4;46.088;46.088;46.088;0
2010-08-02;46.088;46.235;46.088;46.128;46.128;0
2010-08-03;46.1;46.3;46.028;46.128;46.128;0
2010-08-04;46;46.25;46;46;46;0
2010-08-05;46.05;46.175;45.95;46.056;46.056;0
2010-08-08;45.958;46.145;45.94;45.958;45.958;0
2010-08-09;46.078;46.42;46.078;46.078;46.078;0
2010-08-10;46.31;46.703;46.31;46.31;46.31;0
2010-08-11;46.59;47.03;46.59;46.59;46.59;0
2010-08-12;46.765;46.8;46.548;46.71;46.71;0
2010-08-15;46.628;46.88;46.628;46.628;46.628;0
2010-08-16;46.683;46.715;46.543;46.683;46.683;0
2010-08-17;46.608;46.69;46.423;46.608;46.608;0
2010-08-18;46.258;46.498;46.258;46.538;46.538;0
2010-08-19;46.358;46.728;46.358;46.358;46.358;0
2010-08-22;46.608;46.718;46.56;46.608;46.608;0
2010-08-23;46.563;46.998;46.563;46.563;46.563;0
2010-08-24;46.858;47.018;46.83;46.858;46.858;0
2010-08-25;46.873;46.898;46.728;46.873;46.873;0
2010-08-26;46.788;46.948;46.788;46.788;46.788;0
2010-08-29;46.803;46.93;46.77;46.803;46.803;0
2010-08-30;46.873;47.103;46.873;46.873;46.873;0
2010-08-31;47.028;47.028;46.733;47.028;47.028;0
2010-09-01;46.65;46.838;46.6;46.65;46.65;0
2010-09-02;46.6;46.71;46.468;46.6;46.6;0
2010-09-05;46.578;46.648;46.448;46.578;46.578;0
2010-09-06;46.513;46.868;46.513;46.513;46.513;0
2010-09-07;46.66;46.825;46.5;46.66;46.66;0
2010-09-08;46.518;46.613;46.303;46.518;46.518;0
2010-09-09;46.203;46.338;46.203;46.303;46.303;0
2010-09-12;46.48;46.48;46.24;46.283;46.283;0
2010-09-13;46.23;46.45;46.15;46.23;46.23;0
2010-09-14;46.14;46.44;46.14;46.14;46.14;0
2010-09-15;46.2;46.41;46.088;46.2;46.2;0
2010-09-16;46.1;46.1;45.768;46.1;46.1;0
2010-09-19;45.878;45.878;45.578;45.878;45.878;0
2010-09-20;45.62;45.828;45.49;45.62;45.62;0
2010-09-21;45.58;45.603;45.428;45.58;45.58;0
2010-09-22;45.558;45.705;45.508;45.558;45.558;0
2010-09-23;45.45;45.595;45.09;45.45;45.45;0
2010-09-26;45.24;45.24;44.94;45.24;45.24;0
2010-09-27;44.93;45.278;44.93;44.93;44.93;0
2010-09-28;45.05;45.073;44.8;45.05;45.05;0
2010-09-29;44.563;44.563;44.563;44.69;44.69;0
2010-09-30;44.94;44.94;44.403;44.563;44.563;0
2010-10-03;44.413;44.633;44.25;44.413;44.413;0
2010-10-04;44.45;44.78;44.4;44.45;44.45;0
2010-10-05;44.4;44.535;44.198;44.4;44.4;0
2010-10-06;44.2;44.415;42.21;44.19;44.19;0
2010-10-07;44.2;44.508;44.09;44.2;44.2;0
2010-10-10;44.408;44.448;44.2;44.408;44.408;0
2010-10-11;44.36;44.758;44.36;44.36;44.36;0
2010-10-12;44.66;44.66;44.323;44.5;44.5;0
2010-10-13;44.51;44.51;44.05;44.34;44.34;0
2010-10-14;44.11;44.178;43.988;44.068;44.068;0
2010-10-17;44.158;44.408;44.158;44.158;44.158;0
2010-10-18;44.17;44.5;44.17;44.17;44.17;0
2010-10-19;44.32;44.48;44.235;44.33;44.33;0
2010-10-20;44.2;44.425;44.2;44.2;44.2;0
2010-10-21;44.2;44.593;44.2;44.2;44.2;0
2010-10-24;44.59;44.59;44.24;44.528;44.528;0
2010-10-25;44.25;44.563;44.25;44.25;44.25;0
2010-10-26;44.4;44.61;44.388;44.4;44.4;0
2010-10-27;44.42;44.558;44.3;44.42;44.42;0
2010-10-28;44.42;44.568;44.29;44.42;44.42;0
2010-11-01;44.32;44.478;44.32;44.448;44.448;0
2010-11-02;44.34;44.47;44.268;44.34;44.34;0
2010-11-03;44.2;44.438;44.2;44.2;44.2;0
2010-11-04;44.393;44.393;44.033;44.25;44.25;0
2010-11-05;43.888;43.9;43.84;44.013;44.013;0
2010-11-08;44.205;44.453;44.205;43.9;43.9;0
2010-11-09;44.3;44.463;44.2;44.3;44.3;0
2010-11-10;44.19;44.443;44.19;44.19;44.19;0
2010-11-11;44.31;44.498;44.233;44.26;44.26;0
2010-11-12;44.24;44.868;44.24;44.24;44.24;0
2010-11-15;44.778;45.235;44.778;44.778;44.778;0
2010-11-16;45.23;45.433;45.085;45.11;45.11;0
2010-11-17;45.078;45.168;45.013;45.19;45.19;0
2010-11-18;45.108;45.565;45.108;45.108;45.108;0
2010-11-19;45.15;45.393;45.15;45.15;45.15;0
2010-11-22;45.29;45.503;45.183;45.263;45.263;0
2010-11-23;45.41;45.728;45.41;45.3;45.3;0
2010-11-24;45.55;45.873;45.55;45.54;45.54;0
2010-11-25;45.7;45.75;45.5;45.51;45.51;0
2010-11-26;45.513;45.87;45.513;45.558;45.558;0
2010-11-29;45.71;46.003;45.653;45.71;45.71;0
2010-11-30;45.8;46.11;45.8;45.8;45.8;0
2010-12-01;45.77;45.81;45.3;45.77;45.77;0
2010-12-02;45.23;45.37;45.195;45.23;45.23;0
2010-12-03;45.285;45.285;44.9;45.13;45.13;0
2010-12-06;44.913;45.03;44.798;44.913;44.913;0
2010-12-07;44.94;44.94;44.575;44.81;44.81;0
2010-12-08;44.5;45.16;44.5;44.5;44.5;0
2010-12-09;45;45.313;44.99;45;45;0
2010-12-10;45.05;45.33;44.95;45.05;45.05;0
2010-12-13;44.95;45.255;44.9;44.95;44.95;0
2010-12-14;44.91;45.0475;44.85;44.91;44.91;0
2010-12-15;44.91;45.5;44.91;44.91;44.91;0
2010-12-16;45.25;45.605;45.25;45.25;45.25;0
2010-12-17;45.263;45.385;45.15;45.25;45.25;0
2010-12-20;45.168;45.655;45.168;45.168;45.168;0
2010-12-21;45.26;45.37;45.15;45.26;45.26;0
2010-12-22;45.235;45.255;44.95;45.18;45.18;0
2010-12-23;44.95;45.17;44.95;44.95;44.95;0
2010-12-24;45.16;45.24;45.073;45.06;45.06;0
2010-12-27;45.11;45.278;45.07;45.01;45.01;0
2010-12-28;45.11;45.2;45.018;45.1;45.1;0
2010-12-29;44.95;45.1475;44.95;44.95;44.95;0
2010-12-30;44.92;44.953;44.8;44.92;44.92;0
2010-12-31;44.95;44.95;44.655;44.81;44.81;0
2011-01-03;44.818;44.818;44.6;44.818;44.818;0
2011-01-04;44.61;45.098;44.61;44.61;44.61;0
2011-01-05;44.98;45.438;44.98;44.9;44.9;0
2011-01-06;45.21;45.425;45.183;45.21;45.21;0
2011-01-07;45.24;45.523;45.203;45.18;45.18;0
2011-01-10;45.358;45.548;45.28;45.358;45.358;0
2011-01-11;45.31;45.385;45.05;45.31;45.31;0
2011-01-12;45.098;45.198;45.013;45.098;45.098;0
2011-01-13;44.91;45.26;44.91;44.91;44.91;0
2011-01-14;44.96;45.458;44.96;44.96;44.96;0
2011-01-17;45.36;45.648;45.36;45.418;45.418;0
2011-01-18;45.44;45.56;45.3;45.44;45.44;0
2011-01-19;45.425;45.538;45.298;45.32;45.32;0
2011-01-20;45.45;45.843;45.45;45.3;45.3;0
2011-01-21;45.778;45.778;45.45;45.778;45.778;0
2011-01-24;45.588;45.683;45.5;45.588;45.588;0
2011-01-25;45.45;45.818;45.45;45.45;45.45;0
2011-01-26;45.528;45.528;45.45;45.61;45.61;0
2011-01-27;45.45;45.663;45.45;45.45;45.45;0
2011-01-28;45.57;45.853;45.57;45.688;45.688;0
2011-01-31;45.838;46.01;45.838;45.838;45.838;0
2011-02-01;45.8;45.865;45.648;45.8;45.8;0
2011-02-02;45.41;45.683;45.41;45.41;45.41;0
2011-02-03;45.45;45.683;45.45;45.45;45.45;0
2011-02-04;45.56;45.68;45.558;45.56;45.56;0
2011-02-07;45.608;45.61;45.35;45.608;45.608;0
2011-02-08;45.31;45.405;45.23;45.31;45.31;0
2011-02-09;45.15;45.493;45.15;45.15;45.15;0
2011-02-10;45.35;45.753;45.35;45.35;45.35;0
2011-02-11;45.63;45.775;45.608;45.63;45.63;0
2011-02-14;45.685;45.685;45.418;45.608;45.608;0
2011-02-15;45.35;45.54;45.35;45.35;45.35;0
2011-02-16;45.333;45.508;45.333;45.41;45.41;0
2011-02-17;45.31;45.45;45.253;45.31;45.31;0
2011-02-18;45.335;45.335;45.1;45.21;45.21;0
2011-02-21;45.195;45.195;44.928;45.108;45.108;0
2011-02-22;44.918;45.335;44.918;44.918;44.918;0
2011-02-23;45.26;45.285;45.048;45.15;45.15;0
2011-02-24;45.05;45.49;45.05;45.05;45.05;0
2011-02-25;45.465;45.465;45.268;45.4;45.4;0
2011-02-28;45.25;45.3025;45.17;45.25;45.25;0
2011-03-01;45.26;45.26;44.85;45.1;45.1;0
2011-03-02;44.813;44.813;44.75;44.83;44.83;0
2011-03-03;44.945;45.08;44.935;44.81;44.81;0
2011-03-04;44.86;45.04;44.86;44.85;44.85;0
2011-03-07;44.98;45.183;44.98;44.903;44.903;0
2011-03-08;45.03;45.115;44.985;44.97;44.97;0
2011-03-09;44.9;45.03;44.85;44.9;44.9;0
2011-03-10;44.87;45.178;44.87;44.87;44.87;0
2011-03-11;45.11;45.285;45.05;45.11;45.11;0
2011-03-14;45.238;45.238;44.99;45.238;45.238;0
2011-03-15;45.07;45.36;45.07;44.95;44.95;0
2011-03-16;45.24;45.24;44.993;45.16;45.16;0
2011-03-17;45.02;45.2625;45.02;45.02;45.02;0
2011-03-18;45.18;45.18;44.95;45.05;45.05;0
2011-03-21;44.998;45.083;44.9;44.998;44.998;0
2011-03-22;45.01;45.01;44.9;44.91;44.91;0
2011-03-23;44.95;45.01;44.75;44.85;44.85;0
2011-03-24;44.75;44.87;44.698;44.75;44.75;0
2011-03-25;44.6;44.7;44.55;44.6;44.6;0
2011-03-27;44.693;44.893;44.693;44.693;44.693;0
2011-03-28;44.7;44.82;44.65;44.7;44.7;0
2011-03-29;44.78;44.79;44.6;44.66;44.66;0
2011-03-30;44.745;44.745;44.39;44.61;44.61;0
2011-03-31;44.548;44.548;44.4;44.45;44.45;0
2011-04-03;44.265;44.428;44.265;44.448;44.448;0
2011-04-04;44.318;44.465;44.3;44.318;44.318;0
2011-04-05;44.3;44.3;44.05;44.3;44.3;0
2011-04-06;44.05;44.27;44.05;44.05;44.05;0
2011-04-07;44.195;44.195;43.93;44.1;44.1;0
2011-04-10;44.063;44.39;44.055;44.063;44.063;0
2011-04-11;44.159;44.21;44.159;44.26;44.26;0
2011-04-12;44.39;44.593;44.39;44.188;44.188;0
2011-04-13;44.468;44.468;44.27;44.42;44.42;0
2011-04-17;44.32;44.523;44.253;44.273;44.273;0
2011-04-18;44.45;44.69;44.4;44.36;44.36;0
2011-04-19;44.48;44.48;44.293;44.41;44.41;0
2011-04-20;44.26;44.443;44.25;44.26;44.26;0
2011-04-21;44.26;44.443;44.25;44.26;44.26;0
2011-04-24;44.365;44.53;44.365;44.268;44.268;0
2011-04-25;44.485;44.615;44.4;44.41;44.41;0
2011-04-26;44.41;44.48;44.35;44.41;44.41;0
2011-04-27;44.33;44.463;44.26;44.33;44.33;0
2011-04-28;44.3;44.46;44.208;44.3;44.3;0
2011-05-01;44.215;44.365;44.215;44.248;44.248;0
2011-05-02;44.33;44.518;44.31;44.22;44.22;0
2011-05-03;44.41;44.61;44.3;44.41;44.41;0
2011-05-04;44.32;44.76;44.32;44.32;44.32;0
2011-05-05;44.7;44.89;44.6;44.7;44.7;0
2011-05-08;44.79;44.79;44.623;44.723;44.723;0
2011-05-09;44.72;44.798;44.64;44.61;44.61;0
2011-05-10;44.61;44.715;44.59;44.61;44.61;0
2011-05-11;44.69;44.99;44.69;44.58;44.58;0
2011-05-12;44.71;45.04;44.71;44.71;44.71;0
2011-05-15;44.85;45.17;44.85;44.858;44.858;0
2011-05-16;45.073;45.133;44.99;44.96;44.96;0
2011-05-17;45.01;45.133;45.01;45.01;45.01;0
2011-05-18;44.96;45.038;44.89;44.96;44.96;0
2011-05-19;44.975;45.013;44.8825;44.85;44.85;0
2011-05-22;45;45.31;45;44.993;44.993;0
2011-05-23;45.23;45.255;45.125;45.15;45.15;0
2011-05-24;45.22;45.42;45.22;45.16;45.16;0
2011-05-25;45.33;45.333;45.18;45.23;45.23;0
2011-05-26;45.3;45.3;45.1;45.19;45.19;0
2011-05-29;45.173;45.173;45.035;45.173;45.173;0
2011-05-30;45.07;45.083;44.95;45.083;45.083;0
2011-05-31;44.96;44.99;44.75;44.96;44.96;0
2011-06-01;44.84;44.9725;44.75;44.76;44.76;0
2011-06-02;44.8225;44.91;44.798;44.76;44.76;0
2011-06-05;44.823;44.823;44.65;44.823;44.823;0
2011-06-06;44.76;44.82;44.6;44.67;44.67;0
2011-06-07;44.61;44.745;44.573;44.61;44.61;0
2011-06-08;44.7;44.7625;44.58;44.66;44.66;0
2011-06-09;44.73;44.755;44.643;44.6;44.6;0
2011-06-12;44.723;44.905;44.723;44.723;44.723;0
2011-06-13;44.78;44.8525;44.55;44.8;44.8;0
2011-06-14;44.73;44.793;44.66;44.739;44.739;0
2011-06-15;44.76;44.93;44.69;44.71;44.71;0
2011-06-16;44.9;44.96;44.75;44.8;44.8;0
2011-06-19;44.86;45.053;44.8;44.763;44.763;0
2011-06-20;45;45;44.75;44.87;44.87;0
2011-06-21;44.84;44.9;44.71;44.76;44.76;0
2011-06-22;44.75;44.97;44.75;44.75;44.75;0
2011-06-23;44.85;45.01;44.85;44.85;44.85;0
2011-06-26;44.99;45.13;44.93;44.988;44.988;0
2011-06-27;45.03;45.06;44.92;44.95;44.95;0
2011-06-28;45.03;45.03;44.75;44.94;44.94;0
2011-06-29;44.865;44.865;44.593;44.76;44.76;0
2011-06-30;44.593;44.65;44.45;44.593;44.593;0
2011-07-03;44.623;44.623;44.328;44.623;44.623;0
2011-07-04;44.42;44.535;44.35;44.42;44.42;0
2011-07-05;44.43;44.49;44.335;44.34;44.34;0
2011-07-06;44.33;44.445;44.3;44.33;44.33;0
2011-07-07;44.42;44.42;44.293;44.33;44.33;0
2011-07-10;44.413;44.483;44.35;44.413;44.413;0
2011-07-11;44.35;44.75;44.35;44.35;44.35;0
2011-07-12;44.56;44.6175;44.39;44.56;44.56;0
2011-07-13;44.52;44.555;44.4;44.45;44.45;0
2011-07-14;44.4;44.58;44.4;44.4;44.4;0
2011-07-17;44.52;44.663;44.44;44.508;44.508;0
2011-07-18;44.57;44.59;44.4;44.5;44.5;0
2011-07-19;44.41;44.4975;44.31;44.37;44.37;0
2011-07-20;44.44;44.525;44.3;44.37;44.37;0
2011-07-21;44.5;44.5;44.3;44.3;44.3;0
2011-07-24;44.408;44.431;44.3;44.343;44.343;0
2011-07-25;44.405;44.405;44.1;44.31;44.31;0
2011-07-26;44.185;44.185;43.8525;44.05;44.05;0
2011-07-27;44.08;44.165;44;44.03;44.03;0
2011-07-28;44.07;44.238;44.05;44.01;44.01;0
2011-07-31;44.18;44.18;44.025;44.203;44.203;0
2011-08-01;44.07;44.303;44.07;44.063;44.063;0
2011-08-02;44.263;44.398;44.263;44.263;44.263;0
2011-08-03;44.313;44.573;44.313;44.313;44.313;0
2011-08-04;44.54;44.843;44.54;44.563;44.563;0
2011-08-07;44.73;45.06;44.73;44.733;44.733;0
2011-08-08;44.975;45.38;44.975;45.003;45.003;0
2011-08-09;45.205;45.283;44.95;45.203;45.203;0
2011-08-10;45.24;45.44;45.193;45.248;45.248;0
2011-08-11;45.41;45.45;45.265;45.293;45.293;0
2011-08-14;45.18;45.338;45.18;45.393;45.393;0
2011-08-15;45.335;45.378;45.17;45.233;45.233;0
2011-08-16;45.38;45.445;45.303;45.253;45.253;0
2011-08-17;45.41;45.745;45.41;45.303;45.303;0
2011-08-18;45.583;45.743;45.583;45.71;45.71;0
2011-08-21;45.925;46.08;45.563;45.663;45.663;0
2011-08-22;45.67;45.75;45.55;45.61;45.61;0
2011-08-23;45.71;46.03;45.71;45.54;45.54;0
2011-08-24;45.985;46.2;45.94;45.94;45.94;0
2011-08-25;46.04;46.173;46.02;46.01;46.01;0
2011-08-28;46.153;46.153;45.78;46.153;46.153;0
2011-08-29;46.05;46.133;45.9;45.85;45.85;0
2011-08-30;45.93;46.013;45.79;45.94;45.94;0
2011-08-31;45.663;45.7;45.663;45.74;45.74;0
2011-09-01;45.7;45.973;40.7;45.7;45.7;0
2011-09-04;45.738;46.015;45.738;45.738;45.738;0
2011-09-05;45.985;46.14;45.953;45.984;45.984;0
2011-09-06;46.04;46.175;45.98;46.04;46.04;0
2011-09-07;46.1625;46.263;46.133;46.04;46.04;0
2011-09-08;46.195;46.658;46.195;46.13;46.13;0
2011-09-11;46.57;47.225;46.57;46.643;46.643;0
2011-09-12;47.22;47.653;46.96;47.16;47.16;0
2011-09-13;47.59;48;47.573;47.46;47.46;0
2011-09-14;47.56;47.9;47.453;47.56;47.56;0
2011-09-15;47.55;47.55;47.15;47.5;47.5;0
2011-09-18;47.17;47.828;47.17;47.17;47.17;0
2011-09-19;47.81;48.23;47.81;47.723;47.723;0
2011-09-20;48.05;48.393;47.833;47.91;47.91;0
2011-09-21;48.33;49.578;48.33;48.21;48.21;0
2011-09-22;49.58;49.89;49.033;49.473;49.473;0
2011-09-25;49.42;49.763;49.323;49.343;49.343;0
2011-09-26;49.47;49.47;48.8;49.4;49.4;0
2011-09-27;48.81;49.205;48.653;48.81;48.81;0
2011-09-28;48.74;49.12;48.74;48.75;48.75;0
2011-09-29;49.058;49.138;48.968;48.86;48.86;0
2011-10-02;49.45;49.53;49.08;49.05;49.05;0
2011-10-03;49.16;49.44;49.16;49.1;49.1;0
2011-10-04;49.4;49.503;49.115;49.303;49.303;0
2011-10-05;49.238;49.253;49.1;49.15;49.15;0
2011-10-06;49.34;49.34;48.9;49.04;49.04;0
2011-10-09;49.15;49.15;48.813;48.893;48.893;0
2011-10-10;48.975;49.393;48.86;48.813;48.813;0
2011-10-11;49.16;49.46;48.89;49.238;49.238;0
2011-10-12;48.91;49.228;48.91;48.91;48.91;0
2011-10-13;49.2;49.215;48.86;49.2;49.2;0
2011-10-16;48.893;49.028;48.69;48.893;48.893;0
2011-10-17;48.95;49.388;48.95;48.9;48.9;0
2011-10-18;49.3;49.3;49;49.24;49.24;0
2011-10-19;49.14;49.893;49.14;49.01;49.01;0
2011-10-20;49.8;50.313;49.68;49.86;49.86;0
2011-10-23;49.823;50.003;49.75;49.823;49.823;0
2011-10-24;49.82;49.82;49.4;49.55;49.55;0
2011-10-25;49.498;49.498;49.34;49.41;49.41;0
2011-10-26;49.318;49.498;48.998;49.36;49.36;0
2011-10-27;48.91;48.92;48.628;49.79;49.79;0
2011-10-31;48.76;48.9;48.603;48.628;48.628;0
2011-11-01;48.69;49.308;48.69;48.673;48.673;0
2011-11-02;49.26;49.39;49.123;49.258;49.258;0
2011-11-03;49.103;49.538;49.048;49.123;49.123;0
2011-11-04;49.038;49.278;48.94;49.048;49.048;0
2011-11-07;49.023;49.098;48.9;48.993;48.993;0
2011-11-08;49.13;49.5;49.12;48.91;48.91;0
2011-11-09;49.48;50.178;49.395;49.31;49.31;0
2011-11-10;49.978;49.99;49.95;50.05;50.05;0
2011-11-11;50.325;50.34;49.978;49.96;49.96;0
2011-11-14;50.11;50.4125;49.92;50.033;50.033;0
2011-11-15;50.29;50.73;50.29;50.368;50.368;0
2011-11-16;50.623;50.95;50.6;50.623;50.623;0
2011-11-17;50.74;50.92;50.635;50.703;50.703;0
2011-11-18;50.948;51.398;50.948;50.948;50.948;0
2011-11-21;51.228;52.213;51.228;51.228;51.228;0
2011-11-22;52.16;52.72;52.16;52.058;52.058;0
2011-11-23;52.483;52.54;51.87;52.483;52.483;0
2011-11-24;52.258;52.37;52.02;52.258;52.258;0
2011-11-25;52.063;52.45;52.063;52.063;52.063;0
2011-11-28;52.26;52.26;51.86;52.228;52.228;0
2011-11-29;51.95;52.12;51.88;51.943;51.943;0
2011-11-30;52.02;52.423;52.02;51.903;51.903;0
2011-12-01;51.73;51.85;51.2;51.73;51.73;0
2011-12-02;51.46;51.57;51.05;51.3;51.3;0
2011-12-05;51.103;51.455;51.103;51.103;51.103;0
2011-12-06;51.41;51.41;51.21;51.2;51.2;0
2011-12-07;51.36;51.713;51.36;51.2;51.2;0
2011-12-08;51.72;51.905;51.668;51.6;51.6;0
2011-12-09;51.75;52.33;51.75;51.7;51.7;0
2011-12-12;52.04;52.853;52.04;51.868;51.868;0
2011-12-13;52.65;53.505;52.65;52.65;52.65;0
2011-12-14;53.1;53.878;53.1;53.1;53.1;0
2011-12-15;53.71;54.303;53.548;53.71;53.71;0
2011-12-16;53.21;53.21;52.21;53.21;53.21;0
2011-12-19;52.7;53.21;52.7;52.493;52.493;0
2011-12-20;52.7;53.08;52.7;52.7;52.7;0
2011-12-21;52.88;52.88;52.393;52.71;52.71;0
2011-12-22;52.49;52.89;52.49;52.393;52.393;0
2011-12-23;52.51;52.958;52.51;52.51;52.51;0
2011-12-26;52.783;52.92;52.68;52.783;52.783;0
2011-12-27;52.7;53.118;52.7;52.7;52.7;0
2011-12-28;53.025;53.43;52.883;52.85;52.85;0
2011-12-29;52.98;53.488;52.98;52.86;52.86;0
2011-12-30;53.06;53.353;53.008;53;53;0
2012-01-02;53.1;53.33;53.1;53.008;53.008;0
2012-01-03;53.298;53.298;53.05;53.298;53.298;0
2012-01-04;53.21;53.21;52.85;53.05;53.05;0
2012-01-05;53.04;53.04;52.608;52.85;52.85;0
2012-01-06;52.76;52.87;52.6;52.76;52.76;0
2012-01-09;52.81;52.845;52.37;52.673;52.673;0
2012-01-10;52.5;52.5;51.6;52.38;52.38;0
2012-01-11;51.7;51.905;51.56;51.6;51.6;0
2012-01-12;51.75;51.88;51.513;51.75;51.75;0
2012-01-13;51.52;51.575;51.298;51.45;51.45;0
2012-01-16;51.433;51.785;51.38;51.433;51.433;0
2012-01-17;51.38;51.38;50.6;51.38;51.38;0
2012-01-18;50.59;50.863;50.35;50.65;50.65;0
2012-01-19;50.09;50.44;50.08;50.36;50.36;0
2012-01-20;50.19;50.473;50.19;50.303;50.303;0
2012-01-23;50.305;50.395;49.9;50.223;50.223;0
2012-01-24;50.09;50.178;49.928;49.84;49.84;0
2012-01-25;50;50.243;49.98;50;50;0
2012-01-26;49.96;49.96;49.3;50;50;0
2012-01-27;49.36;49.81;49.295;52.493;52.493;0
2012-01-30;49.388;49.805;49.3;49.388;49.388;0
2012-01-31;49.5;49.735;49.318;52.493;52.493;0
2012-02-01;49.5;49.735;49.318;49.5;49.5;0
2012-02-02;49.265;49.265;48.95;49.01;49.01;0
2012-02-03;49.16;49.19;48.55;49;49;0
2012-02-06;48.653;49.138;48.61;48.653;48.653;0
2012-02-07;49.018;49.248;48.818;49.053;49.053;0
2012-02-08;49.128;49.24;48.978;49.043;49.043;0
2012-02-09;49.053;49.513;49.053;49.148;49.148;0
2012-02-10;49.5;49.75;49.373;49.488;49.488;0
2012-02-13;49.353;49.525;49.05;49.353;49.353;0
2012-02-14;49.098;49.448;49.098;49.188;49.188;0
2012-02-15;49.303;49.368;49.183;49.358;49.358;0
2012-02-16;49.368;49.408;49.25;49.283;49.283;0
2012-02-17;49.353;49.353;49.1;49.283;49.283;0
2012-02-20;49.103;49.183;49.103;49.318;49.318;0
2012-02-21;49.198;49.323;49.05;49.148;49.148;0
2012-02-22;49.123;49.295;49.1;49.303;49.303;0
2012-02-23;49.238;49.268;49.11;49.218;49.218;0
2012-02-24;49.153;49.163;48.925;49.093;49.093;0
2012-02-27;49.008;49.298;48.93;49.008;49.008;0
2012-02-28;49.227;49.227;48.998;49.173;49.173;0
2012-02-29;48.973;49.053;48.845;49.068;49.068;0
2012-03-01;49.075;49.253;48.9;49.003;49.003;0
2012-03-02;49.193;49.598;49.1;49.198;49.198;0
2012-03-05;49.71;49.948;49.4;49.518;49.518;0
2012-03-06;49.843;50.383;49.668;49.833;49.833;0
2012-03-07;50.31;50.75;50.23;50.358;50.358;0
2012-03-08;50.273;50.293;49.9;50.278;50.278;0
2012-03-09;50.023;50.083;49.65;50.073;50.073;0
2012-03-12;49.83;50.038;49.65;49.753;49.753;0
2012-03-13;50.013;50.013;49.79;49.968;49.968;0
2012-03-14;49.873;50.008;49.798;49.83;49.83;0
2012-03-15;49.918;50.463;49.918;49.908;49.908;0
2012-03-16;50.293;50.423;50;50.378;50.378;0
2012-03-19;50.16;50.243;50;50.133;50.133;0
2012-03-20;50.238;50.503;50.05;50.228;50.228;0
2012-03-21;50.343;50.678;50.298;50.388;50.388;0
2012-03-22;50.673;51.298;50.508;50.628;50.628;0
2012-03-23;51.103;51.248;51;51.12;51.12;0
2012-03-25;51.168;51.48;50.9;51.168;51.168;0
2012-03-26;50.998;51.148;50.4;51.023;51.023;0
2012-03-27;50.633;51.013;50.41;50.678;50.678;0
2012-03-28;50.75;51.413;50.728;50.773;50.773;0
2012-03-29;51.343;51.348;50.7;51.338;51.338;0
2012-04-01;50.813;50.928;50.65;50.868;50.868;0
2012-04-02;50.763;50.763;50.51;50.868;50.868;0
2012-04-03;50.72;51.233;50.72;50.25;50.25;0
2012-04-04;51.048;51.168;50.95;51.108;51.108;0
2012-04-05;51;51;51;51.033;51.033;0
2012-04-08;51.105;51.4;51;51.033;51.033;0
2012-04-09;51.14;51.478;51.05;51.05;51.05;0
2012-04-10;51.403;51.633;51.2;51.473;51.473;0
2012-04-11;51.516;51.588;51.2;51.458;51.458;0
2012-04-12;51.163;51.51;51.163;51.228;51.228;0
2012-04-15;51.29;51.713;51.25;51.543;51.543;0
2012-04-16;51.615;51.65;51.3;51.668;51.668;0
2012-04-17;51.533;51.798;51.3;51.468;51.468;0
2012-04-18;51.723;52.163;51.618;51.788;51.788;0
2012-04-19;52.023;52.193;51.943;52.138;52.138;0
2012-04-22;52.08;52.588;52;52.068;52.068;0
2012-04-23;52.403;52.86;52.323;52.498;52.498;0
2012-04-24;52.563;52.734;52.45;52.673;52.673;0
2012-04-25;52.443;52.643;52.353;52.538;52.538;0
2012-04-26;52.333;52.723;52.263;52.403;52.403;0
2012-04-29;52.4325;52.738;52.42;52.538;52.538;0
2012-04-30;52.58;52.58;52.5;52.658;52.658;0
2012-05-01;52.53;53.01;52.53;52.53;52.53;0
2012-05-02;52.935;53.468;52.843;52.958;52.958;0
2012-05-03;53.434;53.905;53.25;53.408;53.408;0
2012-05-06;53.73;53.73;52.8;53.468;53.468;0
2012-05-07;52.936;53.293;52.67;52.903;52.903;0
2012-05-08;53.188;53.888;53.103;53.118;53.118;0
2012-05-09;53.913;53.913;52.928;53.818;53.818;0
2012-05-10;53.153;53.688;53.153;53.253;53.253;0
2012-05-13;53.668;53.968;53.543;53.628;53.628;0
2012-05-14;53.853;54.078;53.653;53.958;53.958;0
2012-05-15;53.728;54.508;53.728;53.788;53.788;0
2012-05-16;54.395;54.578;54.203;54.488;54.488;0
2012-05-17;54.423;54.893;54.323;54.468;54.468;0
2012-05-20;54.418;55.048;54.418;54.418;54.418;0
2012-05-21;54.953;55.463;54.738;55.028;55.028;0
2012-05-22;55.343;56.3;55.253;55.388;55.388;0
2012-05-23;55.918;56.378;55.55;55.993;55.993;0
2012-05-24;55.563;56.073;55.228;55.56;55.56;0
2012-05-27;55.368;55.368;55.03;55.368;55.368;0
2012-05-28;55.38;55.873;55.35;55.368;55.368;0
2012-05-29;55.748;56.233;55.65;55.668;55.668;0
2012-05-30;56.153;56.488;55.733;56.228;56.228;0
2012-05-31;56.238;56.265;55.35;56.078;56.078;0
2012-06-03;55.54;55.663;54.35;55.538;55.538;0
2012-06-04;55.318;55.895;55.3;55.648;55.648;0
2012-06-05;55.533;55.61;55.15;55.638;55.638;0
2012-06-06;55.21;55.218;54.75;55.358;55.358;0
2012-06-07;55.188;55.64;54.82;54.938;54.938;0
2012-06-10;55.418;55.81;55.08;55.418;55.418;0
2012-06-11;55.823;56.07;55.61;55.658;55.658;0
2012-06-12;55.713;55.905;55.52;55.798;55.798;0
2012-06-13;55.698;55.878;55.5;55.678;55.678;0
2012-06-14;55.703;55.77;55.343;55.798;55.798;0
2012-06-17;55.33;56.03;55.325;55.388;55.388;0
2012-06-18;55.903;56.11;55.778;55.903;55.903;0
2012-06-19;55.853;56.248;55.75;55.948;55.948;0
2012-06-20;56.103;56.538;56.1;56.148;56.148;0
2012-06-21;56.298;57.33;56.203;56.298;56.298;0
2012-06-24;57.145;57.145;56.41;57.118;57.118;0
2012-06-25;57.008;57.183;56.848;57.008;57.008;0
2012-06-26;57.008;57.238;56.818;57.008;57.008;0
2012-06-27;56.883;57.15;56.7;56.85;56.85;0
2012-06-28;56.798;56.8;55.45;56.798;56.798;0
2012-07-01;55.57;55.9;55.35;55.503;55.503;0
2012-07-02;55.428;55.428;54.25;55.428;55.428;0
2012-07-03;54.303;54.85;54.17;54.358;54.358;0
2012-07-04;54.563;55.22;54.423;54.478;54.478;0
2012-07-05;54.938;55.638;54.938;54.938;54.938;0
2012-07-08;55.403;56.063;54.87;55.403;55.403;0
2012-07-09;55.843;55.928;55.33;55.843;55.843;0
2012-07-10;55.388;55.71;55.26;55.388;55.388;0
2012-07-11;55.618;55.948;55.448;55.618;55.618;0
2012-07-12;55.928;55.928;54.94;55.928;55.928;0
2012-07-15;55.15;55.373;54.775;55.138;55.138;0
2012-07-16;55.048;55.21;54.828;55.048;55.048;0
2012-07-17;55.054;55.538;54.953;55.098;55.098;0
2012-07-18;55.253;55.44;55;55.313;55.313;0
2012-07-19;55.118;55.323;55.043;55.118;55.118;0
2012-07-22;55.32;55.98;55.32;55.318;55.318;0
2012-07-23;55.963;56.228;55.898;55.963;55.963;0
2012-07-24;56.08;56.428;55.95;56.108;56.108;0
2012-07-25;56.003;56.1;55.398;56.158;56.158;0
2012-07-26;55.518;55.618;55.233;55.518;55.518;0
2012-07-29;55.248;55.61;55.2;55.248;55.248;0
2012-07-30;55.423;55.853;55.398;55.423;55.423;0
2012-07-31;55.648;55.748;55.418;55.648;55.648;0
2012-08-01;55.468;55.89;55.46;55.468;55.468;0
2012-08-02;55.838;56.193;55.4;55.838;55.838;0
2012-08-05;55.74;55.74;55.24;55.748;55.748;0
2012-08-06;55.47;55.5;54.9;55.518;55.518;0
2012-08-07;55.063;55.418;54.9;55.063;55.063;0
2012-08-08;55.188;55.37;55.04;55.418;55.418;0
2012-08-09;55.233;55.47;55.11;55.268;55.268;0
2012-08-12;55.27;55.468;55.16;55.278;55.278;0
2012-08-13;55.338;55.77;55.338;55.338;55.338;0
2012-08-14;55.648;55.66;55.523;55.648;55.648;0
2012-08-15;55.648;56.018;55.6;55.648;55.648;0
2012-08-16;55.618;55.77;55.57;55.618;55.618;0
2012-08-19;55.523;55.668;55.498;55.728;55.728;0
2012-08-20;55.668;55.73;55.423;55.498;55.498;0
2012-08-21;55.465;55.553;55.318;55.363;55.363;0
2012-08-22;55.493;55.493;55.12;55.493;55.493;0
2012-08-23;55.176;55.538;55.176;55.258;55.258;0
2012-08-26;55.5;55.718;55.49;55.498;55.498;0
2012-08-27;55.616;55.88;55.616;55.688;55.688;0
2012-08-28;55.686;55.743;55.57;55.663;55.663;0
2012-08-29;55.623;55.738;55.568;55.623;55.623;0
2012-08-30;55.628;55.765;55.518;55.628;55.628;0
2012-09-02;55.52;55.588;55.4;55.518;55.518;0
2012-09-03;55.528;55.69;55.388;55.528;55.528;0
2012-09-04;55.648;55.998;55.648;55.648;55.648;0
2012-09-05;55.853;56.02;55.618;55.903;55.903;0
2012-09-06;55.658;55.658;55.268;55.658;55.658;0
2012-09-09;55.358;55.48;55.26;55.358;55.358;0
2012-09-10;55.438;55.54;55.248;55.438;55.438;0
2012-09-11;55.378;55.378;55.093;55.338;55.338;0
2012-09-12;55.174;55.478;55.174;55.208;55.208;0
2012-09-13;55.418;55.42;53.9;55.418;55.418;0
2012-09-16;54.3;54.3;53.685;54.298;54.298;0
2012-09-17;54.008;54.365;53.81;54.008;54.008;0
2012-09-18;54.018;54.018;53.9;54.018;54.018;0
2012-09-19;54.018;54.403;54.018;54.018;54.018;0
2012-09-20;54.298;54.298;53.34;54.258;54.258;0
2012-09-23;53.45;53.525;53.08;53.358;53.358;0
2012-09-24;53.468;53.618;53.15;53.468;53.468;0
2012-09-25;53.438;53.618;53.2;53.358;53.358;0
2012-09-26;53.538;53.543;52.973;53.508;53.508;0
2012-09-27;53.008;53.008;52.498;53.008;53.008;0
2012-09-30;52.848;53;52.3;52.848;52.848;0
2012-10-01;52.398;52.443;52.25;52.398;52.398;0
2012-10-02;52.398;52.533;52.128;52.398;52.398;0
2012-10-03;52.153;52.213;51.5;52.153;52.153;0
2012-10-04;51.705;52.028;51.403;51.738;51.738;0
2012-10-07;51.85;52.648;51.85;51.908;51.908;0
2012-10-08;52.638;52.818;52.24;52.638;52.638;0
2012-10-09;52.653;53.173;52.573;52.718;52.718;0
2012-10-10;53.003;53.15;52.578;53.043;53.043;0
2012-10-11;52.668;52.89;52.503;52.668;52.668;0
2012-10-14;52.803;53.14;52.65;52.803;52.803;0
2012-10-15;53.013;53.02;52.75;53.013;53.013;0
2012-10-16;52.783;52.983;52.673;52.868;52.868;0
2012-10-17;52.868;53.498;52.738;52.868;52.868;0
2012-10-18;53.408;53.99;53.303;53.408;53.408;0
2012-10-21;53.89;53.89;53.45;53.838;53.838;0
2012-10-22;53.468;53.838;53.348;53.468;53.468;0
2012-10-23;53.718;53.733;53.608;53.718;53.718;0
2012-10-24;53.733;53.823;53.468;53.733;53.733;0
2012-10-25;53.548;53.87;53.453;53.548;53.548;0
2012-10-29;53.825;54.078;53.76;53.548;53.548;0
2012-10-30;54.108;54.19;53.848;54.078;54.078;0
2012-10-31;54.029;54.2;53.77;53.958;53.958;0
2012-11-01;53.823;53.938;53.668;53.878;53.878;0
2012-11-02;53.688;53.84;53.6;53.653;53.653;0
2012-11-05;53.805;54.663;53.805;53.808;53.808;0
2012-11-06;54.503;54.791;54.358;54.588;54.588;0
2012-11-07;54.353;54.353;53.968;54.418;54.418;0
2012-11-08;54.198;54.658;54.108;54.198;54.198;0
2012-11-09;54.358;54.77;54.211;54.358;54.358;0
2012-11-12;54.588;55.103;54.588;54.588;54.588;0
2012-11-13;54.968;55.023;54.6;54.878;54.878;0
2012-11-14;54.878;54.943;54.803;54.878;54.878;0
2012-11-15;54.803;55.065;54.648;54.803;54.803;0
2012-11-16;54.698;55.183;54.618;54.698;54.698;0
2012-11-19;55.16;55.16;54.85;55.158;55.158;0
2012-11-20;55.048;55.128;54.8;55.058;55.058;0
2012-11-21;55.098;55.358;55;55.098;55.098;0
2012-11-22;54.95;55.293;54.95;55.108;55.108;0
2012-11-23;55.208;55.6;55.193;55.208;55.208;0
2012-11-26;55.51;55.87;55.35;55.443;55.443;0
2012-11-27;55.636;55.77;55.348;55.636;55.636;0
2012-11-28;55.448;55.708;55.36;55.448;55.448;0
2012-11-29;55.638;55.638;54.698;55.703;55.703;0
2012-11-30;54.838;54.84;54.222;54.838;54.838;0
2012-12-03;54.26;54.768;54.25;54.258;54.258;0
2012-12-04;54.653;54.95;54.55;54.768;54.768;0
2012-12-05;54.673;54.68;54.438;54.673;54.673;0
2012-12-06;54.538;54.57;54.023;54.538;54.538;0
2012-12-07;54.133;54.54;54.103;54.133;54.133;0
2012-12-10;54.338;54.565;54.27;54.338;54.338;0
2012-12-11;54.488;54.49;54.248;54.488;54.488;0
2012-12-12;54.203;54.328;54.148;54.258;54.258;0
2012-12-13;54.318;54.508;54.1;54.318;54.318;0
2012-12-14;54.468;54.668;54.263;54.458;54.458;0
2012-12-17;54.4;54.88;54.4;54.438;54.438;0
2012-12-18;54.848;55.04;54.623;54.848;54.848;0
2012-12-19;54.848;54.903;54.508;54.848;54.848;0
2012-12-20;54.548;54.895;54.473;54.548;54.548;0
2012-12-21;54.783;55.268;54.683;54.848;54.848;0
2012-12-24;55.075;55.205;54.948;55.058;55.058;0
2012-12-25;55.008;55.008;55.008;54.948;54.948;0
2012-12-26;55.008;55.07;54.7;55.008;55.008;0
2012-12-27;54.793;55.008;54.683;54.838;54.838;0
2012-12-28;54.853;54.963;54.75;54.942;54.942;0
2012-12-31;54.658;54.998;54.623;54.753;54.753;0
2013-01-01;54.993;54.993;54.668;54.993;54.993;0
2013-01-02;54.681;54.681;54.1;54.678;54.678;0
2013-01-03;54.348;54.59;54.15;54.348;54.348;0
2013-01-04;54.453;55.178;54.353;54.498;54.498;0
2013-01-07;55.065;55.333;54.88;54.88;54.88;0
2013-01-08;55.153;55.368;54.923;55.218;55.218;0
2013-01-09;54.943;55.068;54.7;54.988;54.988;0
2013-01-10;54.838;54.838;54.488;54.748;54.748;0
2013-01-11;54.503;54.83;54.352;54.558;54.558;0
2013-01-14;54.73;54.81;54.413;54.868;54.868;0
2013-01-15;54.503;54.678;54.338;54.493;54.493;0
2013-01-16;54.585;54.883;54.45;54.613;54.613;0
2013-01-17;54.688;54.773;54.208;54.688;54.688;0
2013-01-18;54.273;54.273;53.708;54.348;54.348;0
2013-01-21;53.738;53.95;53.64;53.738;53.738;0
2013-01-22;53.768;53.86;53.378;53.768;53.768;0
2013-01-23;53.703;53.8725;53.55;53.808;53.808;0
2013-01-24;53.738;53.873;53.593;53.668;53.668;0
2013-01-25;53.708;53.868;53.55;53.678;53.678;0
2013-01-28;53.82;54.043;53.66;53.793;53.793;0
2013-01-29;53.853;53.95;53.538;53.908;53.908;0
2013-01-30;53.758;53.758;53.203;53.758;53.758;0
2013-01-31;53.303;53.368;53.068;53.303;53.303;0
2013-02-01;53.213;53.385;53.03;53.213;53.213;0
2013-02-04;53.163;53.308;52.908;53.163;53.163;0
2013-02-05;53.2;53.388;53.068;53.283;53.283;0
2013-02-06;53.133;53.238;52.883;53.133;53.133;0
2013-02-07;53.153;53.333;53.043;53.153;53.153;0
2013-02-08;53.218;53.658;53.153;53.218;53.218;0
2013-02-11;53.553;53.978;53.46;53.588;53.588;0
2013-02-12;53.803;54.078;53.783;53.958;53.958;0
2013-02-13;53.753;53.9;53.693;53.848;53.848;0
2013-02-14;53.836;53.96;53.653;53.818;53.818;0
2013-02-15;53.898;54.333;53.793;53.918;53.918;0
2013-02-18;54.318;54.4175;54.138;54.318;54.318;0
2013-02-19;54.143;54.308;54.143;54.178;54.178;0
2013-02-20;54.163;54.193;54.018;54.163;54.163;0
2013-02-21;54.068;54.613;54.068;54.068;54.068;0
2013-02-22;54.468;54.538;54.158;54.468;54.468;0
2013-02-25;54.175;54.45;53.833;54.273;54.273;0
2013-02-26;53.863;54.21;53.803;53.863;53.863;0
2013-02-27;54.088;54.12;53.628;54.088;54.088;0
2013-02-28;53.858;54.503;53.606;53.858;53.858;0
2013-03-01;54.363;54.933;54.303;54.363;54.363;0
2013-03-04;54.89;55.13;54.798;54.898;54.898;0
2013-03-05;54.858;54.923;54.61;54.858;54.858;0
2013-03-06;54.843;54.873;54.615;54.918;54.918;0
2013-03-07;54.713;54.9;54.443;54.713;54.713;0
2013-03-08;54.566;54.566;54.268;54.558;54.558;0
2013-03-11;54.28;54.51;54.175;54.343;54.343;0
2013-03-12;54.416;54.416;54.073;54.408;54.408;0
2013-03-13;54.142;54.383;54.028;54.142;54.142;0
2013-03-14;54.352;54.51;54.168;54.363;54.363;0
2013-03-15;54.353;54.353;53.96;54.353;54.353;0
2013-03-18;54;54.34;54;54.023;54.023;0
2013-03-19;54.073;54.47;53.898;54.073;54.073;0
2013-03-20;54.443;54.538;54.258;54.368;54.368;0
2013-03-21;54.323;54.368;54.183;54.35;54.35;0
2013-03-22;54.423;54.427;54.258;54.278;54.278;0
2013-03-25;54.32;54.32;54.07;54.343;54.343;0
2013-03-26;54.287;54.463;54.153;54.168;54.168;0
2013-03-27;54.385;54.458;54.25;54.363;54.363;0
2013-03-28;54.388;54.448;54.268;54.388;54.388;0
2013-03-29;54.388;54.448;54.268;54.388;54.388;0
2013-03-31;54.28;54.28;54.2;54.278;54.278;0
2013-04-01;54.3;54.443;54.238;54.25;54.25;0
2013-04-02;54.363;54.503;54.27;54.423;54.423;0
2013-04-03;54.443;54.923;54.343;54.428;54.428;0
2013-04-04;54.883;54.883;54.75;54.883;54.883;0
2013-04-07;54.79;54.82;54.488;54.803;54.803;0
2013-04-08;54.61;54.648;54.4;54.558;54.558;0
2013-04-09;54.578;54.578;54.398;54.578;54.578;0
2013-04-10;54.392;54.45;54.298;54.513;54.513;0
2013-04-11;54.298;54.663;54.25;54.298;54.298;0
2013-04-14;54.52;54.79;54.398;54.513;54.513;0
2013-04-15;54.543;54.595;54.048;54.543;54.543;0
2013-04-16;53.993;54.208;53.783;54.148;54.148;0
2013-04-17;54.208;54.243;53.913;54.208;54.208;0
2013-04-18;53.843;54.003;53.843;54.023;54.023;0
2013-04-21;53.97;54.228;53.95;53.933;53.933;0
2013-04-22;54.138;54.41;54.083;54.138;54.138;0
2013-04-23;54.378;54.378;54.12;54.378;54.378;0
2013-04-24;54.273;54.273;54.08;54.273;54.273;0
2013-04-25;54.218;54.438;54.05;54.218;54.218;0
2013-04-28;54.34;54.38;54.15;54.373;54.373;0
2013-04-29;54.202;54.25;53.678;54.228;54.228;0
2013-04-30;53.748;53.748;53.6;53.798;53.798;0
2013-05-01;53.658;53.95;53.63;53.658;53.658;0
2013-05-02;53.818;54.038;53.763;53.808;53.808;0
2013-05-05;53.93;54.235;53.76;53.78;53.78;0
2013-05-06;54.127;54.355;54.038;54.173;54.173;0
2013-05-07;54.032;54.203;53.95;54.128;54.128;0
2013-05-08;54.077;54.348;54.022;54.158;54.158;0
2013-05-09;54.248;54.8;54.248;54.248;54.248;0
2013-05-12;54.803;55.015;54.7;54.803;54.803;0
2013-05-13;54.828;54.828;54.538;54.828;54.828;0
2013-05-14;54.798;54.89;54.648;54.798;54.798;0
2013-05-15;54.778;54.88;54.65;54.778;54.778;0
2013-05-16;54.778;55;54.65;54.778;54.778;0
2013-05-19;54.88;55.133;54.85;54.888;54.888;0
2013-05-20;55.1;55.478;54.948;55.108;55.108;0
2013-05-21;55.407;55.633;55.3;55.408;55.408;0
2013-05-22;55.653;55.99;55.538;55.653;55.653;0
2013-05-23;55.708;55.793;55.443;55.708;55.708;0
2013-05-26;55.63;55.75;55.518;55.813;55.813;0
2013-05-27;55.565;56.078;55.565;55.565;55.565;0
2013-05-28;56.108;56.343;55.96;56.108;56.108;0
2013-05-29;56.203;56.378;56.043;56.298;56.298;0
2013-05-30;56.283;56.748;56.283;56.378;56.378;0
2013-06-02;56.5;56.818;56.413;56.573;56.573;0
2013-06-03;56.653;56.7225;56.408;56.668;56.668;0
2013-06-04;56.488;56.848;56.308;56.438;56.438;0
2013-06-05;56.723;56.994;56.683;56.723;56.723;0
2013-06-06;56.748;57.108;56.688;56.838;56.838;0
2013-06-09;56.748;58.15;56.688;56.838;56.838;0
2013-06-10;56.748;58.978;56.688;56.838;56.838;0
2013-06-11;56.748;58.978;56.688;56.838;56.838;0
2013-06-12;57.828;58.545;57.78;57.828;57.828;0
2013-06-13;57.998;57.998;57.4;57.998;57.998;0
2013-06-16;57.498;58.013;57.498;57.498;57.498;0
2013-06-17;58.103;58.878;58.003;58.103;58.103;0
2013-06-18;58.838;58.89;58.618;58.838;58.838;0
2013-06-19;58.713;59.958;58.713;58.713;58.713;0
2013-06-20;59.568;59.753;59.148;59.568;59.568;0
2013-06-23;59.268;59.81;59.268;59.268;59.268;0
2013-06-24;59.808;59.808;59.433;59.808;59.808;0
2013-06-25;59.658;60.748;59.603;59.658;59.658;0
2013-06-26;60.713;60.713;60.118;60.713;60.713;0
2013-06-27;60.188;60.188;59.21;60.188;60.188;0
2013-06-30;59.526;59.596;58.959;59.526;59.526;0
2013-07-01;59.378;59.705;59.188;59.378;59.378;0
2013-07-02;59.548;60.439;59.548;59.548;59.548;0
2013-07-03;60.219;60.387;59.903;60.219;60.219;0
2013-07-04;60.175;61.385;60.01;60.175;60.175;0
2013-07-07;60.223;61.2;60.223;60.223;60.223;0
2013-07-08;60.688;60.688;59.803;60.688;60.688;0
2013-07-09;60.095;60.201;59.66;60.095;60.095;0
2013-07-10;59.888;59.953;59.388;59.888;59.888;0
2013-07-11;59.827;60.199;59.55;59.827;59.827;0
2013-07-14;59.61;60.2805;59.61;59.884;59.884;0
2013-07-15;59.06;60.082;58.56;59.808;59.808;0
2013-07-16;59.293;59.8458;58.94;59.293;59.293;0
2013-07-17;59.29;59.81;59.243;59.323;59.323;0
2013-07-18;59.74;59.91;59.31;59.738;59.738;0
2013-07-21;59.333;59.72;59.3;59.333;59.333;0
2013-07-22;59.718;59.85;59.3;59.718;59.718;0
2013-07-23;59.65;59.65;58.91;59.758;59.758;0
2013-07-24;59.127;59.363;58.72;59.127;59.127;0
2013-07-25;58.958;59.21;58.65;58.958;58.958;0
2013-07-28;59.06;59.78;59.04;59.06;59.06;0
2013-07-29;59.412;61.03;59.1;59.412;59.412;0
2013-07-30;60.808;61.22;60.368;60.808;60.808;0
2013-07-31;60.63;60.895;60.2;60.63;60.63;0
2013-08-01;60.433;61.128;60.433;60.433;60.433;0
2013-08-04;60.95;61;60.718;61.098;61.098;0
2013-08-05;60.877;61.809;60.75;60.877;60.877;0
2013-08-06;60.783;61.433;60.783;60.783;60.783;0
2013-08-07;61.203;61.383;60.703;61.203;61.203;0
2013-08-08;60.724;60.724;60.3;60.724;60.724;0
2013-08-11;60.35;61.3;60.35;60.672;60.672;0
2013-08-12;61.37;61.645;60.89;61.37;61.37;0
2013-08-13;61.193;61.58;61.143;61.45;61.45;0
2013-08-14;61.29;61.58;61.2;61.29;61.29;0
2013-08-15;61.26;62.23;61.26;61.26;61.26;0
2013-08-18;62.49;63.84;62.23;62.49;62.49;0
2013-08-19;63.85;64.093;63.03;63.85;63.85;0
2013-08-20;63.36;64.9;63.108;63.36;63.36;0
2013-08-21;64.69;65.553;64.108;64.69;64.69;0
2013-08-22;64.41;64.72;63.198;64.41;64.41;0
2013-08-25;64.07;64.72;63.68;64.07;64.07;0
2013-08-26;64.293;67.42;64.18;64.293;64.293;0
2013-08-27;66.303;69.21;66.303;66.86;66.86;0
2013-08-28;67.35;68.1;66.51;67.35;67.35;0
2013-08-29;67.39;67.45;65.728;67.39;67.39;0
2013-09-01;66.59;66.59;65.683;66.59;66.59;0
2013-09-02;66.51;68.43;65.998;66.51;66.51;0
2013-09-03;68.61;68.61;66.15;68.61;68.61;0
2013-09-04;66.27;66.51;65.45;66.27;66.27;0
2013-09-05;66.008;66.293;64.24;66.008;66.008;0
2013-09-08;65.238;65.238;64.49;65.238;65.238;0
2013-09-09;64.06;64.468;63.49;64.06;64.06;0
2013-09-10;63.62;64.29;63.04;63.62;63.62;0
2013-09-11;63.16;63.97;62.92;63.16;63.16;0
2013-09-12;63.62;64.158;63.2;63.62;63.62;0
2013-09-15;63.29;63.29;62.35;63.29;63.29;0
2013-09-16;63.29;63.623;62.95;63.29;63.29;0
2013-09-17;63.18;63.52;62.98;63.18;63.18;0
2013-09-18;63.58;63.58;61.6;63.58;63.58;0
2013-09-19;62.19;62.91;61.86;62.19;62.19;0
2013-09-22;62.72;62.94;62.23;62.72;62.72;0
2013-09-23;62.68;62.99;62.05;62.68;62.68;0
2013-09-24;62.72;62.865;61.86;62.72;62.72;0
2013-09-25;62.43;62.43;61.64;62.43;62.43;0
2013-09-26;61.73;63.19;61.71;61.73;61.73;0
2013-09-29;62.91;62.985;62.5;62.91;62.91;0
2013-09-30;62.58;62.68;62.09;62.58;62.58;0
2013-10-01;62.61;63.45;62.09;62.61;62.61;0
2013-10-02;62.07;62.418;59.89;62.07;62.07;0
2013-10-03;61.96;61.96;60.92;61.96;61.96;0
2013-10-06;61.38;61.94;61.38;61.38;61.38;0
2013-10-08;62.03;62.265;61.65;62.03;62.03;0
2013-10-09;61.81;62.3;61.11;61.81;61.81;0
2013-10-10;61.61;61.61;60;61.61;61.61;0
2013-10-13;60.99;61.54;60.99;60.99;60.99;0
2013-10-14;61.38;61.92;61.25;61.38;61.38;0
2013-10-15;61.83;61.83;61.35;61.83;61.83;0
2013-10-16;61.45;61.69;61.02;61.45;61.45;0
2013-10-17;61.1;61.71;60;61.1;61.1;0
2013-10-20;61.24;61.577;60.97;61.24;61.24;0
2013-10-21;60.62;61.81;60.62;60.62;60.62;0
2013-10-22;61.19;61.695;60.72;61.19;61.19;0
2013-10-23;61.52;61.678;61.3;61.52;61.52;0
2013-10-24;61.483;61.77;61.33;61.45;61.45;0
2013-10-28;61.44;61.597;61.41;61.44;61.44;0
2013-10-29;61.51;61.71;61.19;61.51;61.51;0
2013-10-30;61.45;61.565;61.07;61.45;61.45;0
2013-10-31;61.32;61.623;61.03;61.32;61.32;0
2013-11-01;62.22;62.38;61.698;62.22;62.22;0
2013-11-04;62.2;62.2;61.743;62.2;62.2;0
2013-11-05;61.98;62.22;61.43;61.98;61.98;0
2013-11-06;62.16;62.538;61.8;62.16;62.16;0
2013-11-07;62.47;63.02;62.383;62.47;62.47;0
2013-11-08;62.85;63.69;62.39;62.85;62.85;0
2013-11-11;63.34;63.55;62.96;63.34;63.34;0
2013-11-12;63.48;63.92;62.93;63.48;63.48;0
2013-11-13;63.96;63.96;63.04;63.96;63.96;0
2013-11-14;63.37;63.37;62.77;63.37;63.37;0
2013-11-15;63.04;63.255;62.74;63.04;63.04;0
2013-11-18;62.71;63.11;62.11;62.71;62.71;0
2013-11-19;62.2;62.37;61.47;62.2;62.2;0
2013-11-20;62.11;62.648;61.69;62.11;62.11;0
2013-11-21;62.76;63.044;62.48;62.76;62.76;0
2013-11-22;62.99;63.12;62.73;62.99;62.99;0
2013-11-25;62.24;62.87;61.93;62.24;62.24;0
2013-11-26;62.17;62.651;62.17;62.503;62.503;0
2013-11-27;62.46;62.503;62.138;62.46;62.46;0
2013-11-28;62.143;62.54;62.143;62.54;62.54;0
2013-11-29;62.29;62.6225;61.86;62.413;62.413;0
2013-12-02;62.46;62.46;61.83;62.46;62.46;0
2013-12-03;62.318;62.44;62.18;62.318;62.318;0
2013-12-04;62.38;62.55;61.74;62.363;62.363;0
2013-12-05;61.7;62.053;61.52;61.7;61.7;0
2013-12-06;61.58;61.8;61.05;61.58;61.58;0
2013-12-09;61.15;61.428;60.73;61.15;61.15;0
2013-12-10;60.87;61.4;60.87;60.87;60.87;0
2013-12-11;60.98;61.48;60.96;60.98;60.98;0
2013-12-12;61.59;62.18;61.248;61.59;61.59;0
2013-12-13;62.16;62.31;61.813;62.16;62.16;0
2013-12-16;62.188;62.2075;61.6;62.188;62.188;0
2013-12-17;61.688;62.06;61.688;61.78;61.78;0
2013-12-18;61.71;62.187;61.71;61.71;61.71;0
2013-12-19;62.03;62.65;62.003;62.03;62.03;0
2013-12-20;62.46;62.5;61.93;62.46;62.46;0
2013-12-23;61.993;62.07;61.75;62.02;62.02;0
2013-12-24;61.84;61.958;61.712;61.84;61.84;0
2013-12-25;61.79;61.8;61.748;61.748;61.748;0
2013-12-26;61.79;62.11;61.59;61.79;61.79;0
2013-12-27;61.89;62.145;61.57;61.89;61.89;0
2013-12-30;61.67;62.154;61.67;61.67;61.67;0
2013-12-31;61.78;61.942;61.59;61.78;61.78;0
2014-01-01;61.84;61.97;61.803;61.803;61.803;0
2014-01-02;61.84;62.406;61.74;61.84;61.84;0
2014-01-03;62.06;62.57;62.06;62.06;62.06;0
2014-01-06;62.23;62.45;61.94;62.23;62.23;0
2014-01-07;62.31;62.45;61.94;62.31;62.31;0
2014-01-08;62.08;62.298;61.8;62.08;62.08;0
2014-01-09;62.12;62.233;61.94;62.12;62.12;0
2014-01-10;61.78;62.088;61.32;61.78;61.78;0
2014-01-13;61.44;61.9;61.15;61.44;61.44;0
2014-01-14;61.47;61.6;61.34;61.47;61.47;0
2014-01-15;61.47;61.705;61.42;61.47;61.47;0
2014-01-16;61.54;61.68;61.14;61.54;61.54;0
2014-01-17;61.42;61.59;61.27;61.42;61.42;0
2014-01-20;61.55;61.67;61.51;61.55;61.55;0
2014-01-21;61.54;62.08;61.35;61.618;61.618;0
2014-01-22;61.97;62;61.758;61.97;61.97;0
2014-01-23;61.87;62.05;61.77;61.87;61.87;0
2014-01-24;62.13;62.76;61.925;62.13;62.13;0
2014-01-27;62.73;63.34;62.65;62.73;62.73;0
2014-01-28;63.38;63.38;62.5;63.38;63.38;0
2014-01-29;62.38;63.01;62.07;62.38;62.38;0
2014-01-30;62.83;63.01;62.32;62.468;62.468;0
2014-01-31;62.31;62.78;62.31;62.31;62.31;0
2014-02-03;62.5;62.85;62.24;62.5;62.5;0
2014-02-04;62.87;62.87;62.29;62.87;62.87;0
2014-02-05;62.13;62.603;62.13;62.13;62.13;0
2014-02-06;62.23;62.593;62.14;62.23;62.23;0
2014-02-07;62.23;62.41;61.79;62.23;62.23;0
2014-02-10;62.09;62.4925;61.84;62.09;62.09;0
2014-02-11;62.31;62.45;62.02;62.448;62.448;0
2014-02-12;62.03;62.218;61.65;62.03;62.03;0
2014-02-13;61.68;62.448;61.68;61.68;61.68;0
2014-02-14;62.15;62.42;61.68;62.15;62.15;0
2014-02-17;61.83;62.0625;61.7;61.83;61.83;0
2014-02-18;61.79;62.3;61.79;61.79;61.79;0
2014-02-19;62.21;62.27;62.01;62.21;62.21;0
2014-02-20;62.26;62.44;61.93;62.26;62.26;0
2014-02-21;62.13;62.233;61.94;62.13;62.13;0
2014-02-24;62.01;62.16;61.83;62.01;62.01;0
2014-02-25;62.068;62.068;61.74;62.068;62.068;0
2014-02-26;61.978;62.2;61.68;61.978;61.978;0
2014-02-27;62.15;62.21;61.978;62.15;62.15;0
2014-02-28;62.02;62.16;61.63;62.02;62.02;0
2014-03-03;61.82;62.11;61.67;61.82;61.82;0
2014-03-04;62.17;62.17;61.68;62.17;62.17;0
2014-03-05;61.6;61.903;61.29;61.6;61.6;0
2014-03-06;61.7;61.748;60.88;61.748;61.748;0
2014-03-07;60.8;61.21;60.77;60.8;60.8;0
2014-03-10;61.23;61.42;60.785;61.23;61.23;0
2014-03-11;60.81;61.03;60.53;60.81;60.81;0
2014-03-12;61.04;61.33;60.85;61.04;61.04;0
2014-03-13;60.77;61.22;60.77;60.77;60.77;0
2014-03-14;61.46;61.58;61;61.46;61.46;0
2014-03-17;60.98;61.198;60.86;60.98;60.98;0
2014-03-18;61.04;61.25;60.85;61.04;61.04;0
2014-03-19;60.74;61.16;60.74;61.108;61.108;0
2014-03-20;61.15;61.36;60.968;60.95;60.95;0
2014-03-21;61.11;61.333;60.75;61.333;61.333;0
2014-03-24;61.02;61.02;60.47;61.02;61.02;0
2014-03-25;60.59;60.773;60.07;60.59;60.59;0
2014-03-26;60.22;60.478;59.87;60.22;60.22;0
2014-03-27;60.16;60.36;60.03;60.16;60.16;0
2014-03-28;60.17;60.31;59.64;60.238;60.238;0
2014-03-30;59.883;60.09;59.64;59.84;59.84;0
2014-03-31;60.008;60.05;59.66;59.99;59.99;0
2014-04-01;60.008;60.008;59.593;59.78;59.78;0
2014-04-02;59.898;60.42;59.66;59.898;59.898;0
2014-04-03;60.39;60.39;59.67;60.39;60.39;0
2014-04-06;59.67;60.24;59.67;59.67;59.67;0
2014-04-07;60.108;60.15;59.94;60.12;60.12;0
2014-04-08;60.083;60.2;59.823;60.09;60.09;0
2014-04-09;60.138;60.34;59.96;59.96;59.96;0
2014-04-10;60.068;60.38;60.06;60.3;60.3;0
2014-04-13;60.173;60.58;60.14;60.34;60.34;0
2014-04-14;60.34;60.39;60.09;60.34;60.34;0
2014-04-15;60.228;60.42;60.14;60.3;60.3;0
2014-04-16;60.368;60.494;60.2;60.25;60.25;0
2014-04-17;60.288;60.29;60.15;60.29;60.29;0
2014-04-20;60.288;60.6;60.15;60.15;60.15;0
2014-04-21;60.48;60.88;60.288;60.48;60.48;0
2014-04-22;60.88;61.18;60.758;60.758;60.758;0
2014-04-23;61.088;61.2;61.003;61.01;61.01;0
2014-04-24;61.103;61.17;60.51;61.12;61.12;0
2014-04-27;60.638;60.73;60.39;60.638;60.638;0
2014-04-28;60.643;60.643;60.15;60.643;60.643;0
2014-04-29;60.418;60.418;60.15;60.418;60.418;0
2014-04-30;60.12;60.338;60.04;60.12;60.12;0
2014-05-01;60.263;60.29;59.9;60.14;60.14;0
2014-05-04;60.178;60.234;59.96;60.02;60.02;0
2014-05-05;60.11;60.233;59.79;60.11;60.11;0
2014-05-06;59.978;60.138;59.84;59.978;59.978;0
2014-05-07;60.018;60.073;59.82;59.89;59.89;0
2014-05-08;59.893;60.1;59.78;59.93;59.93;0
2014-05-11;59.958;60.103;59.08;59.85;59.85;0
2014-05-12;59.42;59.923;59.36;59.42;59.42;0
2014-05-13;59.31;59.51;59.31;59.31;59.31;0
2014-05-14;59.478;59.59;59.108;59.4;59.4;0
2014-05-15;59.33;59.353;58.52;59.33;59.33;0
2014-05-18;58.578;58.588;58.33;58.56;58.56;0
2014-05-19;58.368;58.8;58.368;58.368;58.368;0
2014-05-20;58.583;58.853;58.51;58.583;58.583;0
2014-05-21;58.688;58.688;58.17;58.688;58.688;0
2014-05-22;58.278;58.55;58.24;58.278;58.278;0
2014-05-25;58.518;58.898;58.36;58.42;58.42;0
2014-05-26;58.653;59.088;58.42;58.65;58.65;0
2014-05-27;59.038;59.204;58.74;59.038;59.038;0
2014-05-28;58.938;59.058;58.64;58.83;58.83;0
2014-05-29;58.913;59.2;58.88;58.9;58.9;0
2014-06-01;59.188;59.32;59.04;59.188;59.188;0
2014-06-02;59.073;59.43;59.02;59.16;59.16;0
2014-06-03;59.3;59.4425;59.13;59.3;59.3;0
2014-06-04;59.273;59.35;59.04;59.26;59.26;0
2014-06-05;59.123;59.22;58.77;59.163;59.163;0
2014-06-08;59.168;59.205;58.83;59.168;59.168;0
2014-06-09;59.123;59.33;59.1;59.198;59.198;0
2014-06-10;59.208;59.348;59.12;59.12;59.12;0
2014-06-11;59.333;59.36;59.09;59.333;59.333;0
2014-06-12;59.288;59.83;59.24;59.288;59.288;0
2014-06-15;59.703;60.25;59.64;59.703;59.703;0
2014-06-16;60.09;60.48;60.018;60.09;60.09;0
2014-06-17;60.323;60.53;60.04;60.323;60.323;0
2014-06-18;60.293;60.39;59.44;59.81;59.81;0
2014-06-19;60.16;60.328;60.07;60.16;60.16;0
2014-06-22;60.08;60.283;60;60.168;60.168;0
2014-06-23;60.153;60.21;60.03;60.153;60.153;0
2014-06-24;60.19;60.41;59.95;60.19;60.19;0
2014-06-25;60.078;60.29;59.95;59.95;59.95;0
2014-06-26;60.203;60.203;59.7;60.08;60.08;0
2014-06-29;60.038;60.253;59.86;60.038;60.038;0
2014-06-30;60.053;60.18;59.91;59.97;59.97;0
2014-07-01;60.028;60.078;59.42;60.028;60.028;0
2014-07-02;59.685;59.838;59.24;59.44;59.44;0
2014-07-03;59.733;59.813;59.57;59.61;59.61;0
2014-07-06;59.718;60.038;59.63;59.718;59.718;0
2014-07-07;59.883;59.978;59.678;59.948;59.948;0
2014-07-08;59.748;59.928;59.664;59.748;59.748;0
2014-07-09;59.683;60.208;59.578;59.758;59.758;0
2014-07-10;60.188;60.298;59.918;60.188;60.188;0
2014-07-13;60.088;60.185;59.91;60.088;60.088;0
2014-07-14;60.06;60.223;60;60.06;60.06;0
2014-07-15;60.118;60.25;60.04;60.17;60.17;0
2014-07-16;60.118;60.34;59.97;60.08;60.08;0
2014-07-17;60.6;60.62;60.178;60.6;60.6;0
2014-07-20;60.278;60.343;60.02;60.278;60.278;0
2014-07-21;60.25;60.3;60.05;60.25;60.25;0
2014-07-22;60.098;60.19;59.87;60.098;60.098;0
2014-07-23;60.013;60.158;59.74;59.86;59.86;0
2014-07-24;60.118;60.19;59.98;60.06;60.06;0
2014-07-27;60.05;60.158;59.91;60.053;60.053;0
2014-07-28;60.083;60.27;60.04;60.05;60.05;0
2014-07-29;60.04;60.38;60.02;60.04;60.04;0
2014-07-30;60.058;60.88;60.058;60.25;60.25;0
2014-07-31;60.548;61.43;60.51;60.77;60.77;0
2014-08-03;61.208;61.21;60.82;61.208;61.208;0
2014-08-04;60.9;61.08;60.67;60.9;60.9;0
2014-08-05;60.843;61.57;60.843;60.843;60.843;0
2014-08-06;61.493;61.54;61.19;61.19;61.19;0
2014-08-07;61.238;61.72;61.08;61.238;61.238;0
2014-08-10;61.138;61.27;60.98;61.138;61.138;0
2014-08-11;61.168;61.33;61.068;61.12;61.12;0
2014-08-12;61.078;61.29;60.97;61.22;61.22;0
2014-08-13;61.02;61.113;60.74;61.02;61.02;0
2014-08-14;60.64;60.96;60.64;60.64;60.64;0
2014-08-17;60.96;60.96;60.73;60.773;60.773;0
2014-08-18;60.82;60.82;60.55;60.82;60.82;0
2014-08-19;60.668;60.9;60.41;60.74;60.74;0
2014-08-20;60.608;60.81;60.5;60.608;60.608;0
2014-08-21;60.668;60.668;60.28;60.44;60.44;0
2014-08-24;60.463;60.568;60.36;60.463;60.463;0
2014-08-25;60.563;60.563;60.35;60.51;60.51;0
2014-08-26;60.428;60.503;60.29;60.428;60.428;0
2014-08-27;60.448;60.69;60.28;60.448;60.448;0
2014-08-28;60.493;60.58;60.31;60.61;60.61;0
2014-08-31;60.513;60.54;60.418;60.513;60.513;0
2014-09-01;60.523;60.7;60.4;60.523;60.523;0
2014-09-02;60.678;60.678;60.328;60.678;60.678;0
2014-09-03;60.39;60.483;60.11;60.39;60.39;0
2014-09-04;60.353;60.498;60.16;60.37;60.37;0
2014-09-07;60.2;60.388;60.07;60.388;60.388;0
2014-09-08;60.268;60.86;60.268;60.38;60.38;0
2014-09-09;60.598;61.05;60.598;60.79;60.79;0
2014-09-10;60.923;60.94;60.718;60.8;60.8;0
2014-09-11;60.923;61.008;60.648;60.81;60.81;0
2014-09-14;60.648;61.16;60.648;60.648;60.648;0
2014-09-15;60.97;61.158;60.84;60.97;60.97;0
2014-09-16;61.053;61.053;60.67;61.053;61.053;0
2014-09-17;60.908;61.2;60.7;60.908;60.908;0
2014-09-18;60.69;60.888;60.6;60.69;60.69;0
2014-09-21;60.82;60.98;60.71;60.853;60.853;0
2014-09-22;60.938;61.048;60.59;61;61;0
2014-09-23;61.048;61.048;60.84;60.98;60.98;0
2014-09-24;60.81;61.46;60.81;60.81;60.81;0
2014-09-25;61.49;61.6;61.013;61.49;61.49;0
2014-09-28;61.38;61.62;61.138;61.138;61.138;0
2014-09-29;61.553;62.01;61.49;61.553;61.553;0
2014-09-30;61.82;62;61.57;61.82;61.82;0
2014-10-01;61.713;61.73;61.32;61.713;61.713;0
2014-10-02;61.538;61.8;61.36;61.44;61.44;0
2014-10-05;61.538;61.71;61.33;61.538;61.538;0
2014-10-06;61.21;61.538;61.18;61.21;61.21;0
2014-10-07;61.298;61.54;61.27;61.27;61.27;0
2014-10-08;60.88;61.353;60.78;60.88;60.88;0
2014-10-09;61.048;61.348;60.98;61.02;61.02;0
2014-10-12;61.278;61.28;60.74;61.278;61.278;0
2014-10-13;61.003;61.47;60.89;61.003;61.003;0
2014-10-14;61.393;61.47;61.14;61.393;61.393;0
2014-10-15;61.373;61.95;61.373;61.373;61.373;0
2014-10-16;61.723;61.738;61.02;61.723;61.723;0
2014-10-19;61.358;61.358;61.01;61.358;61.358;0
2014-10-20;61.228;61.358;61;61.228;61.228;0
2014-10-21;61.143;61.288;61;61.143;61.143;0
2014-10-22;61.193;61.29;61.09;61.1;61.1;0
2014-10-23;61.163;61.23;61.11;61.13;61.13;0
2014-10-27;61.163;61.355;61.05;61.163;61.163;0
2014-10-28;61.243;61.405;61.14;61.298;61.298;0
2014-10-29;61.15;61.35;61.13;61.181;61.181;0
2014-10-30;61.283;61.54;61.283;61.283;61.283;0
2014-10-31;61.433;61.608;61.27;61.433;61.433;0
2014-11-03;61.398;61.5;61.26;61.398;61.398;0
2014-11-04;61.353;61.41;61.26;61.413;61.413;0
2014-11-05;61.288;61.55;61.27;61.288;61.288;0
2014-11-06;61.428;61.503;61.17;61.37;61.37;0
2014-11-07;61.51;61.74;61.29;61.493;61.493;0
2014-11-10;61.4;61.57;61.32;61.513;61.513;0
2014-11-11;61.53;61.64;61.478;61.53;61.53;0
2014-11-12;61.49;61.553;61.36;61.49;61.49;0
2014-11-13;61.39;61.585;61.31;61.368;61.368;0
2014-11-14;61.54;61.853;61.49;61.593;61.593;0
2014-11-17;61.708;61.83;61.41;61.708;61.708;0
2014-11-18;61.728;61.86;61.64;61.823;61.823;0
2014-11-19;61.718;62.05;61.718;61.718;61.718;0
2014-11-20;61.938;62.24;61.86;61.938;61.938;0
2014-11-21;61.87;61.923;61.45;61.923;61.923;0
2014-11-24;61.68;61.958;61.52;61.76;61.76;0
2014-11-25;61.853;62.028;61.77;61.853;61.853;0
2014-11-26;61.84;61.9;61.73;61.84;61.84;0
2014-11-27;61.728;61.908;61.66;61.788;61.788;0
2014-11-28;61.753;62.23;61.68;61.853;61.853;0
2014-12-01;62.203;62.23;54.7;62.203;62.203;0
2014-12-02;61.903;62.03;61.79;61.948;61.948;0
2014-12-03;61.788;61.948;61.29;61.788;61.788;0
2014-12-04;61.856;61.95;61.74;61.856;61.856;0
2014-12-05;61.62;61.98;61.37;61.783;61.783;0
2014-12-08;61.911;61.99;61.78;61.911;61.911;0
2014-12-09;61.818;61.95;61.78;61.818;61.818;0
2014-12-10;61.798;62.12;61.763;61.873;61.873;0
2014-12-11;62.003;62.53;62.003;62.003;62.003;0
2014-12-12;62.203;62.59;62.203;62.473;62.473;0
2014-12-15;62.518;63.3;62.27;62.518;62.518;0
2014-12-16;62.903;63.95;62.803;63.168;63.168;0
2014-12-17;63.528;63.878;63.35;63.653;63.653;0
2014-12-18;63.23;63.518;62.8;63.518;63.518;0
2014-12-19;62.99;63.328;62.96;62.983;62.983;0
2014-12-22;63.238;63.3;62.94;63.24;63.24;0
2014-12-23;63.223;63.48;63.15;63.223;63.223;0
2014-12-24;63.33;63.558;63.21;63.433;63.433;0
2014-12-25;63.4;63.4;63.4;63.4;63.4;0
2014-12-26;63.43;63.65;63.25;63.513;63.513;0
2014-12-29;63.513;63.708;63.513;63.59;63.59;0
2014-12-30;63.663;63.778;63.24;63.663;63.663;0
2014-12-31;63.378;63.38;62.88;63.378;63.378;0
2015-01-01;63.028;63.09;63.028;63.028;63.028;0
2015-01-02;63.09;63.46;62.9;63.028;63.028;0
2015-01-05;63.278;63.48;63.17;63.278;63.278;0
2015-01-06;63.338;63.618;63.25;63.338;63.338;0
2015-01-07;63.47;63.58;63.15;63.568;63.568;0
2015-01-08;63.273;63.273;61.6;63.273;63.273;0
2015-01-09;62.668;62.668;62;62.668;62.668;0
2015-01-12;62.348;62.348;61.93;62.348;62.348;0
2015-01-13;62.068;62.168;61.92;62.068;62.068;0
2015-01-14;61.973;62.228;61.87;61.973;61.973;0
2015-01-15;62.16;62.17;61.41;62.088;62.088;0
2015-01-16;62.058;62.18;61.59;62.058;62.058;0
2015-01-19;61.863;61.863;61.51;61.863;61.863;0
2015-01-20;61.66;61.888;61.61;61.638;61.638;0
2015-01-21;61.62;61.71;61.41;61.648;61.648;0
2015-01-22;61.52;61.77;61.33;61.553;61.553;0
2015-01-23;61.53;61.598;61.23;61.598;61.598;0
2015-01-26;61.31;61.56;61.31;61.433;61.433;0
2015-01-27;61.473;61.483;61.27;61.473;61.473;0
2015-01-28;61.33;61.53;61.18;61.403;61.403;0
2015-01-29;61.07;61.903;61.07;61.351;61.351;0
2015-01-30;61.795;62.08;61.69;61.796;61.796;0
2015-02-02;62.013;62.04;61.59;62.013;62.013;0
2015-02-03;61.765;61.87;61.59;61.728;61.728;0
2015-02-04;61.615;61.9;61.54;61.614;61.614;0
2015-02-05;61.874;61.97;61.69;61.86;61.86;0
2015-02-06;61.793;61.96;61.58;61.733;61.733;0
2015-02-09;61.963;62.24;61.95;61.963;61.963;0
2015-02-10;62.09;62.37;61.928;62.13;62.13;0
2015-02-11;62.34;62.51;62.1;62.342;62.342;0
2015-02-12;62.363;62.53;62.11;62.382;62.382;0
2015-02-13;62.172;62.24;61.94;62.17;62.17;0
2015-02-16;62.069;62.27;61.98;62.069;62.069;0
2015-02-17;62.168;62.33;62.05;62.186;62.186;0
2015-02-18;62.143;62.37;62.08;62.112;62.112;0
2015-02-19;62.076;62.19;62.05;62.074;62.074;0
2015-02-20;62.164;62.3;62.14;62.165;62.165;0
2015-02-23;62.101;62.318;62.06;62.101;62.101;0
2015-02-24;62.166;62.353;62.03;62.171;62.171;0
2015-02-25;62.233;62.233;61.86;62.233;62.233;0
2015-02-26;61.94;62.01;61.61;61.877;61.877;0
2015-02-27;61.752;61.893;61.27;61.754;61.754;0
2015-03-02;61.651;61.993;61.63;61.651;61.651;0
2015-03-03;61.883;61.97;61.798;61.901;61.901;0
2015-03-04;61.816;62.41;61.653;61.813;61.813;0
2015-03-05;62.304;62.358;62.148;62.305;62.305;0
2015-03-06;62.408;62.79;62.2;62.443;62.443;0
2015-03-09;62.453;62.8;62.453;62.453;62.453;0
2015-03-10;62.69;62.92;62.6;62.673;62.673;0
2015-03-11;62.87;62.94;62.699;62.713;62.713;0
2015-03-12;62.71;62.8;62.3;62.755;62.755;0
2015-03-13;62.543;63.08;62.423;62.535;62.535;0
2015-03-16;63.076;63.076;62.68;63.076;63.076;0
2015-03-17;62.74;62.843;62.647;62.789;62.789;0
2015-03-18;62.641;62.79;61.86;62.616;62.616;0
2015-03-19;62.15;62.693;61.87;62.693;62.693;0
2015-03-20;62.42;62.58;61.92;62.483;62.483;0
2015-03-23;62.403;62.403;62.06;62.403;62.403;0
2015-03-24;62.223;62.412;62.09;62.223;62.223;0
2015-03-25;62.313;62.428;62.09;62.278;62.278;0
2015-03-26;62.433;62.86;62.39;62.462;62.462;0
2015-03-27;62.833;62.843;62.32;62.829;62.829;0
2015-03-29;62.56;62.68;62.32;62.515;62.515;0
2015-03-30;62.517;62.673;62.24;62.509;62.509;0
2015-03-31;62.313;62.395;61.95;62.306;62.306;0
2015-04-01;62.169;62.24;62.04;62.169;62.169;0
2015-04-02;62.06;62.13;61.56;62.06;62.06;0
2015-04-05;62.06;62.22;61.79;62.06;62.06;0
2015-04-06;62.06;62.418;62.06;62.06;62.06;0
2015-04-07;62.309;62.354;62.1;62.309;62.309;0
2015-04-08;62.19;62.283;62.09;62.182;62.182;0
2015-04-09;62.314;62.403;62.18;62.314;62.314;0
2015-04-12;62.269;62.563;62.17;62.269;62.269;0
2015-04-13;62.391;62.42;62.208;62.391;62.391;0
2015-04-14;62.321;62.453;61.51;62.314;62.314;0
2015-04-15;62.354;62.393;62.21;62.39;62.39;0
2015-04-16;62.324;62.505;62.26;62.326;62.326;0
2015-04-19;62.55;63.1;62.38;62.543;62.543;0
2015-04-20;63.143;63.15;62.748;63.145;63.145;0
2015-04-21;62.883;63.02;62.728;62.878;62.878;0
2015-04-22;62.943;63.41;62.86;62.935;62.935;0
2015-04-23;63.283;63.65;63.17;63.287;63.287;0
2015-04-26;63.68;63.78;63.27;63.655;63.655;0
2015-04-27;63.339;63.47;62.56;63.14;63.14;0
2015-04-28;63.033;63.453;63.03;63.033;63.033;0
2015-04-29;63.435;63.74;63.38;63.442;63.442;0
2015-04-30;63.523;63.72;63.47;63.523;63.523;0
2015-05-03;63.72;63.72;63.4;63.523;63.523;0
2015-05-04;63.593;63.606;63.31;63.593;63.593;0
2015-05-05;63.344;63.65;62.83;63.344;63.344;0
2015-05-06;63.659;64.31;63.6;63.66;63.66;0
2015-05-07;64.098;64.217;63.27;64.082;64.082;0
2015-05-10;63.69;64;63.4;63.704;63.704;0
2015-05-11;64.018;64.42;63.992;64.02;64.02;0
2015-05-12;64.211;64.264;63.842;64.211;64.211;0
2015-05-13;64.045;64.045;63.37;64.044;64.044;0
2015-05-14;63.409;63.654;63.32;63.408;63.408;0
2015-05-17;63.433;63.733;63.35;63.433;63.433;0
2015-05-18;63.737;63.86;63.5;63.729;63.729;0
2015-05-19;63.781;63.873;63.4;63.785;63.785;0
2015-05-20;63.624;63.743;63.503;63.625;63.625;0
2015-05-21;63.63;63.673;63.39;63.626;63.626;0
2015-05-24;63.483;63.66;63.47;63.483;63.483;0
2015-05-25;63.607;64.013;63.47;63.571;63.571;0
2015-05-26;63.991;64.153;63.85;63.976;63.976;0
2015-05-27;63.875;64;63.7;63.874;63.874;0
2015-05-28;63.825;63.939;63.66;63.825;63.825;0
2015-05-31;63.736;63.8;63.5;63.736;63.736;0
2015-06-01;63.613;63.958;63.609;63.61;63.61;0
2015-06-02;63.663;64.063;63.64;63.662;63.662;0
2015-06-03;64.063;64.24;63.938;64.059;64.059;0
2015-06-04;63.998;64.15;63.74;64.001;64.001;0
2015-06-07;63.762;64.163;63.762;63.762;63.762;0
2015-06-08;64.022;64.031;63.843;63.976;63.976;0
2015-06-09;64.044;64.063;63.75;64.038;64.038;0
2015-06-10;63.8;64.013;63.743;63.799;63.799;0
2015-06-11;63.999;64.18;63.88;63.999;63.999;0
2015-06-14;64.092;64.19;63.97;64.092;64.092;0
2015-06-15;64.052;64.315;63.97;64.052;64.052;0
2015-06-16;64.182;64.273;63.89;64.182;64.182;0
2015-06-17;64.003;64.003;63.58;64.003;64.003;0
2015-06-18;63.673;63.858;63.417;63.645;63.645;0
2015-06-21;63.492;63.58;63.36;63.492;63.492;0
2015-06-22;63.507;63.687;63.39;63.507;63.507;0
2015-06-23;63.593;63.703;63.49;63.6;63.6;0
2015-06-24;63.523;63.633;63.46;63.562;63.562;0
2015-06-25;63.511;63.638;63.49;63.511;63.511;0
2015-06-28;63.444;63.95;63.444;63.444;63.444;0
2015-06-29;63.683;63.793;63.56;63.724;63.724;0
2015-06-30;63.59;63.69;63.28;63.59;63.59;0
2015-07-01;63.579;63.653;63.29;63.574;63.574;0
2015-07-02;63.371;63.483;63.29;63.37;63.37;0
2015-07-05;63.43;63.64;63.21;63.404;63.404;0
2015-07-06;63.343;63.58;63.25;63.365;63.365;0
2015-07-07;63.518;63.643;63.4;63.518;63.518;0
2015-07-08;63.561;63.573;63.283;63.562;63.562;0
2015-07-09;63.367;63.483;63.28;63.364;63.364;0
2015-07-12;63.352;63.583;63.29;63.352;63.352;0
2015-07-13;63.501;63.583;63.259;63.514;63.514;0
2015-07-14;63.325;63.593;63.29;63.324;63.324;0
2015-07-15;63.523;63.56;63.39;63.524;63.524;0
2015-07-16;63.511;63.515;63.31;63.482;63.482;0
2015-07-19;63.47;63.73;63.42;63.484;63.484;0
2015-07-20;63.625;63.76;63.5;63.625;63.625;0
2015-07-21;63.58;63.652;63.49;63.583;63.583;0
2015-07-22;63.623;63.887;63.615;63.664;63.664;0
2015-07-23;63.847;64.163;63.847;63.848;63.848;0
2015-07-26;64.1;64.263;63.94;64.1;64.1;0
2015-07-27;64.215;64.24;63.74;64.217;64.217;0
2015-07-28;63.838;63.933;63.77;63.839;63.839;0
2015-07-29;63.88;64.13;63.76;63.883;63.883;0
2015-07-30;64.12;64.203;63.81;64.118;64.118;0
2015-08-02;63.98;64.063;63.89;63.98;63.98;0
2015-08-03;64.124;64.17;63.67;64.124;64.124;0
2015-08-04;63.819;63.93;63.47;63.819;63.819;0
2015-08-05;63.696;63.813;63.643;63.696;63.696;0
2015-08-06;63.732;63.953;63.72;63.733;63.733;0
2015-08-09;63.74;63.908;63.61;63.733;63.733;0
2015-08-10;63.788;64.377;63.72;63.838;63.838;0
2015-08-11;64.326;64.96;64.299;64.326;64.326;0
2015-08-12;64.799;65.33;64.633;64.799;64.799;0
2015-08-13;65.269;65.38;64.91;65.269;65.269;0
2015-08-16;65.122;65.447;64.28;65.122;65.122;0
2015-08-17;65.443;65.53;65.29;65.443;65.443;0
2015-08-18;65.446;65.46;65.1;65.446;65.446;0
2015-08-19;65.063;65.691;65.063;65.054;65.054;0
2015-08-20;65.462;66.24;65.37;65.461;65.461;0
2015-08-23;66.026;67.06;66.026;66.026;66.026;0
2015-08-24;66.807;66.97;65.77;66.807;66.807;0
2015-08-25;66.283;66.38;65.97;66.283;66.283;0
2015-08-26;66.056;66.138;65.77;66.056;66.056;0
2015-08-27;66.055;66.193;65.83;66.055;66.055;0
2015-08-30;66.143;66.493;65.96;66.143;66.143;0
2015-08-31;66.35;66.453;66.17;66.35;66.35;0
2015-09-01;66.422;66.45;66.08;66.423;66.423;0
2015-09-02;66.213;66.31;65.95;66.226;66.226;0
2015-09-03;66.16;66.721;65.97;66.16;66.16;0
2015-09-06;66.678;66.895;66.55;66.678;66.678;0
2015-09-07;66.803;66.906;66.33;66.803;66.803;0
2015-09-08;66.406;66.55;66.22;66.406;66.406;0
2015-09-09;66.597;66.763;66.36;66.597;66.597;0
2015-09-10;66.319;66.573;66.28;66.319;66.319;0
2015-09-13;66.234;66.48;66.234;66.234;66.234;0
2015-09-14;66.315;66.458;66.22;66.315;66.315;0
2015-09-15;66.428;66.513;66.19;66.43;66.43;0
2015-09-16;66.196;66.3;66.07;66.196;66.196;0
2015-09-17;66.116;66.253;65.41;66.122;66.122;0
2015-09-20;65.89;65.99;65.31;65.861;65.861;0
2015-09-21;65.741;65.953;65.49;65.739;65.739;0
2015-09-22;65.875;66.113;65.63;65.875;65.875;0
2015-09-23;66.162;66.37;66.028;66.162;66.162;0
2015-09-24;66.224;66.233;65.98;66.221;66.221;0
2015-09-27;66.163;66.201;65.79;66.163;66.163;0
2015-09-28;66.26;66.43;65.75;66.26;66.26;0
2015-09-29;65.911;65.911;65.46;65.92;65.92;0
2015-09-30;65.548;65.663;65.47;65.527;65.527;0
2015-10-01;65.618;65.72;65.13;65.618;65.618;0
2015-10-04;65.357;65.357;65.08;65.357;65.357;0
2015-10-05;65.144;65.428;65.12;65.123;65.123;0
2015-10-06;65.185;65.363;64.77;65.184;65.184;0
2015-10-07;64.939;65.18;64.924;64.939;64.939;0
2015-10-08;64.996;64.996;64.58;64.995;64.995;0
2015-10-11;64.56;64.873;64.56;64.772;64.772;0
2015-10-12;64.782;65.19;64.78;64.782;64.782;0
2015-10-13;65.088;65.17;64.75;65.085;65.085;0
2015-10-14;64.87;64.904;64.57;64.849;64.849;0
2015-10-15;64.782;65.008;64.55;64.784;64.784;0
2015-10-18;64.6;64.913;64.6;64.695;64.695;0
2015-10-19;64.959;65.053;64.85;64.951;64.951;0
2015-10-20;64.994;65.24;64.993;64.994;64.994;0
2015-10-21;65.162;65.162;64.912;65.159;65.159;0
2015-10-22;65.05;65.05;64.6;65.05;65.05;0
2015-10-26;64.95;65;64.7;64.885;64.885;0
2015-10-27;64.899;65.061;64.88;64.901;64.901;0
2015-10-28;65.073;65.11;64.82;65.067;65.067;0
2015-10-29;64.946;65.41;64.946;64.946;64.946;0
2015-10-30;65.445;65.445;65.108;65.444;65.444;0
2015-11-02;65.415;65.643;65.26;65.415;65.415;0
2015-11-03;65.522;65.778;65.41;65.541;65.541;0
2015-11-04;65.54;65.64;65.28;65.531;65.531;0
2015-11-05;65.583;65.93;65.518;65.585;65.585;0
2015-11-06;65.853;66.14;65.61;65.86;65.86;0
2015-11-09;66.51;66.55;66.32;66.133;66.133;0
2015-11-10;66.468;66.468;65.99;66.468;66.468;0
2015-11-11;66.193;66.193;65.9;66.193;66.193;0
2015-11-12;66.063;66.17;65.81;66.063;66.063;0
2015-11-13;66.048;66.22;65.94;66.048;66.048;0
2015-11-16;66.051;66.24;65.74;66.051;66.051;0
2015-11-17;65.897;66.083;65.85;65.897;65.897;0
2015-11-18;66.021;66.31;66.021;66.037;66.037;0
2015-11-19;66.072;66.223;65.73;66.075;66.075;0
2015-11-20;66.077;66.263;65.95;66.085;66.085;0
2015-11-23;66.1;66.47;66.05;66.05;66.05;0
2015-11-24;66.37;66.51;66.26;66.371;66.371;0
2015-11-25;66.302;66.376;66.19;66.3;66.3;0
2015-11-26;66.375;66.658;66.32;66.382;66.382;0
2015-11-27;66.558;66.89;66.46;66.558;66.558;0
2015-11-30;66.66;66.91;66.446;66.9;66.9;0
2015-12-01;66.508;66.585;66.29;66.508;66.508;0
2015-12-02;66.461;66.665;66.458;66.461;66.461;0
2015-12-03;66.557;66.884;66.44;66.557;66.557;0
2015-12-04;66.787;66.98;66.53;66.803;66.803;0
2015-12-07;66.65;66.78;66.573;66.636;66.636;0
2015-12-08;66.776;66.861;66.61;66.768;66.768;0
2015-12-09;66.833;66.915;66.59;66.833;66.833;0
2015-12-10;66.899;66.9;65.96;66.89;66.89;0
2015-12-11;66.79;67.106;66.72;66.786;66.786;0
2015-12-14;67.141;67.173;66.93;67.141;67.141;0
2015-12-15;67.075;67.11;66.781;67.071;67.071;0
2015-12-16;66.898;66.939;66.55;66.903;66.903;0
2015-12-17;66.49;66.665;66.22;66.428;66.428;0
2015-12-18;66.465;66.513;66.2;66.459;66.459;0
2015-12-21;66.248;66.36;66.03;66.248;66.248;0
2015-12-22;66.13;66.348;66.13;66.269;66.269;0
2015-12-23;66.243;66.278;66.03;66.243;66.243;0
2015-12-24;66.094;66.094;65.66;66.154;66.154;0
2015-12-25;65.94;66.07;65.94;65.94;65.94;0
2015-12-28;65.96;66.208;65.94;65.94;65.94;0
2015-12-29;66.142;66.409;66.1;66.134;66.134;0
2015-12-30;66.266;66.465;66.14;66.26;66.26;0
2015-12-31;66.45;66.461;66.01;66.455;66.455;0
2016-01-01;66.193;66.193;66.15;66.193;66.193;0
2016-01-04;66.193;66.629;66.03;66.193;66.193;0
2016-01-05;66.598;66.648;66.4;66.601;66.601;0
2016-01-06;66.51;66.888;66.47;66.524;66.524;0
2016-01-07;66.74;66.96;66.52;66.724;66.724;0
2016-01-08;66.899;66.906;66.47;66.921;66.921;0
2016-01-11;66.84;66.92;66.53;66.84;66.84;0
2016-01-12;66.806;66.99;66.6;66.793;66.793;0
2016-01-13;66.92;66.92;66.43;66.92;66.92;0
2016-01-14;66.959;67.51;66.88;66.936;66.936;0
2016-01-15;67.304;67.76;67.22;67.304;67.304;0
2016-01-18;67.767;67.767;67.44;67.767;67.767;0
2016-01-19;67.71;67.79;67.41;67.711;67.711;0
2016-01-20;67.761;68.143;67.62;67.767;67.767;0
2016-01-21;67.948;68.11;67.6;67.949;67.949;0
2016-01-22;67.808;67.861;67.36;67.808;67.808;0
2016-01-25;67.541;67.833;67.4;67.541;67.541;0
2016-01-26;67.753;68.04;67.54;67.741;67.741;0
2016-01-27;67.77;68.118;67.75;67.77;67.77;0
2016-01-28;68.191;68.235;67.95;68.196;68.196;0
2016-01-29;68.093;68.173;67.67;68.093;68.093;0
2016-02-01;67.87;67.927;67.59;67.87;67.87;0
2016-02-02;67.865;68.024;67.7;67.882;67.882;0
2016-02-03;67.986;68.28;67.89;67.986;67.986;0
2016-02-04;67.782;67.888;67.31;67.927;67.927;0
2016-02-05;67.574;67.8;67.31;67.564;67.564;0
2016-02-08;67.802;68.033;67.59;67.802;67.802;0
2016-02-09;68.075;68.22;67.77;68.076;68.076;0
2016-02-10;67.927;67.978;67.75;67.928;67.928;0
2016-02-11;67.896;68.55;67.65;67.893;67.893;0
2016-02-12;68.463;68.485;68.1;68.474;68.474;0
2016-02-15;68.111;68.24;67.95;68.111;68.111;0
2016-02-16;68.126;68.473;67.94;68.137;68.137;0
2016-02-17;68.52;68.69;68.31;68.506;68.506;0
2016-02-18;68.356;68.583;68.24;68.356;68.356;0
2016-02-19;68.565;68.83;68.43;68.566;68.566;0
2016-02-22;68.48;68.69;68.38;68.538;68.538;0
2016-02-23;68.573;68.68;68.44;68.574;68.574;0
2016-02-24;68.603;68.636;68.27;68.603;68.603;0
2016-02-25;68.392;68.901;68.38;68.376;68.376;0
2016-02-26;68.797;68.81;68.52;68.797;68.797;0
2016-02-29;68.73;68.79;68.12;68.73;68.73;0
2016-03-01;68.218;68.329;67.62;68.218;68.218;0
2016-03-02;67.615;67.753;67.422;67.746;67.746;0
2016-03-03;67.388;67.445;67.16;67.388;67.388;0
2016-03-04;67.14;67.34;66.92;67.143;67.143;0
2016-03-07;66.93;67.25;66.9;66.93;66.93;0
2016-03-08;67.055;67.48;66.92;67.046;67.046;0
2016-03-09;67.357;67.53;67.058;67.357;67.357;0
2016-03-10;67.145;67.228;66.78;67.145;67.145;0
2016-03-11;67.319;67.319;66.927;67.309;67.309;0
2016-03-14;66.913;67.182;66.82;66.913;66.913;0
2016-03-15;67.175;67.42;67.05;67.174;67.174;0
2016-03-16;67.365;67.435;67.2;67.359;67.359;0
2016-03-17;66.72;67.165;66.46;66.83;66.83;0
2016-03-18;66.612;66.69;66.1;66.612;66.612;0
2016-03-21;66.376;66.564;66.23;66.376;66.376;0
2016-03-22;66.52;66.85;66.45;66.52;66.52;0
2016-03-23;66.765;66.93;66.61;66.764;66.764;0
2016-03-24;66.89;66.928;66.61;66.902;66.902;0
2016-03-25;66.907;66.907;66.59;66.907;66.907;0
2016-03-27;66.907;66.907;66.42;66.907;66.907;0
2016-03-28;66.907;66.907;66.41;66.907;66.907;0
2016-03-29;66.368;66.49;66.1;66.368;66.368;0
2016-03-30;66.368;66.368;65.94;66.368;66.368;0
2016-03-31;66.248;66.49;66.12;66.248;66.248;0
2016-04-03;66.358;66.37;66.017;66.358;66.358;0
2016-04-04;66.134;66.5;65.61;66.133;66.133;0
2016-04-05;66.468;66.73;66.31;66.468;66.468;0
2016-04-06;66.533;66.75;66.27;66.533;66.533;0
2016-04-07;66.78;66.78;66.37;66.779;66.779;0
2016-04-10;66.544;66.62;66.27;66.544;66.544;0
2016-04-11;66.29;66.543;66.26;66.29;66.29;0
2016-04-12;66.315;66.648;66.27;66.315;66.315;0
2016-04-13;66.528;66.74;66.45;66.525;66.525;0
2016-04-14;66.633;66.638;66.4;66.637;66.637;0
2016-04-17;66.653;66.69;66.34;66.653;66.653;0
2016-04-18;66.409;66.55;66.01;66.409;66.409;0
2016-04-19;66.222;66.338;65.91;66.222;66.222;0
2016-04-20;66.199;66.5;65.99;66.204;66.204;0
2016-04-21;66.512;66.63;66.31;66.512;66.512;0
2016-04-24;66.653;66.748;66.57;66.653;66.653;0
2016-04-25;66.705;66.85;66.37;66.705;66.705;0
2016-04-26;66.455;66.583;66.34;66.457;66.457;0
2016-04-27;66.356;66.55;65.88;66.355;66.355;0
2016-04-28;66.438;66.56;66.27;66.438;66.438;0
2016-05-01;66.418;66.448;66.01;66.418;66.418;0
2016-05-02;66.371;66.537;66.13;66.371;66.371;0
2016-05-03;66.593;66.68;66.44;66.592;66.592;0
2016-05-04;66.62;66.655;66.4;66.62;66.62;0
2016-05-05;66.598;66.708;66.26;66.602;66.602;0
2016-05-08;66.594;66.72;66.37;66.594;66.594;0
2016-05-09;66.722;66.773;66.43;66.721;66.721;0
2016-05-10;66.666;66.84;66.53;66.666;66.666;0
2016-05-11;66.591;66.733;66.44;66.591;66.591;0
2016-05-12;66.751;66.99;66.66;66.751;66.751;0
2016-05-15;66.847;66.9;66.7;66.9;66.9;0
2016-05-16;66.881;66.9;66.48;66.875;66.875;0
2016-05-17;66.84;67.038;66.75;66.868;66.868;0
2016-05-18;67.161;67.61;67.07;67.16;67.16;0
2016-05-19;67.477;67.55;67.25;67.477;67.477;0
2016-05-22;67.423;67.583;67.23;67.423;67.423;0
2016-05-23;67.454;67.78;67.454;67.448;67.448;0
2016-05-24;67.651;67.7;67.24;67.651;67.651;0
2016-05-25;67.304;67.4;66.83;67.304;67.304;0
2016-05-26;66.954;67.123;66.84;66.954;66.954;0
2016-05-29;67.024;67.37;66.93;67.024;67.024;0
2016-05-30;67.133;67.303;66.9;67.133;67.133;0
2016-05-31;67.193;67.505;67.108;67.231;67.231;0
2016-06-01;67.426;67.442;67.208;67.426;67.426;0
2016-06-02;67.292;67.358;66.79;67.292;67.292;0
2016-06-05;66.992;67.04;66.77;66.992;66.992;0
2016-06-06;66.801;66.92;66.56;66.801;66.801;0
2016-06-07;66.763;66.803;66.37;66.763;66.763;0
2016-06-08;66.51;66.778;66.51;66.51;66.51;0
2016-06-09;66.741;66.873;66.66;66.741;66.741;0
2016-06-12;66.945;67.177;66.945;66.945;66.945;0
2016-06-13;67.153;67.388;66.96;67.154;67.154;0
2016-06-14;67.298;67.35;66.97;67.298;67.298;0
2016-06-15;67.073;67.443;67;67.073;67.073;0
2016-06-16;67.295;67.298;66.89;67.307;67.307;0
2016-06-19;67.6;67.62;67.14;67.066;67.066;0
2016-06-20;67.543;67.748;67.365;67.13;67.13;0
2016-06-21;67.607;67.69;67.335;67.606;67.606;0
2016-06-22;67.408;67.48;67.05;67.422;67.422;0
2016-06-23;67.24;68.203;67.24;67.242;67.242;0
2016-06-26;67.73;68.14;67.68;67.877;67.877;0
2016-06-27;67.92;67.99;67.718;67.921;67.921;0
2016-06-28;67.704;67.84;67.37;67.705;67.705;0
2016-06-29;67.416;67.708;67.33;67.416;67.416;0
2016-06-30;67.501;67.501;67.06;67.501;67.501;0
2016-07-03;67.17;67.29;67.09;67.182;67.182;0
2016-07-04;67.237;67.53;67.15;67.237;67.237;0
2016-07-05;67.426;67.59;67.23;67.426;67.426;0
2016-07-06;67.401;67.498;67.28;67.401;67.401;0
2016-07-07;67.51;67.51;66.8;67.497;67.497;0
2016-07-10;67.132;67.208;66.88;67.132;67.132;0
2016-07-11;67.145;67.198;66.92;67.145;67.145;0
2016-07-12;66.968;67.21;66.83;66.87;66.87;0
2016-07-13;67.007;67.034;66.64;67.006;67.006;0
2016-07-14;66.838;67.133;66.83;66.838;66.838;0
2016-07-17;67.133;67.21;66.96;67.133;67.133;0
2016-07-18;67.135;67.22;67.02;67.139;67.139;0
2016-07-19;67.189;67.25;66.98;67.206;67.206;0
2016-07-20;67.164;67.26;67.12;67.164;67.164;0
2016-07-21;67.154;67.2;67;67.154;67.154;0
2016-07-24;67.146;67.47;67.01;67.146;67.146;0
2016-07-25;67.407;67.416;67.17;67.405;67.405;0
2016-07-26;67.284;67.357;67.1;67.284;67.284;0
2016-07-27;67.064;67.1;66.83;67.063;67.063;0
2016-07-28;67.007;67.11;66.6;67.007;67.007;0
2016-07-31;66.648;66.773;66.62;66.648;66.648;0
2016-08-01;66.751;66.8;66.53;66.751;66.751;0
2016-08-02;66.676;67.003;66.675;66.676;66.676;0
2016-08-03;66.76;66.98;66.72;66.76;66.76;0
2016-08-04;66.832;66.884;66.58;66.841;66.841;0
2016-08-07;66.835;66.85;66.69;66.835;66.835;0
2016-08-08;66.799;66.968;66.72;66.794;66.794;0
2016-08-09;66.783;66.799;66.605;66.783;66.783;0
2016-08-10;66.752;66.92;66.7;66.758;66.758;0
2016-08-11;66.775;66.903;66.76;66.74;66.74;0
2016-08-14;66.8995;66.95;66.82;66.8996;66.8996;0
2016-08-15;66.8945;66.918;66.68;66.8649;66.8649;0
2016-08-16;66.8543;66.99;66.85;66.8577;66.8577;0
2016-08-17;66.8936;66.9056;66.748;66.9055;66.9055;0
2016-08-18;66.8175;67.1929;66.8175;66.82;66.82;0
2016-08-21;67.1286;67.24;67.06;67.1275;67.1275;0
2016-08-22;67.198;67.198;67.01;67.1874;67.1874;0
2016-08-23;67.141;67.1613;67.0446;67.13;67.13;0
2016-08-24;67.1;67.133;67;67.16;67.16;0
2016-08-25;67.0025;67.065;66.8;67.0056;67.0056;0
2016-08-28;67.1265;67.193;67.08;67.129;67.129;0
2016-08-29;67.0832;67.15;66.9905;67.09;67.09;0
2016-08-30;67.1341;67.15;66.88;67.1266;67.1266;0
2016-08-31;66.964;67.087;66.83;66.9747;66.9747;0
2016-09-01;66.797;66.853;66.52;66.793;66.793;0
2016-09-04;66.5728;66.82;66.38;66.5728;66.5728;0
2016-09-05;66.425;66.558;66.2443;66.46;66.46;0
2016-09-06;66.2368;66.4355;66.2368;66.2552;66.2552;0
2016-09-07;66.4693;66.53;66.359;66.4716;66.4716;0
2016-09-08;66.07;66.885;66.07;66.45;66.45;0
2016-09-11;66.897;67;66.7689;66.778;66.778;0
2016-09-12;66.74;67.07;66.7236;66.723;66.723;0
2016-09-13;67.0705;67.1212;66.77;66.995;66.995;0
2016-09-14;66.772;67.09;66.7636;66.7581;66.7581;0
2016-09-15;66.85;67.11;66.68;66.8503;66.8503;0
2016-09-18;67.0655;67.0656;66.85;67.0653;67.0653;0
2016-09-19;66.962;67.07;66.91;66.9552;66.9552;0
2016-09-20;66.98;67.15;66.92;66.975;66.975;0
2016-09-21;66.7638;66.892;66.52;66.7612;66.7612;0
2016-09-22;66.63;66.72;66.55;66.6226;66.6226;0
2016-09-25;66.6975;66.795;66.55;66.6965;66.6965;0
2016-09-26;66.6074;66.687;66.41;66.6065;66.6065;0
2016-09-27;66.4463;66.5371;66.41;66.4413;66.4413;0
2016-09-28;66.3325;66.943;66.3325;66.3328;66.3328;0
2016-09-29;66.8133;66.866;66.44;66.8163;66.8163;0
2016-10-02;66.5455;66.585;66.42;66.5465;66.5465;0
2016-10-03;66.4835;66.6;66.35;66.3803;66.3803;0
2016-10-04;66.5782;66.65;66.498;66.578;66.578;0
2016-10-05;66.57;66.788;66.51;66.5632;66.5632;0
2016-10-06;66.69;66.87;66.5335;66.6871;66.6871;0
2016-10-09;66.5915;66.608;66.4698;66.5912;66.5912;0
2016-10-10;66.5055;66.8152;66.495;66.4851;66.4851;0
2016-10-11;66.7982;66.865;66.73;66.7985;66.7985;0
2016-10-12;66.8195;66.98;66.72;66.8181;66.8181;0
2016-10-13;66.785;66.9;66.6447;66.784;66.784;0
2016-10-16;66.71;66.8875;66.66;66.7053;66.7053;0
2016-10-17;66.79;66.831;66.6;66.7836;66.7836;0
2016-10-18;66.7337;66.76;66.61;66.738;66.738;0
2016-10-19;66.642;66.86;66.635;66.6364;66.6364;0
2016-10-20;66.85;66.9925;66.82;66.8413;66.8413;0
2016-10-23;66.918;66.918;66.788;66.9112;66.9112;0
2016-10-24;66.838;66.928;66.75;66.834;66.834;0
2016-10-25;66.7863;66.86;66.748;66.7813;66.7813;0
2016-10-26;66.854;66.945;66.786;66.864;66.864;0
2016-10-27;66.896;66.9243;66.75;66.903;66.903;0
2016-10-31;66.7814;66.9;66.63;66.7814;66.7814;0
2016-11-01;66.665;66.77;66.665;66.6655;66.6655;0
2016-11-02;66.685;66.858;66.6283;66.6785;66.6785;0
2016-11-03;66.785;66.786;66.64;66.7775;66.7775;0
2016-11-04;66.685;66.79;66.65;66.6845;66.6845;0
2016-11-07;66.7853;66.79;66.69;66.7853;66.7853;0
2016-11-08;66.735;66.738;66.38;66.735;66.735;0
2016-11-09;66.205;66.96;66.205;66.2295;66.2295;0
2016-11-10;66.545;67.17;66.33;66.5075;66.5075;0
2016-11-11;67.21;67.645;66.858;67.2145;67.2145;0
2016-11-14;67.5472;67.9;67.39;67.5468;67.5468;0
2016-11-15;67.85;67.88;67.548;67.7755;67.7755;0
2016-11-16;67.728;68.11;67.608;67.748;67.748;0
2016-11-17;67.975;67.99;67.76;67.9815;67.9815;0
2016-11-18;67.975;68.25;67.9385;67.9748;67.9748;0
2016-11-21;68.1685;68.26;68.013;68.17;68.17;0
2016-11-22;68.2155;68.48;67.95;68.2155;68.2155;0
2016-11-23;68.385;68.895;68.33;68.3855;68.3855;0
2016-11-24;68.7985;68.835;68.57;68.7985;68.7985;0
2016-11-25;68.745;68.748;68.34;68.7455;68.7455;0
2016-11-28;68.5085;68.8;68.065;68.5085;68.5085;0
2016-11-29;68.5555;68.7605;68.53;68.5555;68.5555;0
2016-11-30;68.605;68.6755;68.358;68.608;68.608;0
2016-12-01;68.585;68.588;68.265;68.588;68.588;0
2016-12-02;68.218;68.37;68.01;68.2165;68.2165;0
2016-12-05;68.0115;68.258;68.0115;68.0115;68.0115;0
2016-12-06;68;68.108;67.6655;68.0125;68.0125;0
2016-12-07;67.733;67.97;67.5355;67.722;67.722;0
2016-12-08;67.38;67.56;67.308;67.4315;67.4315;0
2016-12-09;67.404;67.623;67.38;67.406;67.406;0
2016-12-12;67.4618;67.64;67.38;67.4605;67.4605;0
2016-12-13;67.415;67.5973;67.3799;67.418;67.418;0
2016-12-14;67.3865;67.575;67.3865;67.3865;67.3865;0
2016-12-15;67.77;67.9;67.468;67.82;67.82;0
2016-12-16;67.85;67.87;67.73;67.845;67.845;0
2016-12-19;67.835;67.88;67.7;67.835;67.835;0
2016-12-20;67.8403;68.0987;67.798;67.8402;67.8402;0
2016-12-21;67.77;68.0255;67.77;67.897;67.897;0
2016-12-22;67.833;68.0279;67.82;67.8255;67.8255;0
2016-12-23;67.8355;67.94;67.73;67.838;67.838;0
2016-12-26;67.8308;67.835;67.7;67.8308;67.8308;0
2016-12-27;67.81;68.063;67.74;67.772;67.772;0
2016-12-28;67.965;68.2491;67.945;67.968;67.968;0
2016-12-29;68.2;68.2455;67.95;68.205;68.205;0
2016-12-30;67.9305;67.99;67.84;67.933;67.933;0
2017-01-02;67.9448;68.24;67.9;67.9448;67.9448;0
2017-01-03;68.135;68.43;68.038;68.1339;68.1339;0
2017-01-04;68.27;68.28;67.9345;68.2698;68.2698;0
2017-01-05;67.885;67.9905;67.715;67.8855;67.8855;0
2017-01-06;67.738;68.102;67.7335;67.733;67.733;0
2017-01-09;68.1326;68.273;68.09;68.1426;68.1426;0
2017-01-10;68.0944;68.264;67.978;68.097;68.097;0
2017-01-11;68.315;68.493;68.168;68.318;68.318;0
2017-01-12;68.14;68.188;67.95;68.14;68.14;0
2017-01-13;68.13;68.27;68.07;68.1295;68.1295;0
2017-01-16;68.1578;68.27;68.06;68.1578;68.1578;0
2017-01-17;68.095;68.148;67.903;68.0946;68.0946;0
2017-01-18;67.8905;68.11;67.88;67.8995;67.8995;0
2017-01-19;68.2255;68.29;68.08;68.198;68.198;0
2017-01-20;68.09;68.27;68.01;68.0903;68.0903;0
2017-01-23;68.0722;68.213;67.99;68.0772;68.0772;0
2017-01-24;68.0555;68.17;68.0353;68.0514;68.0514;0
2017-01-25;68.1647;68.183;68.03;68.1645;68.1645;0
2017-01-26;67.9655;68.222;67.96;67.973;67.973;0
2017-01-27;68.1455;68.225;68.008;68.149;68.149;0
2017-01-30;68.1099;68.1099;67.73;68.11;68.11;0
2017-01-31;67.8255;67.893;67.32;67.821;67.821;0
2017-02-01;67.4694;67.678;67.4053;67.5016;67.5016;0
2017-02-02;67.395;67.498;67.1683;67.3954;67.3954;0
2017-02-03;67.2656;67.42;67.03;67.2656;67.2656;0
2017-02-06;67.1682;67.24;67.11;67.1573;67.1573;0
2017-02-07;67.195;67.45;67.1946;67.1953;67.1953;0
2017-02-08;67.35;67.39;66.935;67.3405;67.3405;0
2017-02-09;66.955;67.065;66.65;66.9643;66.9643;0
2017-02-10;66.735;66.975;66.735;66.7453;66.7453;0
2017-02-13;66.8407;67.033;66.82;66.8437;66.8437;0
2017-02-14;66.9417;66.975;66.76;66.9154;66.9154;0
2017-02-15;66.775;66.9783;66.775;66.7759;66.7759;0
2017-02-16;66.875;67.075;66.85;66.8655;66.8655;0
2017-02-17;67.165;67.165;66.98;67.1648;67.1648;0
2017-02-20;67.0655;67.095;66.88;67.0652;67.0652;0
2017-02-21;66.97;67.005;66.92;66.965;66.965;0
2017-02-22;66.965;67.005;66.87;66.9651;66.9651;0
2017-02-23;66.895;66.97;66.64;66.9143;66.9143;0
2017-02-24;66.6828;66.71;66.52;66.6828;66.6828;0
2017-02-27;66.635;66.763;66.635;66.635;66.635;0
2017-02-28;66.735;66.808;66.59;66.6932;66.6932;0
2017-03-01;66.705;66.89;66.7046;66.7051;66.7051;0
2017-03-02;66.69;66.858;66.67;66.858;66.858;0
2017-03-03;66.845;66.885;66.74;66.8451;66.8451;0
2017-03-06;66.71;66.78;66.6;66.773;66.773;0
2017-03-07;66.645;66.695;66.58;66.6647;66.6647;0
2017-03-08;66.625;66.83;66.613;66.6162;66.6162;0
2017-03-09;66.815;66.853;66.6;66.765;66.765;0
2017-03-10;66.71;66.77;66.5398;66.6805;66.6805;0
2017-03-13;66.485;66.58;66.11;66.485;66.485;0
2017-03-14;66.1575;66.24;65.7275;66.1701;66.1701;0
2017-03-15;65.765;65.7817;65.4;65.7751;65.7751;0
2017-03-16;65.6205;65.6285;65.21;65.6205;65.6205;0
2017-03-17;65.365;65.643;65.35;65.4045;65.4045;0
2017-03-20;65.4681;65.47;65.3;65.4681;65.4681;0
2017-03-21;65.305;65.44;65.18;65.3353;65.3353;0
2017-03-22;65.56;65.585;65.337;65.495;65.495;0
2017-03-23;65.37;65.55;65.365;65.365;65.365;0
2017-03-24;65.425;65.505;65.34;65.4444;65.4444;0
2017-03-26;65.418;65.418;64.93;65.3931;65.3931;0
2017-03-27;64.988;65.14;64.988;65.045;65.045;0
2017-03-28;65.14;65.14;64.81;65.11;65.11;0
2017-03-29;64.858;64.98;64.74;64.78;64.78;0
2017-03-30;64.8505;64.968;64.765;64.79;64.79;0
2017-04-02;64.853;65.08;64.73;64.7967;64.7967;0
2017-04-03;64.978;65.1925;64.84;64.8775;64.8775;0
2017-04-04;65.0703;65.19;64.865;65.05;65.05;0
2017-04-05;65.01;65.095;64.505;65.04;65.04;0
2017-04-06;64.5963;64.805;64.15;64.58;64.58;0
2017-04-09;64.2603;64.59;64.26;64.26;64.26;0
2017-04-10;64.5853;64.72;64.41;64.575;64.575;0
2017-04-11;64.63;64.74;64.528;64.63;64.63;0
2017-04-12;64.5;64.57;64.255;64.5;64.5;0
2017-04-13;64.4355;64.5698;64.32;64.45;64.45;0
2017-04-16;64.4355;64.4883;64.3;64.4537;64.4537;0
2017-04-17;64.41;64.64;64.24;64.4083;64.4083;0
2017-04-18;64.5883;64.66;64.505;64.57;64.57;0
2017-04-19;64.6403;64.72;64.558;64.6467;64.6467;0
2017-04-20;64.613;64.7;64.543;64.66;64.66;0
2017-04-23;64.6403;64.643;64.38;64.64;64.64;0
2017-04-24;64.483;64.483;64.2;64.39;64.39;0
2017-04-25;64.32;64.3633;63.928;64.35;64.35;0
2017-04-26;64.02;64.16;63.968;64.02;64.02;0
2017-04-27;64.09;64.355;64.05;64.06;64.06;0
2017-04-30;64.2805;64.283;64.2;64.2583;64.2583;0
2017-05-01;64.2455;64.25;64.09;64.18;64.18;0
2017-05-02;64.158;64.185;64.06;64.07;64.07;0
2017-05-03;64.158;64.25;64.15;64.21;64.21;0
2017-05-04;64.2047;64.39;64.16;64.17;64.17;0
2017-05-07;64.308;64.35;64.18;64.308;64.308;0
2017-05-08;64.353;64.69;64.35;64.4118;64.4118;0
2017-05-09;64.6653;64.675;64.52;64.64;64.64;0
2017-05-10;64.5275;64.58;64.325;64.55;64.55;0
2017-05-11;64.39;64.395;64.12;64.36;64.36;0
2017-05-14;64.236;64.236;64.02;64.1655;64.1655;0
2017-05-15;64.0383;64.143;63.99;64.0383;64.0383;0
2017-05-16;64.0355;64.18;63.88;63.9;63.9;0
2017-05-17;64.23;65.14;64.22;64.23;64.23;0
2017-05-18;64.8705;65.01;64.53;64.8711;64.8711;0
2017-05-21;64.4488;64.6;64.44;64.4485;64.4485;0
2017-05-22;64.5003;64.888;64.5002;64.5002;64.5002;0
2017-05-23;64.8855;64.948;64.6896;64.8852;64.8852;0
2017-05-24;64.7605;64.7605;64.45;64.7601;64.7601;0
2017-05-25;64.5455;64.63;64.41;64.5454;64.5454;0
2017-05-28;64.5005;64.59;64.45;64.5132;64.5132;0
2017-05-29;64.5305;64.688;64.5086;64.5086;64.5086;0
2017-05-30;64.6153;64.6165;64.36;64.6186;64.6186;0
2017-05-31;64.5005;64.53;64.384;64.5001;64.5001;0
2017-06-01;64.471;64.495;64.22;64.3723;64.3723;0
2017-06-04;64.4055;64.4055;64.25;64.405;64.405;0
2017-06-05;64.345;64.5;64.2849;64.344;64.344;0
2017-06-06;64.423;64.5;64.298;64.4205;64.4205;0
2017-06-07;64.4255;64.445;64.2;64.4183;64.4183;0
2017-06-08;64.2405;64.36;64.168;64.2439;64.2439;0
2017-06-11;64.377;64.485;64.238;64.377;64.377;0
2017-06-12;64.47;64.49;64.328;64.4691;64.4691;0
2017-06-13;64.3403;64.3726;64.02;64.3575;64.3575;0
2017-06-14;64.228;64.73;64.15;64.1658;64.1658;0
2017-06-15;64.5553;64.76;64.398;64.56;64.56;0
2017-06-18;64.4545;64.47;64.34;64.395;64.395;0
2017-06-19;64.4855;64.65;64.413;64.4876;64.4876;0
2017-06-20;64.533;64.68;64.48;64.5305;64.5305;0
2017-06-21;64.5403;64.62;64.448;64.5416;64.5416;0
2017-06-22;64.595;64.6;64.42;64.591;64.591;0
2017-06-25;64.4955;64.498;64.39;64.498;64.498;0
2017-06-26;64.4255;64.528;64.4;64.4213;64.4213;0
2017-06-27;64.468;64.65;64.468;64.5248;64.5248;0
2017-06-28;64.5155;64.73;64.405;64.5119;64.5119;0
2017-06-29;64.653;64.84;64.5715;64.7851;64.7851;0
2017-07-02;64.6105;64.89;64.605;64.6068;64.6068;0
2017-07-03;64.8355;64.9;64.69;64.8427;64.8427;0
2017-07-04;64.7805;64.9;64.668;64.7689;64.7689;0
2017-07-05;64.7905;64.8;64.68;64.7914;64.7914;0
2017-07-06;64.7155;64.76;64.5;64.7133;64.7133;0
2017-07-09;64.6155;64.6155;64.41;64.6117;64.6117;0
2017-07-11;64.5555;64.57;64.35;64.5256;64.5256;0
2017-07-12;64.468;64.4842;64.34;64.365;64.365;0
2017-07-13;64.4505;64.475;64.2275;64.4258;64.4258;0
2017-07-16;64.416;64.416;64.255;64.2673;64.2673;0
2017-07-17;64.3298;64.363;64.2575;64.33;64.33;0
2017-07-18;64.309;64.34;64.2561;64.3063;64.3063;0
2017-07-19;64.2605;64.448;64.26;64.2633;64.2633;0
2017-07-20;64.3655;64.44;64.29;64.325;64.325;0
2017-07-23;64.378;64.48;64.303;64.4611;64.4611;0
2017-07-24;64.3653;64.44;64.338;64.3651;64.3651;0
2017-07-25;64.378;64.45;64.31;64.447;64.447;0
2017-07-26;64.3446;64.3447;64.05;64.3447;64.3447;0
2017-07-27;64.118;64.25;64.08;64.185;64.185;0
2017-07-30;64.1055;64.213;64.05;64.1235;64.1235;0
2017-07-31;64.19;64.19;64.0357;64.1895;64.1895;0
2017-08-01;64.0855;64.13;63.61;64.0558;64.0558;0
2017-08-02;63.6403;63.73;63.563;63.6406;63.6406;0
2017-08-03;63.6955;63.75;63.573;63.697;63.697;0
2017-08-06;63.6655;63.87;63.66;63.6651;63.6651;0
2017-08-07;63.8305;63.86;63.613;63.8301;63.8301;0
2017-08-08;63.6825;63.91;63.6825;63.7029;63.7029;0
2017-08-09;63.8505;64.17;63.84;63.8877;63.8877;0
2017-08-10;64.088;64.255;64.03;64.1386;64.1386;0
2017-08-13;64.1305;64.15;63.94;64.081;64.081;0
2017-08-14;64.082;64.245;63.85;64.1743;64.1743;0
2017-08-15;64.2575;64.35;64.14;64.263;64.263;0
2017-08-16;64.163;64.194;63.99;64.1605;64.1605;0
2017-08-17;64.1605;64.22;64.078;64.1889;64.1889;0
2017-08-20;64.0855;64.148;64.005;64.0759;64.0759;0
2017-08-21;64.103;64.16;64.058;64.1575;64.1575;0
2017-08-22;64.0625;64.138;64.02;64.0575;64.0575;0
2017-08-23;64.0355;64.08;64;64.005;64.005;0
2017-08-24;64.0355;64.08;63.87;64.035;64.035;0
2017-08-27;63.998;63.998;63.77;63.9955;63.9955;0
2017-08-28;63.898;64.028;63.7913;63.7893;63.7893;0
2017-08-29;64.0055;64.01;63.873;63.9868;63.9868;0
2017-08-30;63.9805;64.11;63.888;63.9762;63.9762;0
2017-08-31;63.9255;64.044;63.83;63.9119;63.9119;0
2017-09-03;64.018;64.16;63.88;64.0155;64.0155;0
2017-09-04;64.0305;64.153;63.99;64.0263;64.0263;0
2017-09-05;64.1003;64.27;64.0575;64.1;64.1;0
2017-09-06;64.0505;64.0505;63.8862;64.0154;64.0154;0
2017-09-07;64.008;64.008;63.77;63.9501;63.9501;0
2017-09-10;63.778;64.01;63.775;63.931;63.931;0
2017-09-11;63.9255;64.06;63.92;63.98;63.98;0
2017-09-12;64.0215;64.145;63.87;63.9876;63.9876;0
2017-09-13;64.003;64.29;64.003;64.1151;64.1151;0
2017-09-14;64.1125;64.16;64.04;64.155;64.155;0
2017-09-17;64.1005;64.19;64;64.1202;64.1202;0
2017-09-18;64.215;64.35;64.123;64.2147;64.2147;0
2017-09-19;64.2905;64.44;64.22;64.2987;64.2987;0
2017-09-20;64.2835;65.06;64.2835;64.2837;64.2837;0
2017-09-21;64.8005;65.2;64.768;64.8023;64.8023;0
2017-09-24;64.788;65.28;64.73;64.891;64.891;0
2017-09-25;65.265;65.5067;65.07;65.2651;65.2651;0
2017-09-26;65.4505;65.78;65.335;65.35;65.35;0
2017-09-27;65.525;65.89;65.38;65.525;65.525;0
2017-09-28;65.463;65.475;65.24;65.36;65.36;0
2017-10-01;65.3005;65.61;65.275;65.2933;65.2933;0
2017-10-02;65.303;65.68;65.303;65.5717;65.5717;0
2017-10-03;65.4755;65.4755;64.95;65.4431;65.4431;0
2017-10-04;65.0205;65.22;64.97;65.0195;65.0195;0
2017-10-05;65.205;65.5795;65.115;65.21;65.21;0
2017-10-08;65.3905;65.45;65.273;65.4142;65.4142;0
2017-10-09;65.415;65.42;65.12;65.4146;65.4146;0
2017-10-10;65.2503;65.32;65.125;65.2389;65.2389;0
2017-10-11;65.1505;65.245;64.99;65.2054;65.2054;0
2017-10-12;65.0505;65.0505;64.65;65.046;65.046;0
2017-10-15;64.69;64.765;64.665;64.673;64.673;0
2017-10-16;64.69;65.04;64.69;64.6946;64.6946;0
2017-10-17;65.023;65.153;64.895;64.9287;64.9287;0
2017-10-18;65.0455;65.115;64.94;65.0401;65.0401;0
2017-10-19;64.988;65.09;64.9042;64.9046;64.9046;0
2017-10-22;65.033;65.09;64.983;65.1041;65.1041;0
2017-10-23;65.0125;65.24;64.893;65.0349;65.0349;0
2017-10-24;65.0795;65.205;64.755;65.0795;65.0795;0
2017-10-25;64.918;64.92;64.71;64.84;64.84;0
2017-10-26;64.832;65.165;64.6;64.6;64.6;0
2017-10-30;64.8734;65.03;64.79;64.8734;64.8734;0
2017-10-31;64.8413;64.86;64.71;64.8424;64.8424;0
2017-11-01;64.6701;64.743;64.46;64.6701;64.6701;0
2017-11-02;64.555;64.668;64.46;64.5551;64.5551;0
2017-11-03;64.5002;64.6907;64.39;64.5005;64.5005;0
2017-11-06;64.6934;64.74;64.56;64.6934;64.6934;0
2017-11-07;64.5909;65.17;64.5825;64.5909;64.5909;0
2017-11-08;65.165;65.18;64.88;65.1645;65.1645;0
2017-11-09;64.9105;65.095;64.84;64.9105;64.9105;0
2017-11-10;64.968;65.37;64.96;64.968;64.968;0
2017-11-13;65.1603;65.54;65.145;65.1603;65.1603;0
2017-11-14;65.4384;65.58;65.295;65.4384;65.4384;0
2017-11-15;65.4133;65.465;65.15;65.4134;65.4134;0
2017-11-17;65.21;65.288;64.68;65.21;65.21;0
2017-11-20;64.905;65.12;64.905;64.905;64.905;0
2017-11-21;65.025;65.147;64.805;65.025;65.025;0
2017-11-22;64.7605;64.95;64.69;64.7613;64.7613;0
2017-11-23;64.77;64.88;64.54;64.77;64.77;0
2017-11-24;64.5797;64.76;64.5375;64.5794;64.5794;0
2017-11-27;64.545;64.81;64.345;64.545;64.545;0
2017-11-28;64.4339;64.594;64.32;64.4339;64.4339;0
2017-11-29;64.4303;64.48;64.27;64.47;64.47;0
2017-11-30;64.4148;64.66;64.405;64.4148;64.4148;0
2017-12-01;64.4996;64.61;64.46;64.4994;64.4994;0
2017-12-04;64.509;64.63;64.285;64.509;64.509;0
2017-12-05;64.3508;64.46;64.22;64.3514;64.3514;0
2017-12-06;64.3574;64.58;64.35;64.3569;64.3569;0
2017-12-07;64.5152;64.59;64.48;64.5152;64.5152;0
2017-12-08;64.5412;64.57;64.36;64.5424;64.5424;0
2017-12-11;64.473;64.505;64.3;64.473;64.473;0
2017-12-12;64.345;64.56;64.345;64.35;64.35;0
2017-12-13;64.55;64.55;64.35;64.55;64.55;0
2017-12-14;64.32;64.453;64.165;64.32;64.32;0
2017-12-15;64.2765;64.2767;64.01;64.275;64.275;0
2017-12-18;64.0723;64.69;64;64.0723;64.0723;0
2017-12-19;64.13;64.2501;63.92;64.2001;64.2001;0
2017-12-20;64.0474;64.105;63.965;64.0476;64.0476;0
2017-12-21;63.965;64.118;63.965;63.965;63.965;0
2017-12-22;63.98;64.07;63.92;64.0097;64.0097;0
2017-12-25;64.0078;64.013;64.0078;64.0078;64.0078;0
2017-12-26;64.0105;64.108;63.88;64.0105;64.0105;0
2017-12-27;64.0272;64.163;64.02;64.0282;64.0282;0
2017-12-28;64.1146;64.25;63.98;64.115;64.115;0
2017-12-29;64.055;64.075;63.79;64.062;64.062;0
2018-01-01;63.8408;63.87;63.66;63.8408;63.8408;0
2018-01-02;63.8676;63.8676;63.42;63.8676;63.8676;0
2018-01-03;63.38;63.58;63.38;63.46;63.46;0
2018-01-04;63.4191;63.59;63.33;63.4191;63.4191;0
2018-01-05;63.3696;63.42;63.21;63.3696;63.3696;0
2018-01-08;63.265;63.53;63.23;63.265;63.265;0
2018-01-09;63.4518;63.73;63.42;63.452;63.452;0
2018-01-10;63.6356;63.84;63.568;63.6361;63.6361;0
2018-01-11;63.76;63.84;63.635;63.76;63.76;0
2018-01-12;63.6721;63.72;63.478;63.6721;63.6721;0
2018-01-15;63.5885;63.5951;63.33;63.5885;63.5885;0
2018-01-16;63.5222;64.13;63.5055;63.5212;63.5212;0
2018-01-17;63.9943;64.085;63.77;63.9943;63.9943;0
2018-01-18;63.825;63.95;63.76;63.825;63.825;0
2018-01-19;63.8676;63.88;63.625;63.8676;63.8676;0
2018-01-22;63.8321;63.99;63.72;63.8321;63.8321;0
2018-01-23;63.8801;63.89;63.74;63.8801;63.8801;0
2018-01-24;63.7502;63.78;63.5581;63.7505;63.7505;0
2018-01-25;63.5779;63.64;63.4;63.5779;63.5779;0
2018-01-26;63.5738;63.66;63.44;63.5731;63.5731;0
2018-01-29;63.57;63.71;63.49;63.57;63.57;0
2018-01-30;63.6694;63.82;63.57;63.6694;63.6694;0
2018-01-31;63.77;63.77;63.5458;63.7699;63.7699;0
2018-02-01;63.665;64.08;63.543;63.665;63.665;0
2018-02-02;63.975;64.235;63.73;63.975;63.975;0
2018-02-05;64.1325;64.23;64.005;64.1325;64.1325;0
2018-02-06;64.3147;64.465;64.0599;64.3147;64.3147;0
2018-02-07;63.98;64.31;63.98;63.98;63.98;0
2018-02-08;64.2;64.48;64.15;64.2;64.2;0
2018-02-09;64.4399;64.475;64.26;64.4405;64.4405;0
2018-02-12;64.2113;64.365;64.2112;64.2113;64.2113;0
2018-02-13;64.2835;64.32;64.18;64.2835;64.2835;0
2018-02-14;64.2498;64.28;64.03;64.2501;64.2501;0
2018-02-15;64.0252;64.093;63.86;64.0252;64.0252;0
2018-02-16;63.8909;64.43;63.813;63.8909;63.8909;0
2018-02-19;64.38;64.64;64.243;64.38;64.38;0
2018-02-20;64.505;64.94;64.408;64.505;64.505;0
2018-02-21;64.865;64.95;64.728;64.865;64.865;0
2018-02-22;64.895;65.11;64.87;64.895;64.895;0
2018-02-23;64.9514;64.97;64.683;64.9514;64.9514;0
2018-02-26;64.89;65.03;64.63;64.703;64.703;0
2018-02-27;64.7812;65.23;64.72;64.7804;64.7804;0
2018-02-28;64.91;65.6;64.91;64.91;64.91;0
2018-03-01;65.24;65.34;65.11;65.24;65.24;0
2018-03-02;65.15;65.28;65.08;65.15;65.15;0
2018-03-05;65.1867;65.21;64.93;65.1867;65.1867;0
2018-03-06;65.0032;65.108;64.795;65.0037;65.0037;0
2018-03-07;64.89;65;64.85;64.89;64.89;0
2018-03-08;64.8912;65.4;64.8703;64.8912;64.8912;0
2018-03-09;65.0903;65.21;64.94;65.0904;65.0904;0
2018-03-12;64.9649;65.29;64.93;64.9649;64.9649;0
2018-03-13;64.9455;65.24;64.67;64.9455;64.9455;0
2018-03-14;64.8273;65.05;64.75;64.8281;64.8281;0
2018-03-15;64.8342;65.22;64.77;64.8368;64.8368;0
2018-03-16;65.0172;65.04;64.848;65.0144;65.0144;0
2018-03-19;65.065;65.295;65.01;65.065;65.065;0
2018-03-20;65.2101;65.26;65.155;65.2101;65.2101;0
2018-03-21;65.2326;65.26;65.1767;65.2324;65.2324;0
2018-03-22;65.0656;65.22;65.014;65.0656;65.0656;0
2018-03-23;65.1601;65.24;64.9247;65.16;65.16;0
2018-03-25;64.9805;65.03;64.68;65.015;65.015;0
2018-03-26;64.818;65.04;64.69;64.695;64.695;0
2018-03-27;64.9355;65.31;64.81;64.8955;64.8955;0
2018-03-28;65.1505;65.4;65.05;65.1492;65.1492;0
2018-03-29;65.108;65.108;65.02;65.03;65.03;0
2018-04-01;65.108;65.12;64.93;65.1055;65.1055;0
2018-04-02;65.108;65.14;64.97;65.14;65.14;0
2018-04-03;64.993;65.2;64.9;64.905;64.905;0
2018-04-04;65.0355;65.2;64.83;64.995;64.995;0
2018-04-05;64.8805;65.023;64.82;64.8615;64.8615;0
2018-04-08;64.9205;65.21;64.805;64.9045;64.9045;0
2018-04-09;64.948;65.21;64.82;64.87;64.87;0
2018-04-10;64.9405;65.42;64.925;64.9253;64.9253;0
2018-04-11;65.253;65.44;65.185;65.19;65.19;0
2018-04-12;65.2805;65.45;65.178;65.2757;65.2757;0
2018-04-15;65.2455;65.67;65.21;65.1956;65.1956;0
2018-04-16;65.4605;65.93;65.38;65.4293;65.4293;0
2018-04-17;65.6705;65.91;65.57;65.675;65.675;0
2018-04-18;65.7105;66.13;65.7103;66.01;66.01;0
2018-04-19;65.863;66.35;65.863;66.1148;66.1148;0
2018-04-22;66.2005;66.78;66.14;66.1969;66.1969;0
2018-04-23;66.5205;66.5333;66.26;66.545;66.545;0
2018-04-24;66.4005;67.12;66.38;66.4141;66.4141;0
2018-04-25;66.9103;66.94;66.6563;66.9077;66.9077;0
2018-04-26;66.798;67.04;66.5948;66.9;66.9;0
2018-04-29;66.6105;66.6105;66.2;66.61;66.61;0
2018-04-30;66.4503;66.845;66.45;66.45;66.45;0
2018-05-01;66.453;67.03;66.453;66.7887;66.7887;0
2018-05-02;66.8;67.04;66.33;67.08;67.08;0
2018-05-03;66.6605;66.93;66.58;66.66;66.66;0
2018-05-06;66.813;67.47;66.75;66.8105;66.8105;0
2018-05-07;67.1305;67.33;66.96;67.1188;67.1188;0
2018-05-08;67.1603;67.52;67.16;67.1625;67.1625;0
2018-05-09;67.3405;67.6;67.12;67.62;67.62;0
2018-05-10;67.2355;67.54;67.07;67.39;67.39;0
2018-05-13;67.3505;67.76;67.19;67.3822;67.3822;0
2018-05-14;67.553;68.32;67.468;67.678;67.678;0
2018-05-15;68.073;68.48;67.75;68.46;68.46;0
2018-05-16;67.768;68.06;67.57;68.06;68.06;0
2018-05-17;67.758;68.42;67.72;68.14;68.14;0
2018-05-20;67.983;68.54;67.9783;67.975;67.975;0
2018-05-21;68.108;68.4;67.93;68.4;68.4;0
2018-05-22;68.013;68.51;68.01;68.43;68.43;0
2018-05-23;68.3103;68.405;68.26;68.65;68.65;0
2018-05-24;68.2603;68.305;67.66;68.2601;68.2601;0
2018-05-27;67.723;67.723;67.24;67.7217;67.7217;0
2018-05-28;67.3905;67.99;67.37;67.4028;67.4028;0
2018-05-29;67.8305;68.14;67.37;68.13;68.13;0
2018-05-30;67.4303;67.77;67.3;67.43;67.43;0
2018-05-31;67.4205;67.485;66.92;67.435;67.435;0
2018-06-03;66.988;67.32;66.87;66.925;66.925;0
2018-06-04;67.0603;67.3;67;67.06;67.06;0
2018-06-05;67.093;67.138;66.79;67.09;67.09;0
2018-06-06;66.8305;67.47;66.79;66.8301;66.8301;0
2018-06-07;67.4103;67.88;67.3;67.41;67.41;0
2018-06-10;67.5205;67.85;67.31;67.51;67.51;0
2018-06-11;67.463;67.68;67.35;67.49;67.49;0
2018-06-12;67.473;67.91;67.46;67.91;67.91;0
2018-06-13;67.638;67.8;67.45;67.78;67.78;0
2018-06-14;67.683;68.38;67.68;68.13;68.13;0
2018-06-17;68.053;68.51;67.95;68.05;68.05;0
2018-06-18;68.033;68.68;67.97;68.01;68.01;0
2018-06-19;68.303;68.303;67.92;68.05;68.05;0
2018-06-20;68.053;68.45;67.74;68.35;68.35;0
2018-06-21;67.938;67.938;67.69;67.83;67.83;0
2018-06-24;67.8605;68.32;67.85;67.8549;67.8549;0
2018-06-25;68.108;68.45;68.05;68.34;68.34;0
2018-06-26;68.3605;68.9;68.3;68.365;68.365;0
2018-06-27;68.9208;69.21;68.7;69.24;69.24;0
2018-06-28;68.8305;68.89;68.385;68.7967;68.7967;0
2018-07-01;68.4505;69.07;68.37;68.435;68.435;0
2018-07-02;68.7105;68.95;68.5;68.6948;68.6948;0
2018-07-03;68.5405;68.96;68.4;68.83;68.83;0
2018-07-04;68.683;69.205;68.53;68.98;68.98;0
2018-07-05;68.873;69.05;68.71;69.07;69.07;0
2018-07-08;68.7955;68.7956;68.48;68.755;68.755;0
2018-07-09;68.6603;68.91;68.61;68.6598;68.6598;0
2018-07-10;68.748;69.1;68.64;68.9;68.9;0
2018-07-11;68.723;69.07;68.25;68.72;68.72;0
2018-07-12;68.483;68.72;68.25;68.54;68.54;0
2018-07-15;68.493;68.71;68.39;68.4867;68.4867;0
2018-07-16;68.543;68.73;68.25;68.72;68.72;0
2018-07-17;68.356;68.633;68.31;68.356;68.356;0
2018-07-18;68.618;69.22;68.47;68.6155;68.6155;0
2018-07-19;68.9351;69.13;68.69;68.9351;68.9351;0
2018-07-22;68.733;68.97;68.62;68.7333;68.7333;0
2018-07-23;68.838;69.24;68.81;69.2;69.2;0
2018-07-24;68.94;69.02;68.64;68.81;68.81;0
2018-07-25;68.723;68.92;68.59;68.84;68.84;0
2018-07-26;68.653;68.765;68.53;68.74;68.74;0
2018-07-29;68.5955;68.94;68.55;68.615;68.615;0
2018-07-30;68.598;68.715;68.46;68.685;68.685;0
2018-07-31;68.4505;68.618;68.3;68.4968;68.4968;0
2018-08-01;68.3405;68.705;68.21;68.3071;68.3071;0
2018-08-02;68.618;69.03;68.42;68.6155;68.6155;0
2018-08-05;68.5355;68.878;68.31;68.505;68.505;0
2018-08-06;68.8103;68.925;68.61;68.81;68.81;0
2018-08-07;68.6205;68.87;68.55;68.596;68.596;0
2018-08-08;68.653;68.77;68.455;68.455;68.455;0
2018-08-09;68.753;69.08;68.753;69.1;69.1;0
2018-08-12;68.883;70.07;68.88;69.085;69.085;0
2018-08-13;69.9491;70.1;69.708;69.9491;69.9491;0
2018-08-14;69.9503;70.89;69.913;69.95;69.95;0
2018-08-15;70.66;70.72;69.93;70.66;70.66;0
2018-08-16;70.005;70.34;69.86;70.005;70.005;0
2018-08-19;70.093;70.093;69.58;69.785;69.785;0
2018-08-20;69.813;70.03;69.528;69.74;69.74;0
2018-08-21;69.805;69.97;69.79;69.81;69.81;0
2018-08-22;69.8603;70.163;69.8603;69.79;69.79;0
2018-08-23;70.275;70.275;69.71;70.275;70.275;0
2018-08-26;69.963;70.35;69.71;69.765;69.765;0
2018-08-27;69.945;70.45;69.93;69.945;69.945;0
2018-08-28;70.093;70.65;70.09;70.54;70.54;0
2018-08-29;70.528;71.19;70.528;70.91;70.91;0
2018-08-30;70.735;71.15;70.68;71.405;71.405;0
2018-09-02;70.998;71.22;70.71;70.995;70.995;0
2018-09-03;71.208;71.92;71.088;71.07;71.07;0
2018-09-04;71.578;71.98;71.28;71.75;71.75;0
2018-09-05;71.748;72.15;71.43;71.89;71.89;0
2018-09-06;71.9405;72.003;71.64;71.9389;71.9389;0
2018-09-09;71.783;72.68;71.783;72.095;72.095;0
2018-09-10;72.448;72.81;72.17;72.445;72.445;0
2018-09-11;72.633;72.99;71.82;72.99;72.99;0
2018-09-12;71.93;72.16;71.5;71.9252;71.9252;0
2018-09-13;72.03;72.15;71.51;72.0275;72.0275;0
2018-09-16;71.873;72.67;71.873;72.095;72.095;0
2018-09-17;72.5305;72.93;72.35;72.5348;72.5348;0
2018-09-18;72.703;72.86;72.05;73.12;73.12;0
2018-09-19;72.3505;72.3505;71.76;72.345;72.345;0
2018-09-20;72.008;72.423;71.7;71.72;71.72;0
2018-09-23;72.233;72.79;72.23;72.23;72.23;0
2018-09-24;72.663;73.25;72.55;73.3;73.3;0
2018-09-25;72.678;72.98;72.51;73.09;73.09;0
2018-09-26;72.593;72.75;72.34;72.77;72.77;0
2018-09-27;72.563;72.95;72.425;72.95;72.95;0
2018-09-30;72.5005;73.29;72.5005;72.505;72.505;0
2018-10-01;72.915;73.75;72.915;73.755;73.755;0
2018-10-02;72.918;73.48;72.91;73.28;73.28;0
2018-10-03;73.338;73.89;73.338;73.85;73.85;0
2018-10-04;73.623;74.61;73.458;74.22;74.22;0
2018-10-07;73.763;74.16;73.7615;73.763;73.763;0
2018-10-08;74.058;74.43;73.74;73.89;73.89;0
2018-10-09;74.3305;74.62;74.04;74.55;74.55;0
2018-10-10;74.7;74.9;73.74;74.6;74.6;0
2018-10-11;74.043;74.043;73.51;74.16;74.16;0
2018-10-14;73.603;74.39;73.603;73.676;73.676;0
2018-10-15;73.7605;73.95;73.22;74.08;74.08;0
2018-10-16;73.458;73.7;73.24;73.4555;73.4555;0
2018-10-17;73.593;73.71;73.44;73.92;73.92;0
2018-10-18;73.523;73.68;73.27;74.16;74.16;0
2018-10-21;73.368;73.84;73.19;73.465;73.465;0
2018-10-22;73.5505;73.92;73.42;73.8595;73.8595;0
2018-10-23;73.22;73.46;73.03;73.2213;73.2213;0
2018-10-24;73.2205;73.455;72.59;73.2205;73.2205;0
2018-10-25;73.2205;73.46;73.2;73.2202;73.2202;0
2018-10-29;73.125;73.72;73.125;73.125;73.125;0
2018-10-30;73.5906;73.95;73.393;73.5906;73.5906;0
2018-10-31;73.65;74.25;73.57;73.65;73.65;0
2018-11-01;74.07;74.0751;73.05;74.07;74.07;0
2018-11-02;73.0795;73.2;72.433;73.31;73.31;0
2018-11-05;72.905;73.33;72.433;72.905;72.905;0
2018-11-06;72.86;73.12;72.78;72.86;72.86;0
2018-11-07;73.23;73.23;72.2;73.23;73.23;0
2018-11-08;72.38;72.59;72.1;72.38;72.38;0
2018-11-09;72.37;72.9;72.37;72.9;72.9;0
2018-11-12;72.47;73.08;72.47;72.47;72.47;0
2018-11-13;72.85;72.95;72.3;73.18;73.18;0
2018-11-14;72.605;72.608;71.97;72.55;72.55;0
2018-11-15;72.3005;72.303;71.83;72.4;72.4;0
2018-11-16;71.8922;72.13;71.723;71.8917;71.8917;0
2018-11-19;71.775;72.11;71.31;71.775;71.775;0
2018-11-20;71.5951;71.6201;71.27;71.69;71.69;0
2018-11-21;71.415;71.423;71.04;71.415;71.415;0
2018-11-22;71.295;71.2956;70.61;71.295;71.295;0
2018-11-23;70.835;70.85;70.34;70.835;70.835;0
2018-11-26;70.67;70.87;70.28;70.67;70.67;0
2018-11-27;70.8098;70.989;70.718;70.81;70.81;0
2018-11-28;70.88;71.04;70.51;70.88;70.88;0
2018-11-29;70.6305;70.6306;69.72;70.6;70.6;0
2018-11-30;69.7705;69.87;69.58;69.92;69.92;0
2018-12-03;69.76;70.49;69.759;69.76;69.76;0
2018-12-04;70.485;70.68;70.335;70.485;70.485;0
2018-12-05;70.63;70.71;70.34;70.63;70.63;0
2018-12-06;70.87;71.14;70.553;70.87;70.87;0
2018-12-07;70.765;71.32;70.43;70.75;70.75;0
2018-12-10;71.365;72.7;70.853;71.365;71.365;0
2018-12-11;72.49;72.493;71.69;72.73;72.73;0
2018-12-12;72.2905;72.34;71.768;72.62;72.62;0
2018-12-13;71.83;71.8305;71.43;72.15;72.15;0
2018-12-14;71.52;72.17;71.52;71.547;71.547;0
2018-12-17;71.91;71.9105;71.5;71.91;71.91;0
2018-12-18;71.59;71.62;70.43;71.59;71.59;0
2018-12-19;70.57;70.57;69.888;70.57;70.57;0
2018-12-20;70.6854;70.693;69.65;70.6855;70.6855;0
2018-12-21;70.3;70.31;69.76;70.3;70.3;0
2018-12-24;70.14;70.28;69.84;70.14;70.14;0
2018-12-25;70.11;70.25;70;70.24;70.24;0
2018-12-26;70.24;70.24;69.75;70.24;70.24;0
2018-12-27;70.15;70.4;70.06;70.15;70.15;0
2018-12-28;69.99;70.353;69.87;69.99;69.99;0
2018-12-31;69.9225;69.925;69.47;69.9225;69.9225;0
2019-01-01;69.71;69.73;69.43;69.71;69.71;0
2019-01-02;69.443;70.233;69.443;69.71;69.71;0
2019-01-03;69.96;70.51;69.96;69.96;69.96;0
2019-01-04;70.1005;70.1303;69.6;70.3;70.3;0
2019-01-07;69.525;69.92;69.08;69.525;69.525;0
2019-01-08;69.81;70.234;69.72;69.81;69.81;0
2019-01-09;70.125;70.63;70.01;70.33;70.33;0
2019-01-10;70.5505;70.64;70.32;70.5505;70.5505;0
2019-01-11;70.41;70.57;70.35;70.72;70.72;0
2019-01-14;70.37;70.938;70.27;70.37;70.37;0
2019-01-15;71.085;71.14;70.69;71.085;71.085;0
2019-01-16;71.0925;71.25;70.93;71.0925;71.0925;0
2019-01-17;71.365;71.57;70.9705;71.365;71.365;0
2019-01-18;71.03;71.26;70.98;71.0302;71.0302;0
2019-01-21;71.23;71.53;71.13;71.23;71.23;0
2019-01-22;71.185;71.448;71.07;71.5;71.5;0
2019-01-23;71.2302;71.36;71.0978;71.2302;71.2302;0
2019-01-24;71.1573;71.3;70.94;71.1573;71.1573;0
2019-01-25;70.99;71.223;70.884;70.99;70.99;0
2019-01-28;70.975;71.19;70.86;70.975;70.975;0
2019-01-29;71.0901;71.453;71.02;71.0901;71.0901;0
2019-01-30;71.4225;71.55;71.108;71.62;71.62;0
2019-01-31;71.12;71.23;70.84;71.12;71.12;0
2019-02-01;70.95;71.48;70.92;71.2;71.2;0
2019-02-04;71.4517;71.9;71.4;71.4517;71.4517;0
2019-02-05;71.685;71.81;71.51;71.685;71.685;0
2019-02-06;71.77;71.77;71.45;71.77;71.77;0
2019-02-07;71.5405;71.88;71.27;71.5405;71.5405;0
2019-02-08;71.58;71.58;71.02;71.58;71.58;0
2019-02-11;71.15;71.3;71.0345;71.15;71.15;0
2019-02-12;71.23;71.241;70.56;71.23;71.23;0
2019-02-13;70.6746;70.88;70.39;70.81;70.81;0
2019-02-14;70.8651;71.24;70.788;70.8651;70.8651;0
2019-02-15;71.01;71.46;71;71.01;71.01;0
2019-02-18;71.32;71.51;71.27;71.32;71.32;0
2019-02-19;71.3765;71.61;71.24;71.7;71.7;0
2019-02-20;71.305;71.33;70.932;71.6;71.6;0
2019-02-21;71.049;71.233;70.93;71.3;71.3;0
2019-02-22;71.185;71.23;71.02;71.185;71.185;0
2019-02-25;71.0275;71.15;70.8149;71.031;71.031;0
2019-02-26;70.8245;71.43;70.8015;71.09;71.09;0
2019-02-27;70.94;71.48;70.92;70.94;70.94;0
2019-02-28;71.2153;71.5925;70.7035;71.19;71.19;0
2019-03-01;70.816;71.06;70.6883;70.816;70.816;0
2019-03-04;70.99;71.2;70.7395;70.99;70.99;0
2019-03-05;70.9;70.9765;70.397;70.9;70.9;0
2019-03-06;70.48;70.6835;70.0202;70.7425;70.7425;0
2019-03-07;70.0705;70.1415;69.783;70.365;70.365;0
2019-03-08;70.4875;70.4875;69.7753;70.4875;70.4875;0
2019-03-11;69.9869;70.0235;69.792;69.9869;69.9869;0
2019-03-12;69.7901;69.7903;69.4815;69.7901;69.7901;0
2019-03-13;69.6155;69.8145;69.414;69.845;69.845;0
2019-03-14;69.7263;69.7263;69.313;69.7263;69.7263;0
2019-03-15;69.3373;69.6275;68.915;69.3373;69.3373;0
2019-03-18;68.953;69.24;68.455;68.953;68.953;0
2019-03-19;68.615;69.1715;68.3505;68.618;68.618;0
2019-03-20;69.0076;69.3175;68.7415;69.3175;69.3175;0
2019-03-21;68.7805;68.783;68.43;68.825;68.825;0
2019-03-22;68.8005;69.2515;68.548;68.93;68.93;0
2019-03-25;69.1606;69.186;68.79;69.1605;69.1605;0
2019-03-26;68.9234;69.3015;68.634;68.9234;68.9234;0
2019-03-27;68.986;69.1958;68.77;69.4275;69.4275;0
2019-03-28;69.09;69.357;68.914;69.37;69.37;0
2019-03-29;69.1815;69.349;69.039;69.5;69.5;0
2019-03-31;69.43;69.61;69.18;69.43;69.43;0
2019-04-01;69.1955;69.53;68.7399;69.1953;69.1953;0
2019-04-02;68.9105;69.205;68.378;68.9102;68.9102;0
2019-04-03;68.443;69.43;68.44;68.85;68.85;0
2019-04-04;68.9705;69.3275;68.939;68.9704;68.9704;0
2019-04-07;69.1605;69.77;69.1605;69.16;69.16;0
2019-04-08;69.548;69.715;69.248;69.5525;69.5525;0
2019-04-09;69.2615;69.3648;69.081;69.2618;69.2618;0
2019-04-10;69.1405;69.495;68.83;69.1402;69.1402;0
2019-04-11;69.013;69.43;69.01;69.43;69.43;0
2019-04-14;69.183;69.6245;68.924;69.161;69.161;0
2019-04-15;69.388;69.659;69.3815;69.81;69.81;0
2019-04-16;69.523;69.661;69.333;69.885;69.885;0
2019-04-17;69.401;69.617;69.355;69.401;69.401;0
2019-04-18;69.388;69.755;69.295;69.381;69.381;0
2019-04-21;69.388;69.9145;69.36;69.36;69.36;0
2019-04-22;69.69;69.834;69.429;70.0625;70.0625;0
2019-04-23;69.7605;69.989;69.662;69.758;69.758;0
2019-04-24;69.953;70.4775;69.916;70.0958;70.0958;0
2019-04-25;70.1605;70.54;69.7643;70.16;70.16;0
2019-04-28;69.843;70.05;69.7655;69.842;69.842;0
2019-04-29;69.855;69.921;69.53;69.8118;69.8118;0
2019-04-30;69.6375;69.9285;69.438;69.556;69.556;0
2019-05-01;69.6375;69.649;69.289;69.6329;69.6329;0
2019-05-02;69.4243;69.77;69.0625;69.4244;69.4244;0
2019-05-05;69.088;69.467;69.088;69.168;69.168;0
2019-05-06;69.403;69.66;69.262;69.4003;69.4003;0
2019-05-07;69.603;69.91;69.439;69.91;69.91;0
2019-05-08;69.727;70.285;69.684;70.01;70.01;0
2019-05-09;70.193;70.41;69.754;70.41;70.41;0
2019-05-12;70.008;70.6365;69.9215;69.9225;69.9225;0
2019-05-13;70.617;70.96;70.241;70.617;70.617;0
2019-05-14;70.307;70.4195;70.166;70.307;70.307;0
2019-05-15;70.2136;70.3275;69.915;70.2092;70.2092;0
2019-05-16;70.2271;70.303;70.075;70.235;70.235;0
2019-05-19;70.273;70.2815;69.26;70.2815;70.2815;0
2019-05-20;69.602;70.1275;69.5993;70.1275;70.1275;0
2019-05-22;69.643;70.19;69.3444;69.9725;69.9725;0
2019-05-23;69.658;69.945;69.3575;69.945;69.945;0
2019-05-26;69.373;69.6119;69.31;69.36;69.36;0
2019-05-27;69.493;69.729;69.465;69.72;69.72;0
2019-05-28;69.875;69.998;69.571;69.875;69.875;0
2019-05-29;69.8152;70.06;69.6055;69.815;69.815;0
2019-05-30;69.804;69.98;69.5858;69.98;69.98;0
2019-06-02;69.5705;69.5705;69.124;69.5696;69.5696;0
2019-06-03;69.1616;69.379;69.014;69.1619;69.1619;0
2019-06-04;69.284;69.56;69.168;69.56;69.56;0
2019-06-05;69.3902;69.625;68.906;69.625;69.625;0
2019-06-06;69.36;69.557;68.974;69.36;69.36;0
2019-06-09;69.348;69.648;69.12;69.345;69.345;0
2019-06-10;69.509;69.74;69.348;69.5235;69.5235;0
2019-06-11;69.389;69.65;69.253;69.3865;69.3865;0
2019-06-12;69.7;69.7;69.307;69.7;69.7;0
2019-06-13;69.558;69.842;69.504;69.8;69.8;0
2019-06-16;69.826;70.045;69.749;69.7705;69.7705;0
2019-06-17;69.817;70.1125;69.447;70.1125;70.1125;0
2019-06-18;69.6005;69.806;69.479;69.765;69.765;0
2019-06-19;69.6405;69.87;69.331;69.87;69.87;0
2019-06-20;69.51;69.78;69.503;69.78;69.78;0
2019-06-23;69.608;69.6675;69.291;69.5699;69.5699;0
2019-06-24;69.259;69.6025;69.219;69.6025;69.6025;0
2019-06-25;69.6375;69.77;69.099;69.6375;69.6375;0
2019-06-26;69.6025;69.6155;68.999;69.6025;69.6025;0
2019-06-27;69.325;69.325;68.869;69.325;69.325;0
2019-06-30;68.9405;69.075;68.821;68.9405;68.9405;0
2019-07-01;68.878;69.1675;68.864;69.1675;69.1675;0
2019-07-02;68.883;69.0825;68.7795;69.0825;69.0825;0
2019-07-03;68.786;69.0075;68.482;69.0075;69.0075;0
2019-07-04;68.74;68.77;68.389;68.74;68.74;0
2019-07-07;68.443;68.84;68.44;68.44;68.44;0
2019-07-08;68.559;68.85;68.507;68.85;68.85;0
2019-07-09;68.5555;68.765;68.2925;68.765;68.765;0
2019-07-10;68.5081;68.53;68.2023;68.3676;68.3676;0
2019-07-11;68.443;68.683;68.3565;68.67;68.67;0
2019-07-14;68.5505;68.591;68.3015;68.5503;68.5503;0
2019-07-15;68.533;68.75;68.506;68.7475;68.7475;0
2019-07-16;68.6813;68.895;68.604;68.895;68.895;0
2019-07-17;68.7859;69.0125;68.7003;68.786;68.786;0
2019-07-18;68.7853;68.9345;68.6015;68.85;68.85;0
2019-07-21;68.853;69.205;68.83;68.83;68.83;0
2019-07-22;69.16;69.1925;68.9;69.16;69.16;0
2019-07-23;69.02;69.35;68.9226;69.02;69.02;0
2019-07-24;68.9811;69.185;68.8828;69.185;69.185;0
2019-07-25;69.153;69.3575;68.816;69.1505;69.1505;0
2019-07-28;68.8705;68.957;68.71;68.87;68.87;0
2019-07-29;68.748;68.95;68.66;68.95;68.95;0
2019-07-30;69.0775;69.0775;68.756;69.0775;69.0775;0
2019-07-31;68.9999;69.405;68.867;69.405;69.405;0
2019-08-01;69.297;69.8;69.0075;69.2972;69.2972;0
2019-08-04;69.693;71.187;69.6579;69.6569;69.6569;0
2019-08-05;71.52;71.52;70.495;71.52;71.52;0
2019-08-06;71.033;71.4045;70.5925;71.23;71.23;0
2019-08-07;71.1652;71.205;70.396;71.1651;71.1651;0
2019-08-08;70.487;71.0615;70.448;70.4709;70.4709;0
2019-08-11;70.917;71.3625;70.91;71.035;71.035;0
2019-08-12;71.276;71.58;70.74;71.58;71.58;0
2019-08-13;71.1103;71.5625;70.81;71.08;71.08;0
2019-08-14;71.268;71.9;71.268;71.6352;71.6352;0
2019-08-15;71.803;71.803;71.008;71.72;71.72;0
2019-08-18;71.148;71.5795;71.035;71.132;71.132;0
2019-08-19;71.444;71.995;71.441;71.995;71.995;0
2019-08-20;71.542;71.81;71.334;71.81;71.81;0
2019-08-21;71.4295;72.02;71.393;71.4378;71.4378;0
2019-08-22;72.265;72.265;71.4065;71.9204;71.9204;0
2019-08-25;71.505;72.335;71.5025;71.5025;71.5025;0
2019-08-26;72.0103;72.16;71.37;72.16;72.16;0
2019-08-27;71.5353;71.895;71.455;71.535;71.535;0
2019-08-28;71.8193;72.0935;71.62;72.085;72.085;0
2019-08-29;71.6803;71.9775;71.377;71.6802;71.6802;0
2019-09-01;71.446;72.0078;71.446;71.7299;71.7299;0
2019-09-02;71.9595;72.62;71.73;71.9621;71.9621;0
2019-09-03;72.1605;72.46;71.887;72.46;72.46;0
2019-09-04;71.958;72.27;71.771;71.9557;71.9557;0
2019-09-05;71.9233;72.22;71.476;72.22;72.22;0
2019-09-08;71.638;71.715;71.4878;71.67;71.67;0
2019-09-09;72.0925;72.11;71.734;72.0925;72.0925;0
2019-09-10;71.8655;72.18;71.593;71.859;71.859;0
2019-09-11;71.5603;71.8325;70.864;71.5601;71.5601;0
2019-09-12;70.964;71.285;70.858;71.285;71.285;0
2019-09-15;70.978;71.6483;70.978;71.0207;71.0207;0
2019-09-16;71.573;72.3223;71.355;71.7491;71.7491;0
2019-09-17;71.483;71.71;71.083;71.71;71.71;0
2019-09-18;71.138;71.5425;71.0545;71.5425;71.5425;0
2019-09-19;71.3829;71.7175;70.7123;71.7175;71.7175;0
2019-09-22;71.068;71.2275;70.7682;71.1916;71.1916;0
2019-09-23;71.02;71.03;70.7198;70.7896;70.7896;0
2019-09-24;70.9583;71.325;70.9348;71.285;71.285;0
2019-09-25;70.981;71.31;70.8315;71.31;71.31;0
2019-09-26;70.953;71.215;70.366;71.215;71.215;0
2019-09-29;70.501;70.8755;70.3753;70.4987;70.4987;0
2019-09-30;70.638;71.2415;70.6065;70.9225;70.9225;0
2019-10-01;71.1;71.543;71.0055;71.1;71.1;0
2019-10-02;71.1405;71.415;70.868;71.1416;71.1416;0
2019-10-03;71.023;71.25;70.7625;71.02;71.02;0
2019-10-06;70.818;71.0915;70.815;70.815;70.815;0
2019-10-07;70.968;71.36;70.828;71.36;71.36;0
2019-10-08;71.213;71.575;70.949;71.21;71.21;0
2019-10-09;71.113;71.41;70.882;71.41;71.41;0
2019-10-10;71.2;71.2;70.759;70.98;70.98;0
2019-10-13;70.917;71.2495;70.7315;70.914;70.914;0
2019-10-14;71.229;71.583;71.124;71.4525;71.4525;0
2019-10-15;71.76;71.76;71.3645;71.76;71.76;0
2019-10-16;71.3544;71.62;71.07;71.62;71.62;0
2019-10-17;71.123;71.4225;70.966;71.4225;71.4225;0
2019-10-20;71.083;71.346;70.7455;71.03;71.03;0
2019-10-21;71.105;71.105;70.7575;71.105;71.105;0
2019-10-22;71.075;71.175;70.708;71.075;71.075;0
2019-10-23;70.9325;71.073;70.6995;70.715;70.715;0
2019-10-24;70.958;71.19;70.7515;71.19;71.19;0
2019-10-28;70.83;70.8775;70.6726;70.83;70.83;0
2019-10-29;70.7351;70.898;70.68;70.735;70.735;0
2019-10-30;70.8843;71.05;70.729;70.8846;70.8846;0
2019-10-31;70.99;71.139;70.6765;70.99;70.99;0
2019-11-01;71.2725;71.2725;70.538;70.97;70.97;0
2019-11-04;70.5121;70.815;70.4715;70.5121;70.5121;0
2019-11-05;71;71;70.6143;71;71;0
2019-11-06;70.895;71.097;70.649;70.895;70.895;0
2019-11-07;71.2575;71.2575;70.8748;71;71;0
2019-11-08;71.308;71.47;71.2685;71.3765;71.3765;0
2019-11-11;71.35;71.614;71.233;71.3765;71.3765;0
2019-11-12;71.7475;71.779;71.4943;71.574;71.574;0
2019-11-13;71.7801;72.1915;71.637;71.78;71.78;0
2019-11-14;72.1416;72.36;71.827;72.1415;72.1415;0
2019-11-15;71.9556;72.1725;71.5865;71.9558;71.9558;0
2019-11-18;71.625;71.939;71.573;71.7058;71.7058;0
2019-11-19;71.935;72.17;71.6173;71.9351;71.9351;0
2019-11-20;72.07;72.07;71.654;71.851;71.851;0
2019-11-21;71.98;71.98;71.6938;71.7682;71.7682;0
2019-11-22;71.7401;71.9425;71.639;71.7405;71.7405;0
2019-11-25;71.7826;71.865;71.6115;71.7826;71.7826;0
2019-11-26;71.6794;71.81;71.422;71.6795;71.6795;0
2019-11-27;71.4295;71.58;71.2198;71.4284;71.4284;0
2019-11-28;71.2278;71.75;71.2277;71.2281;71.2281;0
2019-11-29;71.5474;71.8755;71.498;71.5474;71.5474;0
2019-12-02;71.739;71.809;71.574;71.723;71.723;0
2019-12-03;71.6251;71.809;71.499;71.625;71.625;0
2019-12-04;71.7307;71.96;71.469;71.96;71.96;0
2019-12-05;71.48;71.64;71.1791;71.4801;71.4801;0
2019-12-06;71.2299;71.432;71.195;71.385;71.385;0
2019-12-09;71.2729;71.275;71.0085;71.2868;71.2868;0
2019-12-10;70.9601;71.15;70.781;70.9602;70.9602;0
2019-12-11;70.8223;71.01;70.653;71.01;71.01;0
2019-12-12;70.7292;70.93;70.517;70.7293;70.7293;0
2019-12-13;70.71;70.854;70.471;70.5599;70.5599;0
2019-12-16;70.6795;71.028;70.6665;70.689;70.689;0
2019-12-17;70.9205;71.091;70.848;70.9205;70.9205;0
2019-12-18;71.0256;71.2645;70.871;71.215;71.215;0
2019-12-19;70.99;71.365;70.872;70.9899;70.9899;0
2019-12-20;71.2227;71.425;71.034;71.2227;71.2227;0
2019-12-23;71.05;71.2905;71.034;71.024;71.024;0
2019-12-24;71.21;71.41;71.1423;71.2107;71.2107;0
2019-12-25;71.46;71.46;71.1875;71.46;71.46;0
2019-12-26;71.336;71.54;71.2005;71.54;71.54;0
2019-12-27;71.46;71.562;71.19;71.3003;71.3003;0
2019-12-30;71.41;71.5;71.253;71.313;71.313;0
2019-12-31;71.311;71.5375;71.1348;71.311;71.311;0
2020-01-01;71.2758;71.43;71.03;71.2758;71.2758;0
2020-01-02;71.025;71.4055;71.025;71.025;71.025;0
2020-01-03;71.415;71.995;71.2298;71.415;71.415;0
2020-01-06;71.72;72.19;71.703;71.731;71.731;0
2020-01-07;72.02;72.0326;71.669;71.787;71.787;0
2020-01-08;72.16;72.5;71.3445;72.16;72.16;0
2020-01-09;71.63;71.63;71.102;71.4119;71.4119;0
2020-01-10;71.3925;71.3925;70.829;71.1943;71.1943;0
2020-01-13;70.953;70.99;70.648;70.953;70.953;0
2020-01-14;70.7189;70.9525;70.6065;70.7189;70.7189;0
2020-01-15;71.105;71.105;70.66;70.8451;70.8451;0
2020-01-16;70.9325;71.1;70.6615;70.718;70.718;0
2020-01-17;71.1625;71.1625;70.836;70.9456;70.9456;0
2020-01-20;71.0337;71.25;70.72;71.0347;71.0347;0
2020-01-21;71.2425;71.37;71.03;71.031;71.031;0
2020-01-22;71.204;71.415;71.0665;71.17;71.17;0
2020-01-23;71.07;71.4525;71.07;71.0781;71.0781;0
2020-01-24;71.3222;71.51;71.2085;71.321;71.321;0
2020-01-27;71.32;71.635;71.32;71.325;71.325;0
2020-01-28;71.655;71.655;71.178;71.44;71.44;0
2020-01-29;71.2301;71.425;71.1685;71.2304;71.2304;0
2020-01-30;71.3;71.712;71.3;71.3;71.3;0
2020-01-31;71.64;71.64;71.2775;71.64;71.64;0
2020-02-03;71.545;71.7;71.2655;71.4965;71.4965;0
2020-02-04;71.3141;71.515;71.085;71.3141;71.3141;0
2020-02-05;71.1004;71.28;71.0999;71.1;71.1;0
2020-02-06;71.181;71.3975;71.121;71.18;71.18;0
2020-02-07;71.47;71.571;71.1775;71.47;71.47;0
2020-02-10;71.505;71.508;71.259;71.5155;71.5155;0
2020-02-11;71.47;71.47;71.1715;71.28;71.28;0
2020-02-12;71.2755;71.475;71.064;71.2753;71.2753;0
2020-02-13;71.2965;71.4919;71.2358;71.2962;71.2962;0
2020-02-14;71.2685;71.596;71.2564;71.2685;71.2685;0
2020-02-17;71.5177;71.5177;71.269;71.5148;71.5148;0
2020-02-18;71.3493;71.6135;71.33;71.3492;71.3492;0
2020-02-19;71.79;71.815;71.421;71.575;71.575;0
2020-02-20;71.6329;71.9195;71.5474;71.8275;71.8275;0
2020-02-21;72.11;72.11;71.67;72.11;72.11;0
2020-02-24;71.87;72.355;71.767;71.8868;71.8868;0
2020-02-25;72.0467;72.295;71.593;72.0467;72.0467;0
2020-02-26;71.87;72.1375;71.5256;71.87;71.87;0
2020-02-27;71.6634;71.9525;71.535;71.6634;71.6634;0
2020-02-28;71.93;72.815;71.6275;71.93;71.93;0
2020-03-02;72.529;73.3875;71.9525;72.15;72.15;0
2020-03-03;72.4235;73.6;72.3425;72.825;72.825;0
2020-03-04;73.342;74.0375;72.895;73.342;73.342;0
2020-03-05;74.0425;74.08;73.05;74.0425;74.0425;0
2020-03-06;73.8551;74.44;73.4965;73.8551;73.8551;0
2020-03-09;73.9953;75.0625;73.8625;73.9953;73.9953;0
2020-03-10;75.145;75.145;73.7355;74.406;74.406;0
2020-03-11;74.205;74.405;73.4045;74.205;74.205;0
2020-03-12;74.76;75.38;73.9945;74.76;74.76;0
2020-03-13;74.4361;75.435;73.6995;75.3;75.3;0
2020-03-16;73.83;75.1225;73.7575;73.904;73.904;0
2020-03-17;75.155;75.155;73.58;75.155;75.155;0
2020-03-18;74.0124;74.9895;73.705;74.0124;74.0124;0
2020-03-19;74.982;75.572;74.411;74.982;74.982;0
2020-03-20;76.12;76.23;74.155;75.1597;75.1597;0
2020-03-23;75.3885;77.755;75.275;75.6221;75.6221;0
2020-03-24;76.506;77.75;75.0125;76.506;76.506;0
2020-03-25;77.26;77.475;75.85;77.26;77.26;0
2020-03-26;77.095;77.095;74.7695;75.8455;75.8455;0
2020-03-27;74.7256;76.25;73.99;74.7256;74.7256;0
2020-03-29;75.465;76.38;74.99;75.465;75.465;0
2020-03-30;75.4001;76.4825;75.1345;75.4;75.4;0
2020-03-31;76.11;77.3776;75.325;75.325;75.325;0
2020-04-01;76.5855;77.57;76.01;77.57;77.57;0
2020-04-02;77.14;77.505;75.75;77.14;77.14;0
2020-04-05;76.23;77.38;75.9045;76.23;76.23;0
2020-04-06;75.9649;77.115;75.252;75.9649;75.9649;0
2020-04-07;76.66;77.2;75.5725;76.66;76.66;0
2020-04-08;75.959;77.2;75.7475;75.959;75.959;0
2020-04-09;76.65;76.68;75.8075;76.65;76.65;0
2020-04-12;76.1665;76.9525;75.9925;76.1665;76.1665;0
2020-04-13;76.91;76.9625;75.9395;76.91;76.91;0
2020-04-14;75.931;76.7095;75.9213;75.931;75.931;0
2020-04-15;76.5001;77.51;76.472;77.2125;77.2125;0
2020-04-16;76.8589;77.57;76.247;77.57;77.57;0
2020-04-19;76.56;77.315;76.3113;76.56;76.56;0
2020-04-20;76.5924;77.615;76.4963;77.21;77.21;0
2020-04-21;77.685;77.685;76.3845;76.9694;76.9694;0
2020-04-22;76.995;76.995;75.6725;76.4;76.4;0
2020-04-23;76.4225;76.8;75.84;76.4225;76.4225;0
2020-04-26;76.2715;76.785;75.8875;76.2715;76.2715;0
2020-04-27;76.655;76.655;75.7904;76.1863;76.1863;0
2020-04-28;76.465;76.465;75.412;76.465;76.465;0
2020-04-29;75.61;75.75;74.805;75.2585;75.2585;0
2020-04-30;75.72;76.145;75.073;75.72;75.72;0
2020-05-03;75.591;75.805;75.3525;75.6005;75.6005;0
2020-05-04;75.63;76.1158;75.38;75.85;75.85;0
2020-05-05;76.17;76.17;75.5903;76.17;76.17;0
2020-05-06;76.55;76.55;75.7095;76.1513;76.1513;0
2020-05-07;76.08;76.08;75.26;76.08;76.08;0
2020-05-10;75.525;76.26;75.0395;75.525;75.525;0
2020-05-11;75.9276;76.31;75.0413;76.31;76.31;0
2020-05-12;75.3685;75.68;75.044;75.68;75.68;0
2020-05-13;75.4272;75.73;75.341;75.4262;75.4262;0
2020-05-14;75.485;76.1855;75.3193;75.485;75.485;0
2020-05-17;75.82;76.092;75.6124;75.82;75.82;0
2020-05-18;75.6;76.04;75.5275;75.6001;75.6001;0
2020-05-19;75.7;76;75.463;76;76;0
2020-05-20;75.78;75.92;75.416;75.78;75.78;0
2020-05-21;75.625;76.2095;75.61;75.625;75.625;0
2020-05-24;75.985;76.1295;75.7575;75.985;75.985;0
2020-05-25;75.8736;76.11;75.405;76.11;76.11;0
2020-05-26;75.4895;76;75.3813;75.82;75.82;0
2020-05-27;75.8857;76.13;75.6345;76.13;76.13;0
2020-05-28;75.96;75.96;75.4263;75.96;75.96;0
2020-05-31;75.5132;75.77;75.2355;75.5132;75.5132;0
2020-06-01;75.73;75.73;74.9828;75.73;75.73;0
2020-06-02;75.275;75.685;74.9144;75.0658;75.0658;0
2020-06-03;75.3277;75.635;75.2819;75.545;75.545;0
2020-06-04;75.4832;75.7925;75.3094;75.4909;75.4909;0
2020-06-07;75.5177;75.74;75.3888;75.5177;75.5177;0
2020-06-08;75.3998;75.691;75.3919;75.625;75.625;0
2020-06-09;75.5097;75.7799;75.3769;75.5098;75.5098;0
2020-06-10;75.875;76.197;75.5;75.875;75.875;0
2020-06-11;76.39;76.39;75.7675;76.39;76.39;0
2020-06-14;75.9569;76.22;75.895;75.9568;75.9568;0
2020-06-15;76.0975;76.2838;75.745;75.978;75.978;0
2020-06-16;76.4037;76.655;76.0945;76.655;76.655;0
2020-06-17;76.2898;76.55;76.0015;76.55;76.55;0
2020-06-18;76.4831;76.635;76.1055;76.4004;76.4004;0
2020-06-21;76.2573;76.4535;75.7385;76.2521;76.2521;0
2020-06-22;76;76.1198;75.472;75.7898;75.7898;0
2020-06-23;75.84;75.84;75.466;75.6078;75.6078;0
2020-06-24;75.97;75.97;75.5198;75.97;75.97;0
2020-06-25;75.542;75.745;75.4305;75.5398;75.5398;0
2020-06-28;75.6198;75.6418;75.4319;75.6198;75.6198;0
2020-06-29;75.5188;75.7;75.3885;75.7;75.7;0
2020-06-30;75.557;75.75;75.475;75.75;75.75;0
2020-07-01;75.6775;75.6775;74.6075;75.4549;75.4549;0
2020-07-02;74.875;74.99;74.5445;74.721;74.721;0
2020-07-05;74.6793;74.808;74.4303;74.6793;74.6793;0
2020-07-06;74.6075;74.963;74.5403;74.6076;74.6076;0
2020-07-07;75.125;75.125;74.8125;75.125;75.125;0
2020-07-08;74.921;75.1567;74.8478;74.9399;74.9399;0
2020-07-09;75.34;75.355;75.0567;75.34;75.34;0
2020-07-12;75.1943;75.435;75.0705;75.1585;75.1585;0
2020-07-13;75.45;75.5105;75.2118;75.45;75.45;0
2020-07-14;75.575;75.575;75.0433;75.575;75.575;0
2020-07-15;75.1249;75.35;75.086;75.1249;75.1249;0
2020-07-16;75.42;75.42;74.916;75.1745;75.1745;0
2020-07-19;74.8974;75.15;74.747;74.8973;74.8973;0
2020-07-20;74.99;74.994;74.5074;74.99;74.99;0
2020-07-21;74.77;74.8331;74.4646;74.77;74.77;0
2020-07-22;74.82;74.9256;74.5723;74.82;74.82;0
2020-07-23;75.045;75.1;74.6847;74.8073;74.8073;0
2020-07-26;74.7256;74.9835;74.5135;74.7598;74.7598;0
2020-07-27;75;75;74.6485;75;75;0
2020-07-28;75.09;75.09;74.684;75.09;75.09;0
2020-07-29;74.8312;75.02;74.7505;74.8312;74.8312;0
2020-07-30;74.7838;74.99;74.6135;74.99;74.99;0
2020-08-02;74.9179;75.2984;74.836;74.9178;74.9178;0
2020-08-03;75.33;75.365;74.973;75.33;75.33;0
2020-08-04;75.25;75.25;74.7713;75.25;75.25;0
2020-08-05;75.1;75.1;74.769;74.8822;74.8822;0
2020-08-06;74.8998;75.1092;74.876;74.8998;74.8998;0
2020-08-09;75.0269;75.246;74.856;75.0248;75.0248;0
2020-08-10;75.1;75.1;74.516;75.1;75.1;0
2020-08-11;74.9;74.924;74.6198;74.9;74.9;0
2020-08-12;74.9975;74.9975;74.744;74.7721;74.7721;0
2020-08-13;75.03;75.03;74.7285;75.03;75.03;0
2020-08-16;74.9028;75.08;74.6624;74.9028;74.9028;0
2020-08-17;75;75;74.5703;75;75;0
2020-08-18;74.795;75.0575;74.5753;74.795;74.795;0
2020-08-19;75.18;75.2;74.8472;74.9668;74.9668;0
2020-08-20;75.19;75.19;74.823;74.9999;74.9999;0
2020-08-23;74.9218;74.9218;73.9253;74.9218;74.9218;0
2020-08-24;74.4;74.6393;74.047;74.4;74.4;0
2020-08-25;74.4525;74.4525;74.186;74.4525;74.4525;0
2020-08-26;74.46;74.46;73.7639;74.2401;74.2401;0
2020-08-27;73.97;73.97;73.0958;73.7745;73.7745;0
2020-08-30;73.1284;73.885;73.0345;73.1283;73.1283;0
2020-08-31;73.67;73.67;72.7185;73.67;73.67;0
2020-09-01;73.27;73.37;72.8893;73.27;73.27;0
2020-09-02;73.46;73.7113;72.8935;73.2485;73.2485;0
2020-09-03;73.6675;73.67;73.0108;73.4479;73.4479;0
2020-09-06;73.2903;73.5068;73.019;73.2903;73.2903;0
2020-09-07;73.65;73.9578;73.393;73.65;73.65;0
2020-09-08;73.7868;74.05;73.0825;73.7868;73.7868;0
2020-09-09;73.55;73.55;73.012;73.55;73.55;0
2020-09-10;73.75;73.75;73.364;73.5273;73.5273;0
2020-09-13;73.4787;73.7024;73.244;73.4786;73.4786;0
2020-09-14;73.384;73.723;73.2885;73.615;73.615;0
2020-09-15;73.6101;73.8;73.4638;73.8;73.8;0
2020-09-16;73.765;73.7881;73.398;73.5507;73.5507;0
2020-09-17;73.78;73.78;73.173;73.5836;73.5836;0
2020-09-20;73.5348;73.6496;73.278;73.5348;73.5348;0
2020-09-21;73.5798;73.65;73.388;73.5798;73.5798;0
2020-09-22;73.5029;73.8;73.438;73.503;73.503;0
2020-09-23;74.01;74.222;73.563;73.7784;73.7784;0
2020-09-24;73.91;73.91;73.5615;73.6824;73.6824;0
2020-09-27;73.6994;73.87;73.5193;73.6993;73.6993;0
2020-09-28;73.7648;73.975;73.604;73.975;73.975;0
2020-09-29;73.655;73.8565;73.5244;73.845;73.845;0
2020-09-30;73.705;73.705;73.027;73.705;73.705;0
2020-10-01;73.42;73.533;73.14;73.217;73.217;0
2020-10-04;73.3225;73.398;73.0471;73.3224;73.3224;0
2020-10-05;73.1158;73.489;73.044;73.1083;73.1083;0
2020-10-06;73.815;73.815;73.08;73.815;73.815;0
2020-10-07;73.5425;73.5465;73.194;73.5425;73.5425;0
2020-10-08;73.2805;73.4973;72.977;73.2805;73.2805;0
2020-10-11;73.0149;73.4132;72.934;73.0148;73.0148;0
2020-10-12;73.3508;73.505;73.2456;73.3508;73.3508;0
2020-10-13;73.4183;73.62;73.2052;73.62;73.62;0
2020-10-14;73.4925;73.5187;73.202;73.2962;73.2962;0
2020-10-15;73.57;73.57;73.2727;73.371;73.371;0
2020-10-18;73.4438;73.595;73.284;73.4438;73.4438;0
2020-10-19;73.3937;73.575;73.295;73.575;73.575;0
2020-10-20;73.4797;73.7842;73.359;73.6475;73.6475;0
2020-10-21;73.725;73.884;73.4728;73.6813;73.6813;0
2020-10-22;73.72;73.8853;73.473;73.72;73.72;0
2020-10-26;73.834;74.1143;73.69;73.8229;73.8229;0
2020-10-27;74.1375;74.1375;73.614;73.9485;73.9485;0
2020-10-28;73.8149;74.252;73.643;73.805;73.805;0
2020-10-29;74.44;74.5247;73.933;74.44;74.44;0
2020-10-30;74.264;74.702;74.032;74.264;74.264;0
2020-11-02;74.7073;74.7076;74.274;74.5505;74.5505;0
2020-11-03;74.4568;74.6848;74.245;74.4568;74.4568;0
2020-11-04;74.85;75.001;74.2788;74.6556;74.6556;0
2020-11-05;74.1905;74.4073;73.8458;74.38;74.38;0
2020-11-06;74.12;74.2785;73.864;74.12;74.12;0
2020-11-09;73.9758;74.168;73.6431;73.9798;73.9798;0
2020-11-10;74.14;74.4658;73.878;73.9532;73.9532;0
2020-11-11;74.4725;74.5379;74.108;74.2816;74.2816;0
2020-11-12;74.6248;74.759;74.366;74.57;74.57;0
2020-11-13;74.6717;74.8873;74.4661;74.865;74.865;0
2020-11-16;74.5898;74.5898;74.3793;74.4877;74.4877;0
2020-11-17;74.55;74.6089;74.3268;74.4181;74.4181;0
2020-11-18;74.4801;74.7048;74.0352;74.4797;74.4797;0
2020-11-19;74.42;74.4423;74.1198;74.42;74.42;0
2020-11-20;74.0996;74.3392;74.073;74.0996;74.0996;0
2020-11-23;74.1198;74.4063;74.003;74.1624;74.1624;0
2020-11-24;74.2445;74.249;73.8844;74.2449;74.2449;0
2020-11-25;73.9608;74.17;73.7488;73.9608;73.9608;0
2020-11-26;73.7799;74.0705;73.7389;73.7799;73.7799;0
2020-11-27;74.0488;74.2685;73.7462;74.0488;74.0488;0
2020-11-30;73.9353;74.1985;73.8791;73.9409;73.9409;0
2020-12-01;74.0252;74.1729;73.465;74.0252;74.0252;0
2020-12-02;73.6698;73.8138;73.398;73.655;73.655;0
2020-12-03;73.6626;73.9532;73.6304;73.6626;73.6626;0
2020-12-04;73.939;74.0873;73.6597;73.8649;73.8649;0
2020-12-07;73.7903;73.948;73.6318;73.7903;73.7903;0
2020-12-08;73.8099;74.0373;73.542;74.02;74.02;0
2020-12-09;73.8323;73.9398;73.531;73.7264;73.7264;0
2020-12-10;73.8173;73.935;73.624;73.935;73.935;0
2020-12-11;73.7267;73.9225;73.5365;73.7267;73.7267;0
2020-12-14;73.738;73.781;73.47;73.738;73.738;0
2020-12-15;73.86;73.9003;73.5022;73.86;73.86;0
2020-12-16;73.7598;73.796;73.4586;73.7598;73.7598;0
2020-12-17;73.8248;73.8248;73.3847;73.6166;73.6166;0
2020-12-18;73.6048;73.7548;73.471;73.5298;73.5298;0
2020-12-21;73.6036;74.092;73.5128;73.6036;73.6036;0
2020-12-22;73.9353;74.2023;73.7867;73.9353;73.9353;0
2020-12-23;74.0055;74.27;73.6464;74.27;74.27;0
2020-12-24;73.8398;74.1;73.4508;73.8398;73.8398;0
2020-12-25;73.5578;73.8;73.55;73.5578;73.5578;0
2020-12-28;73.689;73.7348;73.4562;73.689;73.689;0
2020-12-29;73.5449;73.7673;73.2872;73.5449;73.5449;0
2020-12-30;73.655;73.6648;73.1016;73.4536;73.4536;0
2020-12-31;73.134;73.35;72.9466;73.134;73.134;0
2021-01-01;73.0892;73.3198;73.025;73.0892;73.0892;0
2021-01-04;73.092;73.201;72.7985;73.092;73.092;0
2021-01-05;73.0915;73.3298;72.9635;73.32;73.32;0
2021-01-06;73.168;73.36;73.04;73.3748;73.3748;0
2021-01-07;73.3748;73.467;73.063;73.36;73.36;0
2021-01-08;73.73;73.7398;73.1962;73.446;73.446;0
2021-01-11;73.3734;73.5842;73.3403;73.3734;73.3734;0
2021-01-12;73.779;73.779;73.202;73.5135;73.5135;0
2021-01-13;73.414;73.414;73.0628;73.165;73.165;0
2021-01-14;73.17;73.354;72.939;73.1699;73.1699;0
2021-01-15;73.09;73.3781;73.0025;73.0876;73.0876;0
2021-01-18;73.159;73.42;73.123;73.159;73.159;0
2021-01-19;73.1892;73.308;73.099;73.1887;73.1887;0
2021-01-20;73.192;73.1923;72.8993;73.1919;73.1919;0
2021-01-21;72.9079;73.0453;72.883;72.9109;72.9109;0
2021-01-22;72.9549;73.2375;72.929;72.9549;72.9549;0
2021-01-25;72.9959;73.22;72.878;72.9959;72.9959;0
2021-01-26;72.97;73.222;72.7745;72.97;72.97;0
2021-01-27;72.9199;73.0719;72.798;72.92;72.92;0
2021-01-28;73.037;73.1741;72.8968;73.0371;73.0371;0
2021-01-29;72.9388;73.0303;72.7675;72.9388;72.9388;0
2021-02-01;72.9066;73.2034;72.8171;72.9066;72.9066;0
2021-02-02;73.1198;73.3248;72.9076;73.1198;73.1198;0
2021-02-03;72.95;73.003;72.819;72.9163;72.9163;0
2021-02-04;72.8598;72.9904;72.826;72.858;72.858;0
2021-02-05;72.9861;73.0228;72.7777;72.9457;72.9457;0
2021-02-08;72.7848;73.015;72.778;72.7848;72.7848;0
2021-02-09;72.9299;73.0043;72.8012;72.9299;72.9299;0
2021-02-10;72.8556;73.109;72.778;72.8549;72.8549;0
2021-02-11;72.8073;72.8784;72.6742;72.8073;72.8073;0
2021-02-12;72.7095;72.8251;72.5628;72.7095;72.7095;0
2021-02-15;72.5948;72.685;72.436;72.5948;72.5948;0
2021-02-16;72.6387;72.9147;72.5925;72.6387;72.6387;0
2021-02-17;72.935;73.154;72.723;72.935;72.935;0
2021-02-18;72.787;72.804;72.5387;72.7973;72.7973;0
2021-02-19;72.6055;72.715;72.3983;72.6054;72.6054;0
2021-02-22;72.553;72.5893;72.3065;72.553;72.553;0
2021-02-23;72.4579;72.5565;72.32;72.444;72.444;0
2021-02-24;72.3821;72.599;72.268;72.377;72.377;0
2021-02-25;72.3956;72.7667;72.279;72.4;72.4;0
2021-02-26;73.1549;74.1787;72.878;73.1509;73.1509;0
2021-03-01;73.5959;74.125;73.185;73.5959;73.5959;0
2021-03-02;73.3094;73.871;73.2815;73.3094;73.3094;0
2021-03-03;73.2775;73.3198;72.7288;73.2775;73.2775;0
2021-03-04;72.8807;73.108;72.6122;72.8807;72.8807;0
2021-03-05;73.1318;73.3112;72.735;73.1318;73.1318;0
2021-03-08;73.1334;73.4153;72.94;73.1334;73.1334;0
2021-03-09;73.3304;73.3863;72.8856;73.33;73.33;0
2021-03-10;72.7758;73.078;72.7649;72.7759;72.7759;0
2021-03-11;72.7061;72.798;72.5648;72.706;72.706;0
2021-03-12;72.639;72.8733;72.565;72.639;72.639;0
2021-03-15;72.683;72.782;72.3923;72.683;72.683;0
2021-03-16;72.5153;72.946;72.3655;72.5153;72.5153;0
2021-03-17;72.5157;73.008;72.4963;72.5156;72.5156;0
2021-03-18;72.5698;72.744;72.2956;72.2956;72.2956;0
2021-03-19;72.6687;72.7378;72.4465;72.6688;72.6688;0
2021-03-22;72.405;72.95;72.301;72.405;72.405;0
2021-03-23;72.3805;72.5391;72.266;72.3805;72.3805;0
2021-03-24;72.6123;73.0805;72.5009;72.6122;72.6122;0
2021-03-25;72.6456;73.137;72.55;72.6456;72.6456;0
2021-03-26;72.6128;72.66;72.3703;72.6128;72.6128;0
2021-03-28;72.4473;72.8274;72.4473;72.4472;72.4472;0
2021-03-29;72.7419;73.6523;72.713;72.7419;72.7419;0
2021-03-30;73.4453;73.613;73.05;73.4453;73.4453;0
2021-03-31;73.2035;73.4625;73.105;73.2035;73.2035;0
2021-04-01;73.2873;73.4098;73.2385;73.2873;73.2873;0
2021-04-04;73.3761;73.4516;73.1973;73.376;73.376;0
2021-04-05;73.2795;73.5291;73.2146;73.2795;73.2795;0
2021-04-06;73.49;74.5323;73.4498;73.49;73.49;0
2021-04-07;74.4015;74.9056;74.193;74.4015;74.4015;0
2021-04-08;74.5445;75.0063;74.4605;74.5445;74.5445;0
2021-04-11;74.7296;75.1783;74.1802;74.7295;74.7295;0
2021-04-12;74.991;75.518;74.8904;74.991;74.991;0
2021-04-13;75.1819;75.26;75.0039;75.1815;75.1815;0
2021-04-14;75.054;75.363;74.744;75.0261;75.0261;0
2021-04-15;74.7274;74.8365;74.2977;74.7274;74.7274;0
2021-04-18;74.5413;75.0454;74.533;74.5632;74.5632;0
2021-04-19;74.8782;75.7248;74.502;74.8782;74.8782;0
2021-04-20;75.4492;75.69;75.2832;75.4492;75.4492;0
2021-04-21;75.4295;75.615;74.841;75.4295;75.4295;0
2021-04-22;75.0917;75.305;74.7385;75.0917;75.0917;0
2021-04-25;74.8682;75.252;74.664;74.8681;74.8681;0
2021-04-26;74.7979;74.835;74.5105;74.8149;74.8149;0
2021-04-27;74.575;74.946;74.282;74.575;74.575;0
2021-04-28;74.3118;74.597;73.9583;74.3118;74.3118;0
2021-04-29;74.1058;74.295;73.8254;74.1058;74.1058;0
2021-05-02;74.0949;74.494;73.7472;74.0948;74.0948;0
2021-05-03;73.8375;74.477;73.7385;73.8375;73.8375;0
2021-05-04;73.7789;74.0145;73.6883;73.7789;73.7789;0
2021-05-05;73.7995;74.191;73.5721;73.7994;73.7994;0
2021-05-06;73.6152;73.895;73.1662;73.6152;73.6152;0
2021-05-09;73.2904;73.4707;73.217;73.2903;73.2903;0
2021-05-10;73.5001;73.7764;73.2545;73.5;73.5;0
2021-05-11;73.3751;73.743;73.368;73.3751;73.3751;0
2021-05-12;73.6816;73.6829;73.4519;73.6816;73.6816;0
2021-05-13;73.4449;73.8453;73.185;73.4449;73.4449;0
2021-05-16;73.279;73.7233;73.1412;73.2789;73.2789;0
2021-05-17;73.2697;73.6195;72.9514;73.2697;73.2697;0
2021-05-18;73.1262;73.456;72.9263;73.1282;73.1282;0
2021-05-19;73.223;73.2233;73.0312;73.2229;73.2229;0
2021-05-20;73.0219;73.339;72.753;73.0219;73.0219;0
2021-05-23;72.9098;72.9758;72.818;72.9098;72.9098;0
2021-05-24;72.8366;73.195;72.743;72.8366;72.8366;0
2021-05-25;72.8049;72.8084;72.6268;72.8049;72.8049;0
2021-05-26;72.6725;73.156;72.4273;72.6725;72.6725;0
2021-05-27;72.6836;72.9373;72.3358;72.683;72.683;0
2021-05-30;72.3936;72.748;72.3445;72.3935;72.3935;0
2021-05-31;72.4872;72.9494;72.458;72.4872;72.4872;0
2021-06-01;72.855;73.435;72.4978;72.855;72.855;0
2021-06-02;72.9622;73.156;72.8434;72.9651;72.9651;0
2021-06-03;73.0442;73.1135;72.7805;73.0442;73.0442;0
2021-06-06;72.9098;72.916;72.7411;72.9097;72.9097;0
2021-06-07;72.8094;72.9787;72.744;72.8094;72.8094;0
2021-06-08;72.9753;73.0135;72.87;72.9753;72.9753;0
2021-06-09;72.9853;73.2385;72.939;72.9853;72.9853;0
2021-06-10;73.0123;73.3184;72.895;73.0123;73.0123;0
2021-06-13;73.2317;73.294;73.1005;73.2316;73.2316;0
2021-06-14;73.1853;73.3763;73.1596;73.1808;73.1808;0
2021-06-15;73.3439;73.387;73.26;73.3447;73.3447;0
2021-06-16;73.8241;74.2385;73.268;73.8241;73.8241;0
2021-06-17;74.2539;74.5223;73.807;74.2539;74.2539;0
2021-06-20;74.144;74.4408;74.0456;74.1439;74.1439;0
2021-06-21;74.1352;74.3876;74.0205;74.1352;74.1352;0
2021-06-22;74.3322;74.5448;73.5108;74.3322;74.3322;0
2021-06-23;74.2469;74.2628;74.1044;74.2469;74.2469;0
2021-06-24;74.1903;74.391;74.1168;74.1903;74.1903;0
2021-06-27;74.213;74.3283;74.0625;74.213;74.213;0
2021-06-28;74.2856;74.3378;74.189;74.2854;74.2854;0
2021-06-29;74.2876;74.473;74.105;74.2876;74.2876;0
2021-06-30;74.3711;74.6285;74.311;74.371;74.371;0
2021-07-01;74.5536;74.899;74.465;74.545;74.545;0
2021-07-04;74.4819;74.587;74.203;74.4818;74.4818;0
2021-07-05;74.3178;74.7713;74.2425;74.3178;74.3178;0
2021-07-06;74.7612;74.8533;74.5545;74.7629;74.7629;0
2021-07-07;74.8219;74.8662;74.64;74.8219;74.8219;0
2021-07-08;74.7215;74.911;74.4734;74.7214;74.7214;0
2021-07-11;74.4906;74.658;74.2754;74.4905;74.4905;0
2021-07-12;74.5417;74.6758;74.3995;74.5417;74.5417;0
2021-07-13;74.6595;74.869;74.456;74.6591;74.6591;0
2021-07-14;74.454;74.5628;74.438;74.4691;74.4691;0
2021-07-15;74.5379;74.8;74.4965;74.537;74.537;0
2021-07-18;74.6319;75.0204;74.6311;74.6318;74.6318;0
2021-07-19;74.9933;75.205;74.56;74.9934;74.9934;0
2021-07-20;74.5269;74.6516;74.3717;74.527;74.527;0
2021-07-21;74.4402;74.509;74.308;74.4402;74.4402;0
2021-07-22;74.4519;74.5765;74.3675;74.452;74.452;0
2021-07-25;74.449;74.702;74.3186;74.4489;74.4489;0
2021-07-26;74.2797;74.547;74.2761;74.2895;74.2895;0
2021-07-27;74.5023;74.738;74.3248;74.5023;74.5023;0
2021-07-28;74.39;74.52;74.1544;74.39;74.39;0
2021-07-29;74.245;74.4625;74.2006;74.252;74.252;0
2021-08-01;74.3792;74.6;74.3123;74.3791;74.3791;0
2021-08-02;74.3319;74.368;74.208;74.332;74.332;0
2021-08-03;74.2139;74.2435;74.0778;74.2144;74.2144;0
2021-08-04;74.1863;74.2865;74.0594;74.184;74.184;0
2021-08-05;74.0746;74.2396;74.0451;74.082;74.082;0
2021-08-08;74.4915;74.5;74.165;74.4914;74.4914;0
2021-08-09;74.4662;74.65;74.3233;74.4662;74.4662;0
2021-08-10;74.4355;74.4868;74.1575;74.4355;74.4355;0
2021-08-11;74.1002;74.408;74.0023;74.103;74.103;0
2021-08-12;74.2601;74.3153;74.1105;74.2601;74.2601;0
2021-08-15;74.2169;74.2858;74.0808;74.2168;74.2168;0
2021-08-16;74.1373;74.4003;74.1349;74.135;74.135;0
2021-08-17;74.3645;74.5598;74.1953;74.3645;74.3645;0
2021-08-18;74.2698;74.4634;74.2698;74.2698;74.2698;0
2021-08-19;74.4293;74.4756;74.325;74.4293;74.4293;0
2021-08-22;74.3513;74.3514;74.0422;74.3015;74.3015;0
2021-08-23;74.1059;74.2195;74.055;74.1059;74.1059;0
2021-08-24;74.1449;74.3018;74.0943;74.1448;74.1448;0
2021-08-25;74.1018;74.2675;74.068;74.1;74.1;0
2021-08-26;74.1562;74.33;73.438;74.156;74.156;0
2021-08-29;73.4967;73.6998;73.1972;73.4966;73.4966;0
2021-08-30;73.421;73.421;72.9048;73.4112;73.4112;0
2021-08-31;72.9971;73.144;72.916;72.9967;72.9967;0
2021-09-01;72.9851;73.1218;72.933;72.9851;72.9851;0
2021-09-02;73.0543;73.205;72.9378;73.0543;73.0543;0
2021-09-05;72.9946;73.1193;72.941;72.9945;72.9945;0
2021-09-06;73.1099;73.4894;73.035;73.11;73.11;0
2021-09-07;73.3909;73.8684;73.2665;73.3904;73.3904;0
2021-09-08;73.7958;73.862;73.4895;73.789;73.789;0
2021-09-09;73.5453;73.5768;73.3738;73.538;73.538;0
2021-09-12;73.5243;73.7768;73.517;73.5243;73.5243;0
2021-09-13;73.5408;73.7218;73.515;73.5408;73.5408;0
2021-09-14;73.6508;73.87;73.417;73.6508;73.6508;0
2021-09-15;73.4448;73.6215;73.337;73.438;73.438;0
2021-09-16;73.5388;73.7525;73.4131;73.5649;73.5649;0
2021-09-19;73.6962;73.8996;73.607;73.6961;73.6961;0
2021-09-20;73.6593;73.7901;73.549;73.659;73.659;0
2021-09-21;73.7951;73.9415;73.65;73.7927;73.7927;0
2021-09-22;73.875;73.9258;73.589;73.8749;73.8749;0
2021-09-23;73.8399;73.8752;73.621;73.84;73.84;0
2021-09-26;73.8129;73.924;73.6118;73.8129;73.8129;0
2021-09-27;73.8253;74.2883;73.728;73.8253;73.8253;0
2021-09-28;74.1633;74.5644;74.007;74.1633;74.1633;0
2021-09-29;74.3173;74.3552;74.0588;74.322;74.322;0
2021-09-30;74.2544;74.4795;74.0773;74.2544;74.2544;0
2021-10-03;74.1522;74.548;74.1205;74.1521;74.1521;0
2021-10-04;74.573;74.789;74.405;74.5728;74.5728;0
2021-10-05;74.5632;75.0529;74.5195;74.5632;74.5632;0
2021-10-06;74.7674;75.01;74.6805;74.76;74.76;0
2021-10-07;74.8316;75.181;74.8275;74.83;74.83;0
2021-10-10;75.3059;75.5323;74.7615;75.3058;75.3058;0
2021-10-11;75.4026;75.6646;75.15;75.4026;75.4026;0
2021-10-12;75.502;75.7;75.1838;75.4839;75.4839;0
2021-10-13;75.3063;75.3533;74.9934;75.3063;75.3063;0
2021-10-14;74.995;75.2125;74.8781;74.995;74.995;0
2021-10-17;75.006;75.521;74.9405;75.0059;75.0059;0
2021-10-18;75.238;75.2671;74.882;75.2355;75.2355;0
2021-10-19;75.1202;75.183;74.7498;75.1201;75.1201;0
2021-10-20;74.8093;74.9125;74.634;74.8092;74.8092;0
2021-10-21;74.8665;75.0998;74.6846;74.8654;74.8654;0
2021-10-24;74.9938;75.2748;74.858;74.9937;74.9937;0
2021-10-25;75.0899;75.1698;74.8476;75.0899;75.0899;0
2021-10-26;74.8889;75.093;74.8889;74.8889;74.8889;0
2021-10-27;75.0377;75.3225;74.7545;75.05;75.05;0
2021-10-28;74.797;75.0253;74.738;74.7972;74.7972;0
2021-11-01;74.9284;75.1863;74.8105;74.9283;74.9283;0
2021-11-02;74.8299;74.9093;74.6133;74.8299;74.8299;0
2021-11-03;74.7123;74.7655;74.408;74.712;74.712;0
2021-11-04;74.4355;74.554;74.235;74.4355;74.4355;0
2021-11-05;74.4781;74.5805;74.0506;74.4781;74.4781;0
2021-11-08;74.191;74.2768;73.907;74.1911;74.1911;0
2021-11-09;73.9171;74.1525;73.8303;73.9185;73.9185;0
2021-11-10;74.1748;74.408;74.0515;74.1748;74.1748;0
2021-11-11;74.405;74.5785;74.2728;74.4049;74.4049;0
2021-11-12;74.3267;74.5287;74.2935;74.3221;74.3221;0
2021-11-15;74.347;74.5883;74.3125;74.34;74.34;0
2021-11-16;74.4339;74.619;74.2777;74.4351;74.4351;0
2021-11-17;74.4595;74.5523;74.2218;74.4586;74.4586;0
2021-11-18;74.2596;74.3352;74.018;74.2598;74.2598;0
2021-11-19;74.1757;74.4828;74.158;74.1744;74.1744;0
2021-11-22;74.3107;74.7344;74.2655;74.3026;74.3026;0
2021-11-23;74.4298;74.5815;74.359;74.4298;74.4298;0
2021-11-24;74.447;74.7325;74.1915;74.447;74.447;0
2021-11-25;74.6248;74.6248;74.4473;74.625;74.625;0
2021-11-26;74.5068;75.1159;74.4715;74.5058;74.5058;0
2021-11-29;75.0528;75.1565;74.5355;74.9816;74.9816;0
2021-11-30;75.055;75.2065;74.843;75.0549;75.0549;0
2021-12-01;75.0562;75.0793;74.719;75.0509;75.0509;0
2021-12-02;75.0179;75.2598;74.8678;75.0179;75.0179;0
2021-12-03;74.9809;75.3284;74.929;74.9835;74.9835;0
2021-12-06;75.4723;75.4725;75.077;75.234;75.234;0
2021-12-07;75.3913;75.4864;75.258;75.3913;75.3913;0
2021-12-08;75.4082;75.5605;75.3255;75.4086;75.4086;0
2021-12-09;75.3832;75.903;75.3465;75.3833;75.3833;0
2021-12-10;75.5993;75.9739;75.4915;75.5992;75.5992;0
2021-12-13;75.9423;75.9711;75.3605;75.71;75.71;0
2021-12-14;75.8285;76.259;75.768;75.8269;75.8269;0
2021-12-15;76.0457;76.4823;76.0135;76.0472;76.0472;0
2021-12-16;76.2114;76.313;76.056;76.2114;76.2114;0
2021-12-17;76.1675;76.3625;75.879;76.1675;76.1675;0
2021-12-20;76.0523;76.1729;75.781;76.006;76.006;0
2021-12-21;75.7587;75.783;75.402;75.7587;75.7587;0
2021-12-22;75.6864;75.9298;75.4231;75.6864;75.6864;0
2021-12-23;75.4585;75.4855;75.0065;75.4585;75.4585;0
2021-12-24;75.0674;75.192;74.969;75.0674;75.0674;0
2021-12-27;75.1152;75.143;74.9086;75.315;75.315;0
2021-12-28;74.9803;75.2248;74.5795;74.9803;74.9803;0
2021-12-29;74.7386;74.8364;74.503;74.745;74.745;0
2021-12-30;74.5703;74.6462;74.294;74.5703;74.5703;0
2021-12-31;74.4323;74.6425;74.09;74.4312;74.4312;0
2022-01-03;74.5159;74.5203;74.152;74.5138;74.5138;0
2022-01-04;74.4033;74.7703;74.4033;74.4033;74.4033;0
2022-01-05;74.535;74.615;74.2054;74.5349;74.5349;0
2022-01-06;74.4303;74.7035;74.32;74.4301;74.4301;0
2022-01-07;74.4182;74.6373;74.2235;74.4193;74.4193;0
2022-01-10;74.2306;74.4648;73.99;74.27;74.27;0
2022-01-11;74.057;74.2673;73.7448;74.057;74.057;0
2022-01-12;73.8154;74.0343;73.6975;73.8153;73.8153;0
2022-01-13;73.7828;74.0638;73.7828;73.7991;73.7991;0
2022-01-14;73.9721;74.2032;73.8755;73.9723;73.9723;0
2022-01-17;74.1561;74.36;74.1247;74.379;74.379;0
2022-01-18;74.2554;74.6141;74.1455;74.2551;74.2551;0
2022-01-19;74.6195;74.8348;74.349;74.6197;74.6197;0
2022-01-20;74.4493;74.6525;74.2965;74.4492;74.4492;0
2022-01-21;74.4385;74.63;74.2944;74.4522;74.4522;0
2022-01-24;74.4203;74.7427;74.3161;74.4132;74.4132;0
2022-01-25;74.6449;74.8348;74.5385;74.6448;74.6448;0
2022-01-26;74.78;75.0015;74.686;74.78;74.78;0
2022-01-27;74.9023;75.3191;74.9023;74.895;74.895;0
2022-01-28;75.2093;75.367;74.8791;75.2093;75.2093;0
2022-01-31;75.0461;75.1888;74.5902;75.039;75.039;0
2022-02-01;74.5557;74.8625;74.4328;74.5558;74.5558;0
2022-02-02;74.7449;75.0041;74.6478;74.7455;74.7455;0
2022-02-03;74.8148;74.9345;74.6342;74.8224;74.8224;0
2022-02-04;74.6439;74.928;74.5851;74.6439;74.6439;0
2022-02-07;74.6462;74.7849;74.539;74.6422;74.6422;0
2022-02-08;74.6566;74.7945;74.5779;74.6583;74.6583;0
2022-02-09;74.6955;74.9449;74.6185;74.6952;74.6952;0
2022-02-10;74.809;75.286;74.762;74.8089;74.8089;0
2022-02-11;75.5384;75.5393;75.094;75.5384;75.5384;0
2022-02-14;75.6429;75.7038;75.3803;75.341;75.341;0
2022-02-15;75.6854;75.7272;75.215;75.6854;75.6854;0
2022-02-16;75.1748;75.2913;74.965;75.1748;75.1748;0
2022-02-17;75.0495;75.303;74.9463;75.042;75.042;0
2022-02-18;75.0698;75.2695;74.481;75.063;75.063;0
2022-02-21;74.6869;74.7265;74.353;74.6824;74.6824;0
2022-02-22;74.5238;74.9924;74.5238;74.517;74.517;0
2022-02-23;74.623;74.859;74.5;74.623;74.623;0
2022-02-24;74.6398;75.901;74.6295;74.633;74.633;0
2022-02-25;75.4083;75.6595;75.0645;75.4083;75.4083;0
2022-02-28;75.0552;75.786;74.9;75.068;75.068;0
2022-03-01;75.2848;75.8951;75.2122;75.2848;75.2848;0
2022-03-02;75.8011;76.0965;75.4283;75.8012;75.8012;0
2022-03-03;75.6383;76.019;75.572;75.631;75.631;0
2022-03-04;75.8868;76.5241;75.885;75.8917;75.8917;0
2022-03-07;76.4207;77.1568;76.4207;76.418;76.418;0
2022-03-08;77.0808;77.3735;76.73;77.0808;77.0808;0
2022-03-09;76.9145;77.2865;76.3158;76.9145;76.9145;0
2022-03-10;76.1349;76.481;75.8987;76.1349;76.1349;0
2022-03-11;76.3103;76.7065;76.2545;76.3103;76.3103;0
2022-03-14;76.759;76.7591;76.3425;76.7537;76.7537;0
2022-03-15;76.4901;76.9815;76.3045;76.4901;76.4901;0
2022-03-16;76.2932;76.638;76.042;76.2659;76.2659;0
2022-03-17;76.0242;76.2385;75.759;76.0242;76.0242;0
2022-03-18;75.9816;76.2065;75.9125;75.9816;75.9816;0
2022-03-21;75.9464;76.2773;75.892;75.9464;75.9464;0
2022-03-22;76.29;76.689;75.9845;76.3071;76.3071;0
2022-03-23;76.1019;76.5084;75.977;76.1019;76.1019;0
2022-03-24;76.5525;76.8415;76.1784;76.5524;76.5524;0
2022-03-25;76.3235;76.6065;76.118;76.3235;76.3235;0
2022-03-27;76.2785;76.6265;76.0437;76.2785;76.2785;0
2022-03-28;76.0341;76.2995;75.5647;76.0341;76.0341;0
2022-03-29;75.6667;75.972;75.5615;75.6667;75.6667;0
2022-03-30;75.8278;76.0583;75.6395;75.8278;75.8278;0
2022-03-31;75.9092;76.1558;75.843;75.9092;75.9092;0
2022-04-03;75.9948;75.9964;75.3657;75.9948;75.9948;0
2022-04-04;75.478;75.542;75.2575;75.478;75.478;0
2022-04-05;75.4507;76.034;75.37;75.4507;75.4507;0
2022-04-06;75.9451;76.1545;75.7746;75.9451;75.9451;0
2022-04-07;75.9132;76.0625;75.708;75.9132;75.9132;0
2022-04-10;75.9173;76.1398;75.7635;75.9173;75.9173;0
2022-04-11;75.837;76.2005;75.8363;75.837;75.837;0
2022-04-12;76.1498;76.2635;75.976;76.1498;76.1498;0
2022-04-13;76.1217;76.3295;76.057;76.1217;76.1217;0
2022-04-14;76.3088;76.5955;76.2336;76.3088;76.3088;0
2022-04-17;76.3314;76.4565;76.0745;76.3314;76.3314;0
2022-04-18;76.2802;76.5612;76.2155;76.2802;76.2802;0
2022-04-19;76.4454;76.6565;76.153;76.4454;76.4454;0
2022-04-20;76.2762;76.3664;76.0839;76.2762;76.2762;0
2022-04-21;76.2852;76.746;76.15;76.2852;76.2852;0
2022-04-24;76.4635;76.7634;76.325;76.4635;76.4635;0
2022-04-25;76.5278;76.8115;76.4243;76.5278;76.5278;0
2022-04-26;76.7941;77.038;76.4879;76.7941;76.7941;0
2022-04-27;76.4722;76.7887;76.4115;76.4722;76.4722;0
2022-04-28;76.589;76.8298;76.2684;76.589;76.589;0
2022-05-01;76.5231;76.5978;76.348;76.5231;76.5231;0
2022-05-02;76.5241;76.8175;76.453;76.5241;76.5241;0
2022-05-03;76.4673;76.5675;76.168;76.4673;76.4673;0
2022-05-04;76.0016;76.5726;75.994;76.0016;76.0016;0
2022-05-05;76.5418;77.0693;76.4665;76.5418;76.5418;0
2022-05-08;76.9575;77.519;76.9275;76.9575;76.9575;0
2022-05-09;77.3655;77.461;77.1125;77.3655;77.3655;0
2022-05-10;77.2714;77.5185;77.1545;77.2714;77.2714;0
2022-05-11;77.4184;77.726;77.279;77.4184;77.4184;0
2022-05-12;77.4438;77.5585;77.2568;77.4438;77.4438;0
2022-05-15;77.4863;77.9135;77.48;77.4863;77.4863;0
2022-05-16;77.8054;78.0238;77.369;77.8054;77.8054;0
2022-05-17;77.3724;77.745;77.2765;77.3724;77.3724;0
2022-05-18;77.82;78.0098;77.2135;77.82;77.82;0
2022-05-19;77.4211;77.8205;77.3445;77.4211;77.4211;0
2022-05-22;77.8184;77.9698;77.4208;77.8184;77.8184;0
2022-05-23;77.5268;77.665;77.4985;77.5268;77.5268;0
2022-05-24;77.4788;77.748;77.435;77.4788;77.4788;0
2022-05-25;77.4973;77.724;77.4685;77.4973;77.4973;0
2022-05-26;77.6302;77.8996;77.527;77.6302;77.6302;0
2022-05-29;77.692;77.8295;77.4628;77.692;77.692;0
2022-05-30;77.5209;77.7353;77.5528;77.5209;77.5209;0
2022-05-31;77.599;77.9417;77.4365;77.599;77.599;0
2022-06-01;77.5841;77.8165;77.3862;77.5841;77.5841;0
2022-06-02;77.3605;77.6864;77.3898;77.3605;77.3605;0
2022-06-05;77.6942;77.8461;77.5475;77.6942;77.6942;0
2022-06-06;77.821;78.0598;77.589;77.821;77.821;0
2022-06-07;77.6706;77.9063;77.596;77.6706;77.6706;0
2022-06-08;77.7243;77.982;77.6765;77.7243;77.7243;0
2022-06-09;77.8187;78.1938;77.7345;77.8187;77.8187;0
2022-06-12;78.1776;78.4068;77.956;78.1776;78.1776;0
2022-06-13;78.1606;78.3638;77.929;78.1606;78.1606;0
2022-06-14;77.9855;78.2185;77.965;77.9855;77.9855;0
2022-06-15;77.9002;78.2648;77.882;77.9002;77.9002;0
2022-06-16;77.9777;78.1895;77.9374;77.9777;77.9777;0
2022-06-19;77.9614;78.1725;77.8599;77.9614;77.9614;0
2022-06-20;77.934;78.2728;77.8725;77.934;77.934;0
2022-06-21;78.1349;78.4008;78.0701;78.1349;78.1349;0
2022-06-22;78.1931;78.4195;78.14;78.1931;78.1931;0
2022-06-23;78.1424;78.358;78.1185;78.1424;78.1424;0
2022-06-26;78.2523;78.5625;78.1585;78.2523;78.2523;0
2022-06-27;78.4411;79.0395;78.4105;78.4411;78.4411;0
2022-06-28;79.0732;79.0736;78.6024;79.0732;79.0732;0
2022-06-29;78.8983;79.108;78.8387;78.8983;78.8983;0
2022-06-30;78.963;79.191;78.473;78.963;78.963;0
2022-07-03;78.9507;79.0453;78.8465;78.9507;78.9507;0
2022-07-04;78.9395;79.421;78.9145;78.9395;78.9395;0
2022-07-05;79.3684;79.5483;78.9299;79.3684;79.3684;0
2022-07-06;79.0439;79.25;78.878;79.0439;79.0439;0
2022-07-07;79.2216;79.4228;79.1105;79.2216;79.2216;0
2022-07-10;79.3314;79.5771;79.142;79.3314;79.3314;0
2022-07-11;79.4778;79.8603;79.3885;79.4778;79.4778;0
2022-07-12;79.4764;80.0595;79.425;79.4764;79.4764;0
2022-07-13;79.8075;80.2187;79.5981;79.8075;79.8075;0
2022-07-14;79.8783;80.0895;79.708;79.8783;79.8783;0
2022-07-17;79.7205;80.256;79.7137;79.7205;79.7205;0
2022-07-18;80.0303;80.1485;79.8526;80.0303;80.0303;0
2022-07-19;79.8559;80.1185;79.8559;79.8559;79.8559;0
2022-07-20;80.0034;80.271;79.761;80.0034;80.0034;0
2022-07-21;79.7759;80.0765;79.7793;79.7759;79.7759;0
2022-07-24;79.8768;80.1448;79.6861;79.8768;79.8768;0
2022-07-25;79.7225;79.8422;79.7025;79.7225;79.7225;0
2022-07-26;79.8412;80.0708;79.7475;79.8412;79.8412;0
2022-07-27;79.8474;80.0573;79.5974;79.8474;79.8474;0
2022-07-28;79.5715;79.6565;79.1737;79.5715;79.5715;0
2022-07-31;79.1948;79.4298;78.8994;79.1948;79.1948;0
2022-08-01;78.9557;79.17;77.7743;78.9557;78.9557;0
2022-08-02;78.6045;79.2033;78.568;78.6045;78.6045;0
2022-08-03;79.1183;79.8;79.0085;79.1183;79.1183;0
2022-08-04;79.1549;79.492;78.9185;79.1549;79.1549;0
2022-08-07;79.4106;79.757;79.313;79.4106;79.4106;0
2022-08-08;79.6019;79.8147;79.4421;79.6019;79.6019;0
2022-08-09;79.5784;79.7545;79.007;79.5784;79.5784;0
2022-08-10;79.0978;79.7923;79.0495;79.0978;79.0978;0
2022-08-11;79.614;79.937;79.556;79.614;79.614;0
2022-08-14;79.6276;79.7285;79.4708;79.6276;79.6276;0
2022-08-15;79.5529;79.78;79.261;79.5529;79.5529;0
2022-08-16;79.146;79.6851;79.146;79.146;79.146;0
2022-08-17;79.3597;79.8625;79.3365;79.3597;79.3597;0
2022-08-18;79.7667;80.1125;79.6571;79.7667;79.7667;0
2022-08-21;79.9179;80.1548;79.762;79.9179;79.9179;0
2022-08-22;79.8838;80.098;79.503;79.8838;79.8838;0
2022-08-23;79.8545;80.085;79.6989;79.8545;79.8545;0
2022-08-24;79.7968;80.0263;79.7374;79.7968;79.7968;0
2022-08-25;79.8829;80.1335;79.716;79.8829;79.8829;0
2022-08-28;79.9591;80.1295;79.8734;79.9591;79.9591;0
2022-08-29;79.9679;80.1608;79.4325;79.9679;79.9679;0
2022-08-30;79.6823;79.7438;79.353;79.6823;79.6823;0
2022-08-31;79.5488;79.835;79.2795;79.5488;79.5488;0
2022-09-01;79.7168;80.0915;79.5865;79.7168;79.7168;0
2022-09-04;79.7245;80.0255;79.6553;79.7245;79.7245;0
2022-09-05;79.783;79.968;79.71;79.783;79.783;0
2022-09-06;79.8951;80.142;79.7965;79.8951;79.8951;0
2022-09-07;79.6498;79.946;79.6363;79.6498;79.6498;0
2022-09-08;79.7063;79.9378;79.454;79.7063;79.7063;0
2022-09-11;79.6558;79.742;79.325;79.6558;79.6558;0
2022-09-12;79.3553;79.5905;79.023;79.3553;79.3553;0
2022-09-13;79.6024;79.805;79.3836;79.6024;79.6024;0
2022-09-14;79.4537;80.0163;79.4316;79.4537;79.4537;0
2022-09-15;79.8491;80.0133;79.0986;79.8491;79.8491;0
2022-09-18;79.6895;79.9578;79.5853;79.6895;79.6895;0
2022-09-19;79.7075;79.9925;79.5765;79.7075;79.7075;0
2022-09-20;79.7627;80.156;79.7625;79.7627;79.7627;0
2022-09-21;80.0507;81.1116;79.929;80.0507;80.0507;0
2022-09-22;81.0622;81.3381;80.7848;81.0622;81.0622;0
2022-09-25;81.2548;81.7175;80.733;81.2548;81.2548;0
2022-09-26;81.6158;81.861;81.2863;81.6158;81.6158;0
2022-09-27;81.7246;82.113;81.4961;81.7246;81.7246;0
2022-09-28;81.4287;82.0555;81.4075;81.4287;81.4287;0
2022-09-29;81.4806;81.6976;81.0998;81.4806;81.4806;0
2022-10-02;81.5213;82.062;81.4113;81.5213;81.5213;0
2022-10-03;81.495;81.856;81.2726;81.495;81.495;0
2022-10-04;81.4655;81.8268;81.266;81.4655;81.4655;0
2022-10-05;81.6488;82.4815;81.438;81.6488;81.6488;0
2022-10-06;82.349;82.6263;82.045;82.349;82.349;0
2022-10-09;82.8323;83.0643;82.2585;82.8323;82.8323;0
2022-10-10;82.4207;82.75;82.1385;82.4207;82.4207;0
2022-10-11;82.2739;82.6165;82.1546;82.2739;82.2739;0
2022-10-12;82.2;82.887;82.12;82.2;82.2;0
2022-10-13;82.1921;82.6055;82.124;82.1921;82.1921;0
2022-10-16;82.4128;82.647;82.106;82.4128;82.4128;0
2022-10-17;82.1947;82.6795;82.0118;82.1947;82.1947;0
2022-10-18;82.2864;83.386;82.1725;82.2864;82.2864;0
2022-10-19;82.997;83.325;82.547;82.997;82.997;0
2022-10-20;82.8257;83.22;82.5623;82.8257;82.8257;0
2022-10-23;82.5413;83.0689;82.5413;82.5413;82.5413;0
2022-10-24;82.7615;83.1375;82.43;82.7615;82.7615;0
2022-10-25;82.4453;82.5506;81.9242;82.4453;82.4453;0
2022-10-26;82.0496;82.7065;81.9283;82.0496;82.0496;0
2022-10-27;82.4425;82.7813;82.278;82.4425;82.4425;0
2022-10-31;82.2392;83.123;82.193;82.2392;82.2392;0
2022-11-01;82.729;83.0708;82.5035;82.729;82.729;0
2022-11-02;82.6845;83.027;82.5913;82.6845;82.6845;0
2022-11-03;82.8884;82.9963;82.6688;82.8884;82.8884;0
2022-11-04;82.6818;82.9918;82.0021;82.6818;82.6818;0
2022-11-07;81.975;82.3718;81.7925;81.975;81.975;0
2022-11-08;81.826;82.0818;81.1729;81.826;81.826;0
2022-11-09;81.4052;81.6698;81.1903;81.4052;81.4052;0
2022-11-10;81.3438;81.91;80.7271;81.3438;81.3438;0
2022-11-11;80.4829;80.983;80.4238;80.4829;80.4829;0
2022-11-14;80.497;81.2874;80.3731;80.497;80.497;0
2022-11-15;80.992;81.438;80.713;80.992;80.992;0
2022-11-16;81.0714;81.538;81.0714;81.0714;81.0714;0
2022-11-17;81.4953;81.85;81.3463;81.4953;81.4953;0
2022-11-18;81.5249;81.7883;81.4925;81.5249;81.5249;0
2022-11-21;81.5199;81.9302;81.5396;81.5199;81.5199;0
2022-11-22;81.7277;81.9948;81.6034;81.7277;81.7277;0
2022-11-23;81.715;81.915;81.6831;81.715;81.715;0
2022-11-24;81.6329;81.87;81.5795;81.6329;81.6329;0
2022-11-25;81.6554;81.8518;81.4145;81.6554;81.6554;0
2022-11-28;81.6697;81.922;81.524;81.6697;81.6697;0
2022-11-29;81.6503;81.764;81.4895;81.6503;81.6503;0
2022-11-30;81.6309;81.7903;81.2801;81.6309;81.6309;0
2022-12-01;81.3053;81.3713;80.993;81.3053;81.3053;0
2022-12-02;81.1622;81.615;81.082;81.1622;81.1622;0
2022-12-05;81.4225;81.895;81.1935;81.4225;81.4225;0
2022-12-06;81.899;82.6002;81.6915;81.899;81.899;0
2022-12-07;82.3722;82.7385;82.2046;82.3722;82.3722;0
2022-12-08;82.2535;82.5388;82.237;82.2535;82.2535;0
2022-12-09;82.2792;82.5083;82.074;82.2792;82.2792;0
2022-12-12;82.413;82.7235;82.364;82.413;82.413;0
2022-12-13;82.6447;82.9119;82.3654;82.6447;82.6447;0
2022-12-14;82.4025;82.706;82.4018;82.4025;82.4025;0
2022-12-15;82.508;83.0359;82.4141;82.508;82.508;0
2022-12-16;82.8579;83;82.5915;82.8579;82.8579;0
2022-12-19;82.726;82.9185;82.558;82.726;82.726;0
2022-12-20;82.5819;82.883;82.5435;82.5819;82.5819;0
2022-12-21;82.6369;82.9562;82.5495;82.6369;82.6369;0
2022-12-22;82.8786;82.9883;82.643;82.8786;82.8786;0
2022-12-23;82.8749;82.9848;82.716;82.8749;82.8749;0
2022-12-26;82.6041;82.8774;81.7168;82.6041;82.6041;0
2022-12-27;82.9029;82.9129;82.63;82.9029;82.9029;0
2022-12-28;82.7761;82.918;82.6909;82.7761;82.7761;0
2022-12-29;82.852;82.9012;82.741;82.852;82.852;0
2022-12-30;82.8351;82.8364;82.5547;82.8351;82.8351;0
2023-01-02;82.7498;82.7912;82.4262;82.7498;82.7498;0
2023-01-03;82.706;83.031;82.601;82.706;82.706;0
2023-01-04;82.7857;83.0033;82.696;82.7857;82.7857;0
2023-01-05;82.6665;82.795;82.4288;82.6665;82.6665;0
2023-01-06;82.6452;82.7763;82.2811;82.6452;82.6452;0
2023-01-09;82.2734;82.4315;82.055;82.2734;82.2734;0
2023-01-10;82.1801;82.5292;81.5845;82.1801;82.1801;0
2023-01-11;81.6374;81.8163;81.4986;81.6374;81.6374;0
2023-01-12;81.6318;81.738;81.1897;81.6318;81.6318;0
2023-01-13;81.1156;81.5241;81.0925;81.1156;81.1156;0
2023-01-16;81.278;81.7361;81.1295;81.278;81.278;0
2023-01-17;81.6526;81.874;81.542;81.6526;81.6526;0
2023-01-18;81.5255;81.817;81.1555;81.5255;81.5255;0
2023-01-19;81.436;81.5593;81.2258;81.436;81.436;0
2023-01-20;81.2398;81.3623;80.9727;81.2398;81.2398;0
2023-01-23;80.976;81.4895;80.8785;80.976;80.976;0
2023-01-24;81.488;81.7383;81.3775;81.488;81.488;0
2023-01-25;81.6019;81.766;81.4702;81.6019;81.6019;0
2023-01-26;81.5027;81.5705;81.3552;81.5027;81.5027;0
2023-01-27;81.4451;81.6684;81.4235;81.4451;81.4451;0
2023-01-30;81.508;81.7178;81.464;81.508;81.508;0
2023-01-31;81.5799;82.0591;81.537;81.5799;81.5799;0
2023-02-01;81.7684;82.008;81.6703;81.7684;81.7684;0
2023-02-02;81.7103;82.2688;81.633;81.7103;81.7103;0
2023-02-03;82.0459;82.316;81.7801;82.0459;82.0459;0
2023-02-06;82.226;82.8442;82.2333;82.226;82.226;0
2023-02-07;82.755;82.9013;82.6115;82.755;82.755;0
2023-02-08;82.7419;82.8818;82.487;82.7419;82.7419;0
2023-02-09;82.6595;82.6793;82.4093;82.6595;82.6595;0
2023-02-10;82.5332;82.6573;82.341;82.5332;82.5332;0
2023-02-13;82.513;82.7687;82.4947;82.513;82.513;0
2023-02-14;82.5974;83.0165;82.572;82.5974;82.5974;0
2023-02-15;82.8676;82.986;82.7595;82.8676;82.8676;0
2023-02-16;82.7377;82.9123;82.588;82.7377;82.7377;0
2023-02-17;82.6953;82.8595;82.6953;82.6953;82.6953;0
2023-02-20;82.758;82.7653;82.6189;82.758;82.758;0
2023-02-21;82.6975;82.8899;82.673;82.6975;82.6975;0
2023-02-22;82.8612;82.9953;82.7795;82.8612;82.8612;0
2023-02-23;82.8353;82.903;82.563;82.8353;82.8353;0
2023-02-24;82.6179;83.0052;82.6095;82.6179;82.6179;0
2023-02-27;82.918;83.0803;82.628;82.918;82.918;0
2023-02-28;82.652;82.7505;82.56;82.652;82.652;0
2023-03-01;82.6354;82.8783;82.378;82.6354;82.6354;0
2023-03-02;82.4199;82.6578;82.3021;82.4199;82.4199;0
2023-03-03;82.3557;82.5813;81.7039;82.3557;82.3557;0
2023-03-06;81.7125;81.9703;81.619;81.7125;81.7125;0
2023-03-07;81.8544;82.0265;81.739;81.8544;81.8544;0
2023-03-08;82.0746;82.2813;81.8671;82.0746;82.0746;0
2023-03-09;81.9645;82.0864;81.783;81.9645;81.9645;0
2023-03-10;82.0184;82.2278;81.8424;82.0184;82.0184;0
2023-03-13;81.958;82.3086;81.6273;81.958;81.958;0
2023-03-14;82.4174;82.6695;82.2325;82.4174;82.4174;0
2023-03-15;82.3049;83.0125;82.1855;82.3049;82.3049;0
2023-03-16;82.7157;82.992;82.5867;82.7157;82.7157;0
2023-03-17;82.6228;82.8678;82.4205;82.6228;82.6228;0
2023-03-20;82.533;82.7243;82.439;82.533;82.533;0
2023-03-21;82.5291;82.7643;82.4905;82.5291;82.5291;0
2023-03-22;82.677;82.8823;82.533;82.677;82.677;0
2023-03-23;82.5258;82.5293;82.0471;82.5258;82.5258;0
2023-03-24;82.2653;82.513;82.181;82.2653;82.2653;0
2023-03-26;82.3388;82.4283;82.2406;82.3388;82.3388;0
2023-03-27;82.2149;82.3733;82.0795;82.2149;82.2149;0
2023-03-28;82.1643;82.365;82.146;82.1643;82.1643;0
2023-03-29;82.2554;82.2791;82.032;82.2554;82.2554;0
2023-03-30;82.1005;82.3119;82.0295;82.1005;82.1005;0
2023-04-02;82.1848;82.4855;82.1849;82.1848;82.1848;0
2023-04-03;82.1409;82.2789;82.0815;82.1409;82.1409;0
2023-04-04;82.1148;82.2433;81.836;82.1148;82.1148;0
2023-04-05;81.95;82.1203;81.8122;81.95;81.95;0
2023-04-06;81.8313;81.8786;81.765;81.8313;81.8313;0
2023-04-09;81.8848;82.0379;81.761;81.8848;81.8848;0
2023-04-10;81.9839;82.1459;81.916;81.9839;81.9839;0
2023-04-11;82.0701;82.1256;81.9395;82.0701;82.0701;0
2023-04-12;81.9606;82.095;81.6309;81.9606;81.9606;0
2023-04-13;81.6807;81.9409;81.4715;81.6807;81.6807;0
2023-04-16;81.8448;82.0848;81.8448;81.8448;81.8448;0
2023-04-17;82.0037;82.0971;81.9415;82.0037;82.0037;0
2023-04-18;82.1079;82.2765;82.0405;82.1079;82.1079;0
2023-04-19;82.3401;82.3755;82.0489;82.3401;82.3401;0
2023-04-20;82.1409;82.2898;82.0015;82.1409;82.1409;0
2023-04-23;82.0548;82.1549;81.86;82.0548;82.0548;0
2023-04-24;81.8523;82.0188;81.8513;81.8523;81.8523;0
2023-04-25;81.9916;82.092;81.6815;81.9916;81.9916;0
2023-04-26;81.7669;81.851;81.604;81.7669;81.7669;0
2023-04-27;81.7651;81.8611;81.691;81.7651;81.7651;0
2023-04-30;81.7448;81.924;81.7058;81.7448;81.7448;0
2023-05-01;81.7747;81.951;81.7189;81.7747;81.7747;0
2023-05-02;81.7787;81.8943;81.7115;81.7787;81.7787;0
2023-05-03;81.78;81.8838;81.617;81.78;81.78;0
2023-05-04;81.7161;81.8172;81.6455;81.7161;81.7161;0
2023-05-07;81.7298;81.8253;81.6734;81.7298;81.7298;0
2023-05-08;81.7871;82.1485;81.775;81.7871;81.7871;0
2023-05-09;82.105;82.2128;81.866;82.105;82.105;0
2023-05-10;81.9199;82.1786;81.7815;81.9199;81.9199;0
2023-05-11;82.1003;82.2256;82.065;82.1003;82.1003;0
2023-05-14;82.2003;82.3736;82.184;82.2003;82.2003;0
2023-05-15;82.2667;82.3145;82.158;82.2667;82.2667;0
2023-05-16;82.296;82.4483;82.25;82.296;82.296;0
2023-05-17;82.4503;82.7915;82.3425;82.4503;82.4503;0
2023-05-18;82.7251;82.9494;82.637;82.7251;82.7251;0
2023-05-21;82.9048;82.9051;82.73;82.9048;82.9048;0
2023-05-22;82.825;82.8773;82.757;82.825;82.825;0
2023-05-23;82.8906;82.941;82.5748;82.8906;82.8906;0
2023-05-24;82.7137;82.8097;82.6405;82.7137;82.7137;0
2023-05-25;82.7421;82.81;82.5337;82.7421;82.7421;0
2023-05-28;82.5748;82.7377;82.5088;82.5748;82.5748;0
2023-05-29;82.5797;82.7845;82.53;82.5797;82.5797;0
2023-05-30;82.6839;82.7526;82.6201;82.6839;82.6839;0
2023-05-31;82.6668;82.712;82.3145;82.6668;82.6668;0
2023-06-01;82.2767;82.4318;82.2345;82.2767;82.2767;0
2023-06-04;82.4098;82.6845;82.381;82.4098;82.4098;0
2023-06-05;82.5112;82.648;82.4765;82.5112;82.5112;0
2023-06-06;82.5172;82.6224;82.467;82.5172;82.5172;0
2023-06-07;82.6181;82.6468;82.469;82.6181;82.6181;0
2023-06-08;82.4883;82.5208;82.413;82.4883;82.4883;0
2023-06-11;82.4448;82.5553;82.3854;82.4448;82.4448;0
2023-06-12;82.3372;82.4903;82.152;82.3372;82.3372;0
2023-06-13;82.2904;82.325;81.931;82.2904;82.2904;0
2023-06-14;82.045;82.2632;81.936;82.045;82.045;0
2023-06-15;81.9127;82.0159;81.8513;81.9127;81.9127;0
2023-06-18;81.9148;82.002;81.893;81.9148;81.9148;0
2023-06-19;81.9814;82.1648;81.9153;81.9814;81.9814;0
2023-06-20;81.9918;82.1273;81.947;81.9918;81.9918;0
2023-06-21;81.9415;82.0838;81.8874;81.9415;81.9415;0
2023-06-22;81.9193;82.0785;81.9249;81.9193;81.9193;0
2023-06-25;81.9848;82.073;81.9431;81.9848;81.9848;0
2023-06-26;82.0065;82.0422;81.943;82.0065;82.0065;0
2023-06-27;81.9984;82.0855;81.9611;81.9984;81.9984;0
2023-06-28;82.0265;82.2125;81.997;82.0265;82.0265;0
2023-06-29;82.0754;82.1963;82.0081;82.0754;82.0754;0
2023-07-02;82.0963;82.1124;81.7662;82.0963;82.0963;0
2023-07-03;81.9501;82.0256;81.8667;81.9501;81.9501;0
2023-07-04;82.0071;82.3482;81.9781;82.0071;82.0071;0
2023-07-05;82.3941;82.8238;82.2835;82.3941;82.3941;0
2023-07-06;82.7684;82.7683;82.534;82.7684;82.7684;0
2023-07-09;82.6153;82.7153;82.5505;82.6153;82.6153;0
2023-07-10;82.5253;82.6333;81.2669;82.5253;82.5253;0
2023-07-11;82.3999;82.464;81.9722;82.3999;82.3999;0
2023-07-12;82.0018;82.1413;81.9535;82.0018;82.0018;0
2023-07-13;82.0308;82.1926;81.928;82.0308;82.0308;0
2023-07-16;82.0768;82.1976;81.9981;82.0768;82.0768;0
2023-07-17;82.0616;82.0912;81.964;82.0616;82.0616;0
2023-07-18;82.0754;82.1471;82.0271;82.0754;82.0754;0
2023-07-19;82.0617;82.0788;81.9141;82.0617;82.0617;0
2023-07-20;82.0824;82.0993;81.936;82.0824;82.0824;0
2023-07-23;81.9903;82.0409;81.794;81.9903;81.9903;0
2023-07-24;81.8142;81.9077;81.663;81.8142;81.8142;0
2023-07-25;81.9501;82.0704;81.83;81.9501;81.9501;0
2023-07-26;81.9755;82.2309;81.883;81.9755;81.9755;0
2023-07-27;82.3749;82.3751;82.154;82.3749;82.3749;0
2023-07-30;82.2528;82.366;82.118;82.2528;82.2528;0
2023-07-31;82.2333;82.3454;82.222;82.2333;82.2333;0
2023-08-01;82.3073;82.8093;82.29;82.3073;82.3073;0
2023-08-02;82.7333;82.8557;82.663;82.7333;82.7333;0
2023-08-03;82.7843;82.889;82.6705;82.7843;82.7843;0
2023-08-06;82.6953;82.8248;82.6571;82.6953;82.6953;0
2023-08-07;82.7483;82.9843;82.7183;82.7483;82.7483;0
2023-08-08;82.845;83.1063;82.7861;82.845;82.845;0
2023-08-09;82.8663;82.8673;82.5841;82.8663;82.8663;0
2023-08-10;82.7999;82.9915;82.723;82.7999;82.7999;0
2023-08-13;82.8973;83.2885;82.8715;82.8973;82.8973;0
2023-08-14;83.2334;83.4923;83.154;83.2334;83.2334;0
2023-08-15;83.1942;84.9293;83.091;83.1942;83.1942;0
2023-08-16;83.237;83.2502;82.9765;83.237;83.237;0
2023-08-17;83.0983;83.2146;82.9545;83.0983;83.0983;0
2023-08-20;83.1673;83.2038;83.05;83.1673;83.1673;0
2023-08-21;83.1135;83.1413;82.913;83.1135;83.1135;0
2023-08-22;83.0733;83.0853;82.465;83.0733;83.0733;0
2023-08-23;82.5447;82.6428;82.354;82.5447;82.5447;0
2023-08-24;82.6414;82.7153;82.5526;82.6414;82.6414;0
2023-08-27;82.6643;82.6646;82.4576;82.6643;82.6643;0
2023-08-28;82.6915;82.88;82.568;82.6915;82.6915;0
2023-08-29;82.4947;82.7993;82.4883;82.4947;82.4947;0
2023-08-30;82.7004;82.7856;82.571;82.7004;82.7004;0
2023-08-31;82.6824;82.7688;82.5424;82.6824;82.6824;0
2023-09-03;82.697;82.7812;82.5906;82.697;82.697;0
2023-09-04;82.7346;83.0771;82.7065;82.7346;82.7346;0
2023-09-05;83.0861;83.2398;82.9152;83.0861;83.0861;0
2023-09-06;83.2574;83.309;83.066;83.2574;83.2574;0
2023-09-07;83.2415;83.26;82.9165;83.2415;83.2415;0
2023-09-10;83.0313;83.0522;82.8242;83.0313;83.0313;0
2023-09-11;82.9433;83.0082;82.868;82.9433;82.9433;0
2023-09-12;82.843;83.0312;82.825;82.843;82.843;0
2023-09-13;82.9368;83.1037;82.9185;82.9368;82.9368;0
2023-09-14;83.0283;83.1807;83.0031;83.0283;83.0283;0
2023-09-17;83.0858;83.3476;83.0495;83.0858;83.0858;0
2023-09-18;83.2549;83.3341;83.1423;83.2549;83.2549;0
2023-09-19;83.195;83.289;82.928;83.195;83.195;0
2023-09-20;83.087;83.2001;82.996;83.087;83.087;0
2023-09-21;82.8913;83.0004;82.733;82.8913;82.8913;0
2023-09-24;82.9748;83.1704;82.8957;82.9748;82.9748;0
2023-09-25;83.0283;83.4022;83.0353;83.0283;83.0283;0
2023-09-26;83.2987;83.3163;83.1593;83.2987;83.2987;0
2023-09-27;83.2227;83.3448;83.0985;83.2227;83.2227;0
2023-09-28;83.193;83.2265;83.0033;83.193;83.193;0
2023-10-01;83.0348;83.2879;82.9152;83.0348;83.0348;0
2023-10-02;83.3594;83.3609;83.1343;83.3594;83.3594;0
2023-10-03;83.2298;83.3302;83.1823;83.2298;83.2298;0
2023-10-04;83.4498;84.697;83.1849;83.4498;83.4498;0
2023-10-05;83.2249;83.3413;83.0844;83.2249;83.2249;0
2023-10-08;83.1246;83.3352;83.0793;83.1246;83.1246;0
2023-10-09;83.2703;83.2703;83.156;83.2703;83.2703;0
2023-10-10;83.2503;83.3223;83.11;83.2503;83.2503;0
2023-10-11;83.218;83.2999;83.0192;83.218;83.218;0
2023-10-12;83.2624;83.2966;83.0789;83.2624;83.2624;0
2023-10-15;83.2823;83.2825;83.0979;83.2823;83.2823;0
2023-10-16;83.1995;83.2811;81.517;83.1995;83.1995;0
2023-10-17;83.2643;83.3027;83.1922;83.2643;83.2643;0
2023-10-18;83.2686;83.2927;82.719;83.2686;83.2686;0
2023-10-19;83.1223;83.1962;83.019;83.1223;83.1223;0
2023-10-22;83.1598;83.1904;83.0405;83.1598;83.1598;0
2023-10-23;83.0294;83.0943;82.9479;83.0294;83.0294;0
2023-10-24;82.9878;83.1873;81.205;82.9878;82.9878;0
2023-10-25;83.171;83.2717;83.1418;83.171;83.171;0
2023-10-26;83.2825;83.2894;83.1416;83.2825;83.2825;0
2023-10-30;83.4134;83.4134;83.224;83.4134;83.4134;0
2023-10-31;83.2965;83.331;83.225;83.2965;83.2965;0
2023-11-01;83.2772;83.3493;83.1979;83.2772;83.2772;0
2023-11-02;85.194;83.3259;83.1705;85.194;85.194;0
2023-11-03;83.2473;83.328;83.1454;83.2473;83.2473;0
2023-11-06;83.1585;83.2597;82.9766;83.1585;83.1585;0
2023-11-07;83.2228;83.2809;83.1445;83.2228;83.2228;0
2023-11-08;83.2327;83.3153;83.1843;83.2327;83.2327;0
2023-11-09;83.2177;83.3091;83.2187;83.2177;83.2177;0
2023-11-10;83.3194;83.5258;83.2317;83.3194;83.3194;0
2023-11-13;83.2989;83.3991;83.2182;83.2989;83.2989;0
2023-11-14;83.1976;83.333;82.909;83.1976;83.1976;0
2023-11-15;82.9816;83.2059;82.922;82.9816;82.9816;0
2023-11-16;83.1862;83.2644;82.9933;83.1862;83.1862;0
2023-11-17;83.1203;83.2837;83.1364;83.1203;83.1203;0
2023-11-20;83.2915;83.4145;83.2037;83.2915;83.2915;0
2023-11-21;83.3222;83.3708;83.237;83.3222;83.3222;0
2023-11-22;83.3457;83.3461;83.2596;83.3457;83.3457;0
2023-11-23;83.5483;83.3538;83.1783;83.5483;83.5483;0
2023-11-24;83.344;83.4072;83.2965;83.344;83.344;0
2023-11-27;83.3145;83.4286;83.3085;83.3145;83.3145;0
2023-11-28;83.3645;83.4225;83.306;83.3645;83.3645;0
2023-11-29;83.4181;83.4181;83.2554;83.4181;83.4181;0
2023-11-30;83.3303;83.4113;83.187;83.3303;83.3303;0
2023-12-01;83.3527;83.3613;83.2489;83.3527;83.3527;0
2023-12-04;83.2186;83.4541;83.1977;83.2186;83.2186;0
2023-12-05;83.4171;83.4316;83.3288;83.4171;83.4171;0
2023-12-06;83.3159;83.3723;83.288;83.3159;83.3159;0
2023-12-07;83.2896;83.3917;83.2928;83.2896;83.2896;0
2023-12-08;83.3549;83.454;81.026;83.3549;83.3549;0
2023-12-11;83.4301;83.441;83.3573;83.4301;83.4301;0
2023-12-12;83.3435;83.4238;83.3394;83.3435;83.3435;0
2023-12-13;83.396;83.4426;83.3468;83.396;83.396;0
2023-12-14;83.2853;83.3641;83.2444;83.2853;83.2853;0
2023-12-15;83.2966;83.3302;82.9422;83.2966;83.2966;0
2023-12-18;83.0417;83.1547;82.9188;83.0417;83.0417;0
2023-12-19;83.1112;83.2742;83.065;83.1112;83.1112;0
2023-12-20;83.0916;83.2272;83.0331;83.0916;83.0916;0
2023-12-21;83.2672;83.3297;83.142;83.2672;83.2672;0
2023-12-22;83.1316;83.2745;83.0423;83.1316;83.1316;0
2023-12-25;83.165;83.1723;83.165;83.165;83.165;0
2023-12-26;83.1723;83.2147;83.1042;83.1723;83.1723;0
2023-12-27;83.1828;83.3492;83.1212;83.1828;83.1828;0
2023-12-28;83.2672;83.3357;83.1592;83.2672;83.2672;0
2023-12-29;82.302;83.253;82.7024;82.302;82.302;0
2024-01-01;83.2486;83.238;83.15;83.2486;83.2486;0
2024-01-02;83.2026;83.343;83.1698;83.2026;83.2026;0
2024-01-03;83.257;83.3337;83.2462;83.257;83.257;0
2024-01-04;83.3181;83.3603;83.2021;83.3181;83.3181;0
2024-01-05;83.2406;83.2716;83.035;83.2406;83.2406;0
2024-01-08;83.1911;83.1897;83.0283;83.1911;83.1911;0
2024-01-09;83.0507;83.1344;83.0207;83.0507;83.0507;0
2024-01-10;83.1311;83.1822;82.9548;83.1311;83.1311;0
2024-01-11;83.0256;83.11;82.9333;83.0256;83.0256;0
2024-01-12;83.0761;83.094;82.7791;83.0761;83.0761;0
2024-01-15;82.8721;82.895;82.81;82.8721;82.8721;0
2024-01-16;82.8594;83.1404;82.8273;82.8594;82.8594;0
2024-01-17;83.089;83.214;83.0175;83.089;83.089;0
2024-01-18;83.1776;83.1887;83.0553;83.1776;83.1776;0
2024-01-19;83.1606;83.2308;83.042;83.1606;83.1606;0
2024-01-22;83.1247;83.1805;83.0248;83.1247;83.1247;0
2024-01-23;83.0951;83.181;81.5137;83.0951;83.0951;0
2024-01-24;83.2214;83.2225;83.071;83.2214;83.2214;0
2024-01-25;83.0976;83.1504;83.078;83.0976;83.0976;0
2024-01-26;83.1461;83.1859;83.0741;83.1461;83.1461;0
2024-01-29;83.1213;83.1614;83.1221;83.1213;83.1213;0
2024-01-30;83.1531;83.2126;83.091;83.1531;83.1531;0
2024-01-31;83.1097;83.1256;83.001;83.1097;83.1097;0
2024-02-01;83.0536;83.0791;82.9119;83.0536;83.0536;0
2024-02-02;82.9276;83.0331;82.815;82.9276;82.9276;0
2024-02-05;82.9993;83.091;82.9547;82.9993;82.9993;0
2024-02-06;83.1037;83.07;82.9823;83.1037;83.1037;0
2024-02-07;83.0706;83.0777;82.936;83.0706;83.0706;0
2024-02-08;83.0126;83.0104;82.898;83.0126;83.0126;0
2024-02-09;82.9853;83.0476;82.921;82.9853;82.9853;0
2024-02-12;83.0145;83.1239;82.881;83.0145;83.0145;0
2024-02-13;82.9902;83.1114;82.9617;82.9902;82.9902;0
2024-02-14;83.0746;83.116;83.013;83.0746;83.0746;0
2024-02-15;83.0431;83.0507;82.9628;83.0431;83.0431;0
2024-02-16;83.0096;83.0523;82.9728;83.0096;83.0096;0
2024-02-19;83.016;83.0516;82.9121;83.016;83.016;0
2024-02-20;83.021;83.0341;82.8917;83.021;83.021;0
2024-02-21;82.8291;82.9646;82.813;82.8291;82.8291;0
2024-02-22;82.9384;82.9868;82.817;82.9384;82.9384;0
2024-02-23;82.8723;82.9457;82.835;82.8723;82.8723;0
2024-02-26;82.8818;82.9492;82.8446;82.8818;82.8818;0
2024-02-27;82.852;82.9169;82.826;82.852;82.852;0
2024-02-28;82.9482;83.0041;82.8699;82.9482;82.9482;0
2024-02-29;82.9119;83.022;82.84;82.9119;82.9119;0
2024-03-01;82.9104;82.9286;82.846;82.9104;82.9104;0
2024-03-04;82.8461;82.9979;82.8162;82.8461;82.8461;0
2024-03-05;82.9105;82.9927;82.6981;82.9105;82.9105;0
2024-03-06;82.8848;82.9107;82.799;82.8848;82.8848;0
2024-03-07;82.8191;82.8581;82.659;82.8191;82.8191;0
2024-03-08;82.7523;82.7916;82.666;82.7523;82.7523;0
2024-03-11;82.7521;82.771;82.66;82.7521;82.7521;0
2024-03-12;82.7783;82.8483;82.7301;82.7783;82.7783;0
2024-03-13;82.8351;82.9131;82.7584;82.8351;82.8351;0
2024-03-14;82.8311;82.9503;82.807;82.8311;82.8311;0
2024-03-15;82.9656;82.9754;82.834;82.9656;82.9656;0
2024-03-18;82.8889;82.9281;82.833;82.8889;82.8889;0
2024-03-19;82.8636;83.0457;82.864;82.8636;82.8636;0
2024-03-20;83.0424;83.2207;82.961;83.0424;83.0424;0
2024-03-21;83.0546;83.2216;82.8937;83.0546;83.0546;0
2024-03-22;83.2266;83.7157;83.1819;83.2266;83.2266;0
2024-03-25;83.5936;83.6007;83.3523;83.5936;83.5936;0
2024-03-26;83.4174;83.4963;83.2675;83.4174;83.4174;0
2024-03-27;83.3455;83.4359;83.2897;83.3455;83.3455;0
2024-03-28;83.365;83.4153;83.3098;83.365;83.365;0
2024-03-29;83.393;83.3996;83.2326;83.393;83.393;0
2024-03-31;83.3648;83.4168;83.239;83.3648;83.3648;0
2024-04-01;83.4097;83.4744;83.334;83.4097;83.4097;0
2024-04-02;83.3503;83.5803;83.332;83.3503;83.3503;0
2024-04-03;83.3733;83.5135;83.36;83.3733;83.3733;0
2024-04-04;83.4778;83.4813;83.249;83.4778;83.4778;0
2024-04-07;83.2968;83.3361;83.2327;83.2968;83.2968;0
2024-04-08;83.2696;83.3374;83.1733;83.2696;83.2696;0
2024-04-09;83.2243;83.4014;83.155;83.2243;83.2243;0
2024-04-10;83.4127;83.4731;83.3024;83.4127;83.4127;0
2024-04-11;83.3493;83.6159;83.2542;83.3493;83.3493;0
2024-04-14;83.6111;83.6115;83.4174;83.6111;83.6111;0
2024-04-15;83.506;83.6968;83.2119;83.506;83.506;0
2024-04-16;83.6675;83.735;83.5774;83.6675;83.6675;0
2024-04-17;83.5958;83.6142;83.4848;83.5958;83.5958;0
2024-04-18;83.545;83.7396;83.365;83.545;83.545;0
2024-04-21;83.3853;83.4463;83.3216;83.3853;83.3853;0
2024-04-22;83.3862;83.39;83.2281;83.3862;83.3862;0
2024-04-23;83.2833;83.3496;83.2591;83.2833;83.2833;0
2024-04-24;83.3406;83.396;83.2688;83.3406;83.3406;0
2024-04-25;83.3018;83.4153;83.265;83.3018;83.3018;0
2024-04-28;83.4023;83.5735;83.2983;83.4023;83.4023;0
2024-04-29;83.4511;83.5197;83.398;83.4511;83.4511;0
2024-04-30;83.4984;83.5714;83.2601;83.4984;83.4984;0
2024-05-01;83.4064;83.4885;83.4064;83.4064;83.4064;0
2024-05-02;83.4063;83.4694;83.3036;83.4063;83.4063;0
2024-05-05;83.38;83.5994;83.2991;83.38;83.38;0
2024-05-06;83.4728;83.515;83.429;83.4728;83.4728;0
2024-05-07;83.4699;83.5359;83.455;83.4699;83.4699;0
2024-05-08;83.4643;83.5111;83.438;83.4643;83.4643;0
2024-05-09;83.4594;83.5739;83.449;83.4594;83.4594;0
2024-05-12;83.5248;83.6088;83.482;83.5248;83.5248;0
2024-05-13;83.5055;83.5315;83.481;83.5055;83.5055;0
2024-05-14;83.5242;83.5929;83.425;83.5242;83.5242;0
2024-05-15;83.4051;83.5059;83.365;83.4051;83.4051;0
2024-05-16;83.4701;83.5065;83.2841;83.4701;83.4701;0
2024-05-19;83.3004;83.3166;83.2305;83.3004;83.3004;0
2024-05-20;83.315;83.3589;83.2359;83.315;83.315;0
2024-05-21;83.3168;83.3795;83.214;83.3168;83.3168;0
2024-05-22;83.2671;83.3094;83.192;83.2671;83.2671;0
2024-05-23;83.2864;83.3738;83.0314;83.2864;83.2864;0
2024-05-26;83.0522;83.1934;83.0372;83.0522;83.0522;0
2024-05-27;83.1457;83.2273;83.088;83.1457;83.1457;0
2024-05-28;83.2065;83.4059;83.1463;83.2065;83.2065;0
2024-05-29;83.3656;83.435;83.2163;83.3656;83.3656;0
2024-05-30;83.3209;83.494;83.211;83.3209;83.3209;0
2024-06-02;83.4508;83.4511;82.9801;83.4508;83.4508;0
2024-06-03;83.0934;83.6703;83.0805;83.0934;83.0934;0
2024-06-04;83.6294;85.186;83.2212;83.6294;83.6294;0
2024-06-05;83.3808;83.5216;83.3405;83.3808;83.3808;0
2024-06-06;83.4731;83.5114;83.286;83.4731;83.4731;0
2024-06-09;83.5276;83.5884;83.475;83.5276;83.5276;0
2024-06-10;83.5298;83.6854;83.473;83.5298;83.5298;0
2024-06-11;83.5968;83.6043;83.4335;83.5968;83.5968;0
2024-06-12;83.5343;83.5616;83.478;83.5343;83.5343;0
2024-06-13;83.5221;83.5711;83.519;83.5221;83.5221;0
2024-06-16;83.5518;83.6297;83.4314;83.5518;83.5518;0
2024-06-17;83.5101;83.5426;83.3;83.5101;83.5101;0
2024-06-18;83.3741;83.4737;83.338;83.3741;83.3741;0
2024-06-19;83.4195;83.6716;83.4077;83.4195;83.4195;0
2024-06-20;83.6016;83.6271;83.491;83.6016;83.6016;0
2024-06-23;83.5625;83.5737;83.4218;83.5625;83.5625;0
2024-06-24;83.4604;83.4993;83.3979;83.4604;83.4604;0
2024-06-25;83.4146;83.6136;83.402;83.4146;83.4146;0
2024-06-26;83.5804;83.5886;83.418;83.5804;83.5804;0
2024-06-27;83.4509;83.5084;83.3247;83.4509;83.4509;0
2024-06-30;83.3675;83.4662;83.3568;83.3675;83.3675;0
2024-07-01;83.4413;83.5585;83.4246;83.4413;83.4413;0
2024-07-02;83.4791;83.553;83.4441;83.4791;83.4791;0
2024-07-03;83.4912;83.5525;83.4652;83.4912;83.4912;0
2024-07-04;83.4934;83.5157;83.463;83.4934;83.4934;0
2024-07-07;83.4721;83.5069;83.4393;83.4721;83.4721;0
2024-07-08;83.4576;83.5098;83.451;83.4576;83.4576;0
2024-07-09;83.493;83.5296;83.472;83.493;83.493;0
2024-07-10;83.4959;83.588;83.466;83.4959;83.4959;0
2024-07-11;83.5185;83.5565;83.4662;83.5185;83.5185;0
2024-07-14;83.5203;83.6169;83.3589;83.5203;83.5203;0
2024-07-15;83.5876;83.6035;83.5316;83.5876;83.5876;0
2024-07-16;83.5296;83.5933;83.494;83.5296;83.5296;0
2024-07-17;83.5721;83.6669;83.549;83.5721;83.5721;0
2024-07-18;83.6743;83.7267;83.6004;83.6743;83.6743;0
2024-07-21;83.7303;83.7414;83.643;83.7303;83.7303;0
2024-07-22;83.6713;83.7181;83.5993;83.6713;83.6713;0
2024-07-23;83.7068;83.7277;83.6379;83.7068;83.7068;0
2024-07-24;83.743;83.8588;83.6611;83.743;83.743;0
2024-07-25;83.7376;83.7548;83.6597;83.7376;83.7376;0
2024-07-28;83.7278;83.7647;83.6941;83.7278;83.7278;0
2024-07-29;83.7505;83.7676;83.699;83.7505;83.7505;0
2024-07-30;83.739;83.8123;83.6593;83.739;83.739;0
2024-07-31;83.7178;83.7505;83.6567;83.7178;83.7178;0
2024-08-01;83.7439;83.806;83.6879;83.7439;83.7439;0
2024-08-04;83.7353;84.1703;83.7353;83.7353;83.7353;0
2024-08-05;84.0026;84.0953;83.831;84.0026;84.0026;0
2024-08-06;83.9349;83.9753;83.87;83.9349;83.9349;0
2024-08-07;83.9424;84.009;83.7899;83.9424;83.9424;0
2024-08-08;83.989;83.9931;83.88;83.989;83.989;0
2024-08-11;83.9498;83.9647;83.8215;83.9498;83.9498;0
2024-08-12;83.89;83.97;83.887;83.89;83.89;0
2024-08-13;83.882;83.9755;83.889;83.882;83.882;0
2024-08-14;83.9715;83.9931;83.8042;83.9715;83.9715;0
2024-08-15;83.9483;83.9704;83.855;83.9483;83.9483;0
2024-08-18;83.8898;83.9364;83.7865;83.8898;83.8898;0
2024-08-19;83.8786;83.894;83.4093;83.8786;83.8786;0
2024-08-20;83.7794;83.9363;83.711;83.7794;83.7794;0
2024-08-21;83.8886;83.9699;83.8754;83.8886;83.8886;0
2024-08-22;83.9406;83.9401;83.7939;83.9406;83.9406;0
2024-08-25;83.8138;83.9021;83.6642;83.8138;83.8138;0
2024-08-26;83.8837;83.9487;83.8758;83.8837;83.8837;0
2024-08-27;83.9216;83.9784;83.905;83.9216;83.9216;0
2024-08-28;83.9415;83.981;83.8473;83.9415;83.9415;0
2024-08-29;83.8951;83.8966;83.805;83.8951;83.8951;0
2024-09-01;83.8638;83.936;83.853;83.8638;83.8638;0
2024-09-02;83.9273;83.9851;83.9;83.9273;83.9273;0
2024-09-03;83.9503;84.0176;83.937;83.9503;83.9503;0
2024-09-04;83.9825;83.9908;83.957;83.9825;83.9825;0
2024-09-05;83.9836;83.9877;83.9061;83.9836;83.9836;0
2024-09-08;83.9826;83.9826;83.9294;83.9826;83.9826;0
2024-09-09;83.9809;84.1946;83.945;83.9809;83.9809;0
2024-09-10;83.982;84.1203;83.929;83.982;83.982;0
2024-09-11;83.9926;83.9936;83.903;83.9926;83.9926;0
2024-09-12;83.9348;84.0253;83.855;83.9348;83.9348;0
2024-09-15;83.8848;83.9149;83.8396;83.8848;83.8848;0
2024-09-16;83.884;83.9076;83.7049;83.884;83.884;0
2024-09-17;83.7706;83.8677;83.6593;83.7706;83.7706;0
2024-09-18;83.6917;83.7645;83.565;83.6917;83.6917;0
2024-09-19;83.6147;83.6274;83.4734;83.6147;83.6147;0
2024-09-22;83.4871;83.6738;83.4634;83.4871;83.4871;0
2024-09-23;83.5596;83.7713;83.5154;83.5596;83.5596;0
2024-09-24;83.5676;83.6365;83.4401;83.5676;83.5676;0
2024-09-25;83.6241;83.7126;83.5732;83.6241;83.6241;0
2024-09-26;83.6171;83.708;83.5636;83.6171;83.6171;0
2024-09-29;83.7164;83.9095;83.6449;83.7164;83.7164;0
2024-09-30;83.8273;83.9496;83.7604;83.8273;83.8273;0
2024-10-01;83.8721;84.0071;83.8545;83.8721;83.8721;0
2024-10-02;83.9196;84.0321;83.893;83.9196;83.9196;0
2024-10-03;84.0094;84.0428;83.9453;84.0094;84.0094;0
2024-10-06;84.0278;84.0278;83.95;84.0278;84.0278;0
2024-10-07;83.9641;84.1002;83.916;83.9641;83.9641;0
2024-10-08;83.9146;83.9777;83.781;83.9146;83.9146;0
2024-10-09;83.9422;83.9806;83.9223;83.9422;83.9422;0
2024-10-10;83.946;84.1245;83.9415;83.946;83.946;0
2024-10-13;84.1683;84.1684;83.9767;84.1683;84.1683;0
2024-10-14;84.0485;84.0728;84.0181;84.0485;84.0485;0
2024-10-15;84.0562;84.0943;83.99;84.0562;84.0562;0
2024-10-16;84.0393;84.0879;84.003;84.0393;84.0393;0
2024-10-17;84.0538;84.0778;84.0183;84.0538;84.0538;0
2024-10-20;84.0687;84.0868;84.0386;84.0687;84.0687;0
2024-10-21;84.0735;84.177;84.0598;84.0735;84.0735;0
2024-10-22;84.084;84.1138;84.059;84.084;84.084;0
2024-10-23;84.0676;84.082;84.0477;84.0676;84.0676;0
2024-10-24;84.0818;84.0933;84.058;84.0818;84.0818;0
2024-10-28;84.102;84.0968;84.058;84.102;84.102;0
2024-10-29;84.1028;84.1093;84.027;84.1028;84.1028;0
2024-10-30;84.0893;84.0944;84.045;84.0893;84.0893;0
2024-10-31;84.0891;84.1865;84.051;84.0891;84.0891;0
2024-11-01;84.0915;84.1094;84.034;84.0915;84.0915;0
2024-11-04;84.1336;84.1824;84.0425;84.1336;84.1336;0
2024-11-05;84.1525;84.1664;84.0917;84.1525;84.1525;0
2024-11-06;84.1163;84.3422;84.0083;84.1163;84.1163;0
2024-11-07;84.2512;84.3833;84.224;84.2512;84.2512;0
2024-11-08;84.3064;84.4315;84.304;84.3064;84.3064;0
2024-11-11;84.3829;84.4224;84.367;84.3829;84.3829;0
2024-11-12;84.3965;84.4159;84.3605;84.3965;84.3965;0
2024-11-13;84.3953;84.493;84.3505;84.3953;84.3953;0
2024-11-14;84.423;84.4782;84.3937;84.423;84.423;0
2024-11-15;84.4738;84.558;84.407;84.4738;84.4738;0
2024-11-18;84.4775;84.4518;84.3763;84.4775;84.4775;0
2024-11-19;84.3985;84.438;84.3543;84.3985;84.3985;0
2024-11-20;84.3976;84.4131;84.3398;84.3976;84.3976;0
2024-11-21;84.3831;84.523;84.3855;84.3831;84.3831;0
2024-11-22;84.4883;84.5139;84.4;84.4883;84.4883;0
2024-11-25;84.436;84.4382;84.241;84.436;84.436;0
2024-11-26;84.3775;84.4215;84.225;84.3775;84.3775;0
2024-11-27;84.3391;84.4695;84.3188;84.3391;84.3391;0
2024-11-28;84.4203;84.5101;84.3751;84.4203;84.4203;0
2024-11-29;84.4716;84.6398;84.4532;84.4716;84.4716;0
2024-12-02;84.557;84.7495;84.5694;84.557;84.557;0
2024-12-03;84.7371;84.8407;84.6257;84.7371;84.7371;0
2024-12-04;84.6831;84.7705;84.641;84.6831;84.6831;0
2024-12-05;84.707;84.7506;84.665;84.707;84.707;0
2024-12-06;84.6838;84.7103;84.4424;84.6838;84.6838;0
2024-12-09;84.666;84.9143;84.673;84.666;84.666;0
2024-12-10;84.8473;84.9141;84.7646;84.8473;84.8473;0
2024-12-11;84.874;84.9093;84.7755;84.874;84.874;0
2024-12-12;84.8571;85.0511;84.8244;84.8571;84.8571;0
2024-12-13;84.8392;85.0151;84.771;84.8392;84.8392;0
2024-12-16;84.802;84.9272;84.7657;84.802;84.802;0
2024-12-17;84.9173;85.1397;84.693;84.9173;84.9173;0
2024-12-18;84.9154;85.156;84.805;84.9154;84.9154;0
2024-12-19;85.1655;85.3368;84.9961;85.1655;85.1655;0
2024-12-20;85.2794;85.3393;84.9348;85.2794;85.2794;0
2024-12-23;84.945;85.1314;84.9369;84.945;84.945;0
2024-12-24;85.0989;85.2097;85.005;85.0989;85.0989;0
2024-12-25;85.1815;85.5472;82.745;85.1815;85.1815;0
2024-12-26;85.4134;85.4203;85.01;85.4134;85.4134;0
2024-12-27;85.2609;85.8178;81.5074;85.2609;85.2609;0
2024-12-30;85.386;85.585;85.2639;85.386;85.386;0
2024-12-31;85.7866;85.7998;77.5017;85.7866;85.7866;0
2025-01-02;85.7857;86.034;85.574;85.7857;85.7857;0
2025-01-03;85.804;86.0723;85.7063;85.804;85.804;0
2025-01-06;85.759;85.841;85.5843;85.759;85.759;0
2025-01-07;85.6807;85.7938;84.9396;85.6807;85.6807;0
2025-01-08;85.8065;85.9856;85.706;85.8065;85.8065;0
2025-01-09;85.9075;86.185;85.8253;85.9075;85.9075;0
2025-01-10;85.92;86.1608;85.8411;85.92;85.92;0
2025-01-13;86.188;86.7261;86.0992;86.188;86.188;0
2025-01-14;86.6506;86.8553;86.4441;86.6506;86.6506;0
2025-01-15;86.5354;86.5988;86.1093;86.5354;86.5354;0
2025-01-16;86.431;86.6422;86.2521;86.431;86.431;0
2025-01-17;86.6061;86.6692;86.0648;86.6061;86.6061;0
2025-01-20;86.569;86.5763;86.1412;86.569;86.569;0
2025-01-21;86.2111;86.6176;86.2023;86.2111;86.2111;0
2025-01-22;86.4519;86.593;86.289;86.4519;86.4519;0
2025-01-23;86.4727;86.588;86.369;86.4727;86.4727;0
2025-01-24;86.4402;86.4863;86.15;86.4402;86.4402;0
2025-01-27;86.203;86.444;86.1846;86.203;86.203;0
2025-01-28;86.4684;86.587;86.402;86.4684;86.4684;0
2025-01-29;86.5846;86.6953;86.488;86.5846;86.5846;0
2025-01-30;86.6406;86.653;86.5463;86.6406;86.6406;0
2025-01-31;86.647;86.7182;86.5452;86.647;86.647;0
2025-02-03;86.554;87.3256;86.554;86.554;86.554;0
2025-02-04;86.9434;87.1242;86.9355;86.9434;86.9434;0
2025-02-05;87.1301;87.4786;87.086;87.1301;87.1301;0
2025-02-06;87.3341;87.6719;87.3341;87.3341;87.3341;0
2025-02-07;87.5883;87.8427;87.3176;87.5883;87.5883;0
2025-02-10;87.5131;88.0713;87.4086;87.5131;87.5131;0
2025-02-11;87.4901;87.5717;86.5926;87.4901;87.4901;0
2025-02-12;86.8112;87.0272;86.2887;86.8112;86.8112;0
2025-02-13;86.874;87.0113;86.6841;86.874;86.874;0
2025-02-14;86.7541;86.89;86.5381;86.7541;86.7541;0
2025-02-17;86.4346;86.9061;86.6326;86.4346;86.4346;0
2025-02-18;86.8548;86.976;86.845;86.8548;86.8548;0
2025-02-19;86.8872;86.9523;86.8017;86.8872;86.8872;0
2025-02-20;86.8728;86.9133;86.5306;86.8728;86.8728;0
2025-02-21;86.4512;86.763;86.4464;86.4512;86.4512;0
2025-02-24;86.5294;86.7511;86.5048;86.5294;86.5294;0
2025-02-25;86.6901;87.2524;86.682;86.6901;86.6901;0
2025-02-26;87.0812;87.1888;87.031;87.0812;87.0812;0
2025-02-27;87.1622;87.4264;87.0948;87.1622;87.1622;0
2025-02-28;87.327;87.542;87.2648;87.327;87.327;0
2025-03-03;87.464;87.464;87.2417;87.464;87.464;0
2025-03-04;87.3296;87.395;87.1229;87.3296;87.3296;0
2025-03-05;87.217;87.3354;86.8248;87.217;87.217;0
2025-03-06;86.8893;87.1419;86.8233;86.8893;86.8893;0
2025-03-07;87.1288;87.2047;86.8576;87.1288;87.1288;0
2025-03-10;87.0738;87.3642;86.8725;87.0738;87.0738;0
2025-03-11;87.3551;87.3917;87.1425;87.3551;87.3551;0
2025-03-12;87.2001;87.3049;87.0988;87.2001;87.2001;0
2025-03-13;87.3406;87.3406;86.9286;87.3406;87.3406;0
2025-03-14;86.9221;86.9957;86.8663;86.9221;86.9221;0
2025-03-17;86.939;86.9698;86.6905;86.939;86.939;0
2025-03-18;86.9164;86.9181;86.5129;86.9164;86.9164;0
2025-03-19;86.5761;86.66;86.2747;86.5761;86.5761;0
2025-03-20;86.3371;86.399;86.1764;86.3371;86.3371;0
2025-03-21;86.3361;86.3412;85.9299;86.3361;86.3361;0
2025-03-24;85.987;86.038;85.472;85.987;85.987;0
2025-03-25;85.5321;85.8287;85.531;85.5321;85.5321;0
2025-03-26;85.5904;85.8598;85.5931;85.5904;85.5904;0
2025-03-27;86.0954;86.0963;85.633;86.0954;86.0954;0
2025-03-28;85.6949;85.781;85.4186;85.6949;85.6949;0
2025-03-30;85.5388;85.5394;85.2654;85.5388;85.5388;0
2025-03-31;85.4681;85.8173;85.3752;85.4681;85.4681;0
2025-04-01;85.6101;85.7064;85.3957;85.6101;85.6101;0
2025-04-02;85.6512;85.9104;85.2023;85.6512;85.6512;0
2025-04-03;85.2829;85.6383;84.925;85.2829;85.2829;0
2025-04-06;85.5293;86.0324;83.2361;85.5293;85.5293;0
2025-04-07;86.027;86.3109;85.8112;86.027;86.027;0
2025-04-08;86.4353;86.743;86.1312;86.4353;86.4353;0
2025-04-09;86.2093;86.3312;85.6037;86.2093;86.2093;0
2025-04-10;86.2604;86.2669;85.9372;86.2604;86.2604;0
2025-04-13;86.193;86.2003;85.7858;86.193;86.193;0
2025-04-14;86.0448;86.045;85.5909;86.0448;86.0448;0
2025-04-15;85.7267;85.7633;85.508;85.7267;85.7267;0
2025-04-16;85.6205;85.6256;85.2974;85.6205;85.6205;0
2025-04-21;85.1589;85.2314;84.9729;85.1589;85.1589;0
2025-04-22;85.2324;85.5212;85.1958;85.2324;85.2324;0
2025-04-23;85.4999;85.6652;85.2369;85.4999;85.4999;0
2025-04-24;85.2573;85.6629;85.0608;85.2573;85.2573;0
2025-04-27;85.3849;85.4585;84.9538;85.3849;85.3849;0
2025-04-28;85.1603;85.3765;84.955;85.1603;85.1603;0
2025-04-29;85.1708;85.2639;84.4153;85.1708;85.1708;0
2025-04-30;84.5312;84.7168;84.3407;84.5312;84.5312;0
2025-05-01;84.6967;84.7482;83.5827;84.6967;84.6967;0
2025-05-04;84.5263;84.5596;72.9671;84.5263;84.5263;0
2025-05-05;84.2208;84.6168;84.2145;84.2208;84.2208;0
2025-05-06;84.7932;84.8913;84.4732;84.7932;84.7932;0
2025-05-07;84.8172;85.8836;84.522;84.8172;84.8172;0
2025-05-08;86.0822;86.0829;85.2711;86.0822;86.0822;0
2025-05-11;85.4083;85.4084;83.7124;85.4083;85.4083;0
2025-05-12;84.9657;85.4672;84.604;84.9657;84.9657;0
2025-05-13;85.0603;85.511;84.9025;85.0603;85.0603;0
2025-05-14;85.4876;85.7312;85.2033;85.4876;85.4876;0
2025-05-15;85.4449;85.6754;85.217;85.4449;85.4449;0
2025-05-18;85.5003;85.6286;85.333;85.5003;85.5003;0
2025-05-19;85.3721;85.6385;85.3611;85.3721;85.3721;0
2025-05-20;85.5361;85.6847;85.4671;85.5361;85.5361;0
2025-05-21;85.6003;86.0998;85.4656;85.6003;85.6003;0
2025-05-22;85.9749;86.0228;85.0822;85.9749;85.9749;0
2025-05-25;85.1993;85.1995;84.7688;85.1993;85.1993;0
2025-05-26;85.1582;85.4484;82.0958;85.1582;85.1582;0
2025-05-27;85.3605;85.7215;85.2473;85.3605;85.3605;0
2025-05-28;85.3859;85.6141;85.3859;85.3859;85.3859;0
2025-05-29;85.3613;85.6414;85.2386;85.3613;85.3613;0
2025-06-01;85.5243;85.6217;85.2841;85.5243;85.5243;0
2025-06-02;85.3637;85.7045;85.2852;85.3637;85.3637;0
2025-06-03;85.7088;86.0105;85.5513;85.7088;85.7088;0
2025-06-04;85.9042;86.0277;85.6195;85.9042;85.9042;0
2025-06-05;85.8775;85.94;85.478;85.8775;85.8775;0
2025-06-08;85.779;85.856;85.4888;85.7853;85.7853;0
2025-06-09;85.756;85.756;85.508;85.756;85.756;0
2025-06-10;85.6528;85.6533;85.4043;85.6528;85.6528;0
2025-06-11;85.4698;85.7129;85.3805;85.4698;85.4698;0
2025-06-12;85.6884;86.2044;85.6204;85.6884;85.6884;0
2025-06-15;86.2492;86.2412;85.774;86.2492;86.2492;0
2025-06-16;86.1042;86.3898;85.8835;86.1042;86.1042;0
2025-06-17;86.3627;86.5463;86.2526;86.3627;86.3627;0
2025-06-18;86.6136;86.9017;86.3253;86.6136;86.6136;0
2025-06-19;86.5838;86.7631;86.471;86.5838;86.5838;0
2025-06-22;86.5803;87.0294;86.5518;86.5803;86.5803;0
2025-06-23;86.233;86.3546;85.9;86.233;86.233;0
2025-06-24;85.9048;86.1271;85.7902;85.9048;85.9048;0
2025-06-25;86.0061;86.1181;85.587;86.0061;86.0061;0
2025-06-26;85.6664;85.7797;85.3725;85.6664;85.6664;0
2025-06-29;85.4553;85.9277;85.242;85.4553;85.4553;0
2025-06-30;85.714;85.7417;85.4593;85.714;85.714;0
2025-07-01;85.6428;85.771;85.5105;85.6428;85.6428;0
2025-07-02;85.6941;85.698;85.1927;85.6941;85.6941;0
2025-07-03;85.3191;85.553;85.3073;85.3191;85.3191;0
2025-07-06;85.4963;86.0301;85.361;85.4963;85.4963;0
2025-07-07;85.892;85.8924;85.628;85.892;85.892;0
2025-07-08;85.7074;85.9159;85.5972;85.7074;85.7074;0
2025-07-09;85.7085;85.7653;85.455;85.7085;85.7085;0
2025-07-10;85.7348;85.9053;85.6599;85.7348;85.7348;0
2025-07-13;85.8213;86.0432;84.5595;85.8213;85.8213;0
2025-07-14;85.9684;86.0282;85.7438;85.9684;85.9684;0
2025-07-15;85.9931;86.0713;85.725;85.9931;85.9931;0
2025-07-16;85.8852;86.132;85.795;85.8852;85.8852;0
2025-07-17;86.0465;86.2245;85.9254;86.0465;86.0465;0
2025-07-20;86.1486;86.3392;85.646;86.1486;86.1486;0
2025-07-21;86.1953;86.4424;86.0463;86.1953;86.1953;0
2025-07-22;86.3428;86.458;86.2305;86.3428;86.3428;0
2025-07-23;86.3987;86.4414;86.2358;86.3987;86.3987;0
2025-07-24;86.4303;86.6274;86.3845;86.4303;86.4303;0
2025-07-27;86.5061;86.7211;86.3996;86.5061;86.5061;0
2025-07-28;86.7776;87.174;86.7257;86.7776;86.7776;0
2025-07-29;87.0632;87.7859;86.9862;87.0632;87.0632;0
2025-07-30;87.7146;87.7764;87.2866;87.7146;87.7146;0
2025-07-31;87.4894;87.7412;87.1438;87.4894;87.4894;0
2025-08-03;87.2453;87.99;87.0695;87.2453;87.2453;0
2025-08-04;87.8933;88.0795;87.673;87.8933;87.8933;0
2025-08-05;87.7231;87.843;87.6238;87.7231;87.7231;0
2025-08-06;87.7625;87.7918;87.333;87.7625;87.7625;0
2025-08-07;87.4332;87.738;87.3943;87.4332;87.4332;0
2025-08-10;87.4883;87.7558;87.4664;87.4883;87.4883;0
2025-08-11;87.6645;87.7399;87.5369;87.6645;87.6645;0
2025-08-12;87.5956;87.717;87.3759;87.5956;87.5956;0
2025-08-13;87.45;87.6806;87.3879;87.45;87.45;0
2025-08-14;87.6918;87.7082;87.3969;87.6918;87.6918;0
2025-08-17;87.5128;87.5404;87.3137;87.5128;87.5128;0
2025-08-18;87.2951;87.3705;86.9091;87.2951;87.2951;0
2025-08-19;87.0791;87.1666;86.98;87.0791;87.0791;0
2025-08-20;87.0182;87.3265;86.9241;87.0182;87.0182;0
2025-08-21;87.2934;87.5481;87.177;87.2934;87.2934;0
2025-08-24;87.3301;87.608;87.234;87.3301;87.3301;0
2025-08-25;87.6086;87.79;87.5228;87.6086;87.6086;0
2025-08-26;87.6007;87.9885;87.6007;87.6007;87.6007;0
2025-08-27;87.6591;87.683;87.5092;87.6591;87.6591;0
2025-08-28;87.5917;88.2894;87.5101;87.5917;87.5917;0
2025-08-31;88.1743;88.3215;87.9303;88.1743;88.1743;0
2025-09-01;88.0014;88.188;87.8155;88.0014;88.0014;0
2025-09-02;87.9983;88.1798;87.975;87.9983;87.9983;0
2025-09-03;88.073;88.3603;87.975;88.073;88.073;0
2025-09-04;88.1929;88.3534;87.8001;88.1929;88.1929;0
2025-09-07;88.1863;88.223;87.8278;88.1863;88.1863;0
2025-09-08;87.9805;88.2193;87.9001;87.9805;87.9805;0
2025-09-09;88.2183;88.2493;87.9779;88.2183;88.2183;0
2025-09-10;88.0534;88.491;88.0266;88.0534;88.0534;0
2025-09-11;88.2676;88.4085;88.2169;88.2676;88.2676;0
2025-09-14;88.2773;88.2971;88.1261;88.2773;88.2773;0
2025-09-15;88.1235;88.1551;87.9797;88.1235;88.1235;0
2025-09-16;87.8846;87.9131;87.7158;87.8846;87.8846;0
2025-09-17;87.9107;88.2888;87.8069;87.9107;87.9107;0
2025-09-18;88.2069;88.3295;88.0626;88.2069;88.2069;0
2025-09-21;88.0992;88.3367;88.0992;88.0992;88.0992;0
2025-09-22;88.3044;88.8081;88.235;88.3044;88.3044;0
2025-09-23;88.808;88.9313;88.6725;88.808;88.808;0
2025-09-24;88.7786;88.8004;88.5901;88.7786;88.7786;0
2025-09-25;88.7731;88.7791;88.6143;88.7731;88.7731;0
2025-09-28;88.6768;88.794;88.5875;88.6768;88.6768;0
2025-09-29;88.7045;88.8753;88.6458;88.7045;88.7045;0
2025-09-30;88.8407;88.8541;88.6323;88.8407;88.8407;0
2025-10-01;88.683;88.9215;88.5706;88.683;88.683;0
2025-10-02;88.7202;88.7958;88.6636;88.7202;88.7202;0
2025-10-05;88.7351;88.8797;88.692;88.7351;88.7351;0
2025-10-06;88.7211;88.7725;88.6818;88.7211;88.7211;0
2025-10-07;88.7426;88.9195;88.7191;88.7426;88.7426;0
2025-10-08;88.7772;88.8608;88.7044;88.7772;88.7772;0
2025-10-09;88.8654;88.8656;88.4929;88.8654;88.8654;0
2025-10-12;88.7573;88.8027;88.5616;88.7573;88.7573;0
2025-10-13;88.6651;88.8179;88.6008;88.6651;88.6651;0
2025-10-14;88.7825;88.7827;87.9598;88.7825;88.7825;0
2025-10-15;87.8095;88.0015;87.5319;87.8095;87.8095;0
2025-10-16;87.9907;88.094;87.6897;87.9907;87.9907;0
2025-10-19;88.0023;88.0113;87.4996;88.0023;88.0023;0
2025-10-20;87.88;88.0836;87.8419;87.88;87.88;0
2025-10-21;88.0016;87.9981;87.6104;88.0016;88.0016;0
2025-10-22;87.7403;88.0311;87.7161;87.7403;87.7403;0
2025-10-23;87.779;87.8583;87.636;87.779;87.779;0
2025-10-27;87.829;88.3172;87.7094;87.829;87.829;0
2025-10-28;88.2221;88.4165;88.1598;88.2221;88.2221;0
2025-10-29;88.2255;88.4502;88.1382;88.2255;88.2255;0
2025-10-30;88.3456;88.7512;88.2968;88.3456;88.3456;0
2025-10-31;88.6345;88.9116;88.5637;88.6345;88.6345;0
2025-11-03;88.7754;88.915;88.6893;88.7754;88.7754;0
2025-11-04;88.7234;88.7745;88.3065;88.7234;88.7234;0
2025-11-05;88.732;88.7845;88.5492;88.732;88.732;0
2025-11-06;88.5569;88.6817;88.4115;88.5569;88.5569;0
2025-11-07;88.673;88.7204;88.6002;88.673;88.673;0
2025-11-10;88.658;88.7423;88.5142;88.658;88.658;0
2025-11-11;88.7071;88.7165;88.4196;88.7071;88.7071;0
2025-11-12;88.4665;88.6537;88.4665;88.4665;88.4665;0
2025-11-13;88.5939;88.7991;88.5821;88.594;88.594;0
2025-11-14;88.8162;88.8162;88.6325;88.8161;88.8161;0
2025-11-17;88.682;88.7435;88.5643;88.682;88.682;0
2025-11-18;88.6359;88.694;88.5357;88.6359;88.6359;0
2025-11-19;88.557;88.6083;88.409;88.5568;88.5568;0
2025-11-20;88.4873;88.7383;88.4635;88.4872;88.4872;0
2025-11-21;88.6923;89.7258;88.6028;88.6922;88.6922;0
2025-11-24;89.634;89.6413;89.0158;89.634;89.634;0
2025-11-25;89.1478;89.262;88.9665;89.1478;89.1478;0
2025-11-26;89.1533;89.2879;89.1533;89.1506;89.1506;0
2025-11-27;89.1625;89.4063;89.138;89.163;89.163;0
2025-11-28;89.3649;89.6187;89.055;89.3648;89.3648;0
2025-12-01;89.3573;89.7971;89.3166;89.35;89.35;0
2025-12-02;89.6127;89.993;89.5803;89.6127;89.6127;0
2025-12-03;89.9172;90.304;89.8428;89.9172;89.9172;0
2025-12-04;90.1706;90.4521;89.7258;90.1705;90.1705;0
2025-12-05;89.8364;90.0772;89.6981;89.8364;89.8364;0
2025-12-08;89.938;90.2387;89.8482;89.938;89.938;0
2025-12-09;90.1299;90.1685;89.8054;90.13;90.13;0
2025-12-10;89.917;90.0471;89.7532;89.9169;89.9169;0
2025-12-11;89.793;90.6503;89.793;89.793;89.793;0
2025-12-12;90.251;90.6447;90.1753;90.253;90.253;0
2025-12-15;90.577;90.7724;90.3934;90.577;90.577;0
2025-12-16;90.7769;91.073;90.7528;90.7769;90.7769;0
2025-12-17;90.949;91.0655;89.8206;90.9489;90.9489;0
2025-12-18;90.4163;90.4574;90.0459;90.4137;90.4137;0
2025-12-19;90.2613;90.293;89.2119;90.2558;90.2558;0
2025-12-22;89.57;89.7719;89.395;89.57;89.57;0
2025-12-23;89.604;89.833;89.4309;89.6039;89.6039;0
2025-12-24;89.5079;89.8657;89.423;89.5079;89.5079;0
2025-12-26;90.1059;90.109;89.5487;90.1059;90.1059;0
2025-12-29;89.8143;90.355;89.7636;89.8293;89.8293;0
2025-12-30;89.9002;89.9901;89.6858;89.9;89.9;0
2025-12-31;89.7697;89.938;89.644;89.7694;89.7694;0
2026-01-02;89.9619;90.3148;89.8365;89.9619;89.9619;0
2026-01-05;90.007;90.3083;90.007;90.007;90.007;0
2026-01-06;90.2329;90.257;90.06;90.233;90.233;0
2026-01-07;90.1474;90.218;89.747;90.1661;90.1661;0
2026-01-08;89.838;90.1233;89.729;89.8644;89.8644;0
2026-01-09;89.9054;90.364;89.8161;89.9054;89.9054;0
2026-01-12;90.236;90.4292;90.1205;90.236;90.236;0
2026-01-13;90.1327;90.4486;90.1327;90.1327;90.1327;0
2026-01-14;90.273;90.4468;89.985;90.273;90.273;0
2026-01-15;90.1832;90.4238;90.182;90.1832;90.1832;0
2026-01-16;90.3616;90.863;90.2757;90.3616;90.3616;0
2026-01-19;90.702;91.0003;90.5958;90.702;90.702;0
2026-01-20;90.9045;91.0481;90.8693;90.9045;90.9045;0
2026-01-21;91.1183;91.81;91.0027;91.1184;91.1184;0
2026-01-22;91.537;91.665;91.0931;91.5369;91.5369;0
2026-01-23;91.5583;91.976;91.423;91.5583;91.5583;0
2026-01-26;91.5928;91.7876;91.384;91.501;91.501;0
2026-01-27;91.7131;91.888;91.5032;91.7131;91.7131;0
2026-01-28;91.5343;92.3275;91.4181;91.5343;91.5343;0
2026-01-29;92.0408;92.1301;91.8056;92.0408;92.0408;0
2026-01-30;91.782;92.0178;91.782;91.7819;91.7819;0
2026-02-02;91.6824;92.0195;90.9081;91.687;91.687;0
2026-02-03;90.2456;90.5322;90.0278;90.2456;90.2456;0
2026-02-04;90.4229;90.528;90.236;90.4229;90.4229;0
2026-02-05;90.125;90.5158;90.0709;90.125;90.125;0
2026-02-06;90.3148;90.82;90.1773;90.3148;90.3148;0
2026-02-09;90.589;90.791;90.3655;90.588;90.588;0
2026-02-10;90.7602;90.7765;90.4644;90.8228;90.8228;0
2026-02-11;90.5881;90.8117;90.4658;90.5879;90.5879;0
2026-02-12;90.7358;90.7361;90.3646;90.7357;90.7357;0
2026-02-13;90.5642;90.7501;90.5072;90.5641;90.5641;0
2026-02-16;90.5553;90.8219;90.5221;90.5712;90.5712;0
2026-02-17;90.7829;90.7991;90.6222;90.783;90.783;0
2026-02-18;90.6262;90.7511;90.582;90.6262;90.6262;0
2026-02-19;90.7934;91.2141;90.7348;90.7935;90.7935;0
2026-02-20;91.0411;91.0908;90.7299;91.0411;91.0411;0
2026-02-23;90.7648;90.9704;90.6718;90.7266;90.7266;0
2026-02-24;91.0151;91.0231;90.8248;91.0201;91.0201;0
2026-02-25;90.9181;90.96;90.8531;90.918;90.918;0
2026-02-26;90.9512;91.066;90.809;90.951;90.951;0
2026-02-27;91.0074;91.1323;90.8943;91.0074;91.0074;0
2026-03-02;91.0758;91.7785;91.0758;91.0796;91.0796;0
2026-03-03;91.563;92.4213;91.5606;91.5634;91.5634;0
2026-03-04;92.0086;92.2963;91.8241;92.0086;92.0086;0
2026-03-05;92.1231;92.1709;91.3267;92.123;92.123;0
2026-03-06;91.7869;91.9665;91.5598;91.7869;91.7869;0
2026-03-09;91.9403;92.3488;91.9403;91.9362;91.9362;0
2026-03-10;91.2207;92.4666;90.8604;91.2207;91.2207;0
2026-03-11;92.1651;92.2058;89.0649;92.1651;92.1651;0
2026-03-12;92.2288;92.6946;91.9844;92.2288;92.2288;0
2026-03-13;92.3898;92.499;92.2514;92.3899;92.3899;0
2026-03-16;92.5847;92.8208;92.1446;92.5636;92.5636;0
2026-03-17;92.2827;92.4755;92.2668;92.2827;92.2827;0
2026-03-18;92.3913;92.9196;92.324;92.3913;92.3913;0
2026-03-19;93.2466;93.4071;92.8095;93.2466;93.2466;0
2026-03-20;93.0823;93.8178;92.7782;93.0823;93.0823;0
2026-03-23;94.0484;94.1315;92.8537;93.8953;93.8953;0
2026-03-24;93.2437;93.9458;93.2437;93.2437;93.2437;0
2026-03-25;94.2997;94.2997;93.6765;94.2997;94.2997;0
2026-03-26;94.6937;94.6937;93.8001;94.6937;94.6937;0
2026-03-27;94.3095;94.9446;94.0941;94.3095;94.3095;0
2026-03-29;94.7818;95.1454;92.647;94.7818;94.7818;0
2026-03-30;94.3559;94.9039;93.4808;94.3559;94.3559;0
2026-03-31;93.4843;93.878;92.7625;93.4843;93.4843;0
2026-04-01;92.6426;93.7324;92.4805;92.6426;92.6426;0
2026-04-02;92.9737;92.985;92.5117;92.9736;92.9736;0
2026-04-05;92.971;93.2177;92.4974;92.971;92.971;0
2026-04-06;92.8166;93.144;92.7523;92.8166;92.8166;0
2026-04-07;92.8602;92.8603;92.2233;92.8602;92.8602;0
2026-04-08;92.2748;92.9445;91.966;92.2748;92.2748;0
2026-04-09;92.4698;93.0735;92.405;92.4698;92.4698;0
2026-04-12;94.5121;94.9132;93.2192;94.5088;94.5088;0
2026-04-13;94.95;95.148;93.0062;94.9468;94.9468;0
2026-04-14;93.1654;93.495;93.0853;93.1654;93.1654;0
2026-04-15;93.3869;93.3873;92.9861;93.3868;93.3868;0
2026-04-16;93.0479;93.0482;92.3517;93.0479;93.0479;0
2026-04-19;92.6033;93.235;92.6033;92.6033;92.6033;0
2026-04-20;93.1236;93.614;93.0458;93.1236;93.1236;0
2026-04-21;93.6228;93.86;93.488;93.6228;93.6228;0
2026-04-22;93.8005;94.15;93.8005;93.8005;93.8005;0
2026-04-23;94.1129;94.3758;93.936;94.1129;94.1129;0
2026-04-26;94.2503;94.2951;93.9965;94.2503;94.2503;0
2026-04-27;94.2585;94.7213;94.1359;94.2585;94.2585;0
2026-04-28;94.6455;94.8669;94.5705;94.6455;94.6455;0
2026-04-29;94.9166;95.394;94.8149;94.9166;94.9166;0
2026-04-30;94.7591;95.307;94.6892;94.7591;94.7591;0
2026-05-03;94.903;95.3898;94.6657;94.903;94.903;0
2026-05-04;95.2593;95.395;94.9774;95.2594;95.2594;0
2026-05-05;95.183;95.183;94.1481;95.183;95.183;0
2026-05-06;94.608;94.893;93.8887;94.608;94.608;0
2026-05-07;94.253;94.7404;94.253;94.253;94.253;0
2026-05-10;94.4253;95.3176;94.1818;94.4253;94.4253;0
2026-05-11;95.3914;95.8591;95.2661;95.3914;95.3914;0
2026-05-12;95.633;95.8605;93.6043;95.633;95.633;0
2026-05-13;95.6958;95.9458;95.4405;95.6958;95.6958;0
2026-05-14;95.7099;96.115;95.397;95.7099;95.7099;0
2026-05-17;95.9713;96.6019;95.662;95.9703;95.9703;0
2026-05-18;96.2702;97.0541;96.1676;96.2702;96.2702;0
2026-05-19;96.5658;97.0422;96.3752;96.5658;96.5658;0
2026-05-20;96.5283;96.8515;93.188;96.5283;96.5283;0
2026-05-21;96.1739;96.4993;95.4489;96.1739;96.1739;0
2026-05-24;95.7195;95.8535;85.8629;95.7195;95.7195;0
2026-05-25;95.2528;95.786;95.1923;95.2528;95.2528;0
2026-05-26;96.0621;96.1778;95.4915;95.905;95.905;0
2026-05-27;96.0489;96.6658;95.639;96.0489;96.0489;0
2026-05-28;96.0482;96.1953;94.5305;96.0482;96.0482;0
2026-05-31;95.003;95.2542;94.573;95.003;95.003;0
2026-06-01;95.5514;95.5825;94.9342;95.5514;95.5514;0
2026-06-02;95.263;95.986;95.263;95.263;95.263;0
2026-06-03;96.1645;96.1708;95.592;96.1645;96.1645;0
2026-06-04;95.7903;95.894;94.8698;95.7903;95.7903;0
2026-06-07;94.9503;95.9037;94.9503;94.9503;94.9503;0
2026-06-08;95.6883;95.6889;95.1774;95.6883;95.6883;0
2026-06-09;95.3603;95.5675;95.0717;95.3603;95.3603;0
2026-06-10;95.6445;95.8724;95.2956;95.6445;95.6445;0
2026-06-11;95.7601;95.7601;94.7872;95.7601;95.7601;0
2026-06-14;95.1103;95.1104;94.4127;95.1103;95.1103;0
2026-06-15;94.7417;94.7419;94.382;94.7417;94.7417;0
2026-06-16;94.8886;94.8886;94.2067;94.8886;94.8886;0
2026-06-17;94.8589;94.9303;94.1801;94.8589;94.8589;0
2026-06-18;94.3398;94.5931;94.1182;94.3399;94.3399;0
2026-06-21;94.3303;94.7771;94.1765;94.3303;94.3303;0
2026-06-22;94.7006;94.8854;94.3927;94.7006;94.7006;0
2026-06-23;95.1837;95.1838;94.2275;95.1837;95.1837;0
2026-06-24;94.4407;94.5292;93.9151;94.4407;94.4407;0
2026-06-25;94.4004;94.7738;94.2248;94.4004;94.4004;0
2026-06-28;94.3603;94.7;94.2322;94.3603;94.3603;0
2026-06-29;94.7905;94.8979;94.4653;94.7905;94.7905;0
2026-06-30;94.918;95.2639;94.5312;94.918;94.918;0
2026-07-01;95.4175;95.4734;94.8848;95.4175;95.4175;0
2026-07-02;95.5271;95.6097;95.0576;95.5271;95.5271;0
2026-07-05;95.2148;95.6744;95.1269;95.2148;95.2148;0
2026-07-06;95.6035;95.6792;94.7987;95.6035;95.6035;0
2026-07-07;95.5934;95.8034;94.9917;95.5934;95.5934;0
2026-07-08;95.8618;95.8618;95.2984;95.8618;95.8618;0
2026-07-09;95.3902;95.6855;95.1455;95.3902;95.3902;0
2026-07-12;95.325;96.1047;94.9904;95.325;95.325;0
2026-07-13;96.2988;96.4229;95.747;96.2989;96.2989;0
2026-07-14;96.4253;96.5409;96.0424;96.4253;96.4253;0
2026-07-15;96.4986;96.7;96.1023;96.4986;96.4986;0
2026-07-16;96.6522;96.6555;96.2016;96.6522;96.6522;0
2026-07-19;96.2848;96.7545;96.2166;96.2848;96.2848;0
2026-07-20;96.4896;96.5628;96.0947;96.4896;96.4896;0
2026-07-21;96.3409;96.8119;96.2403;96.3409;96.3409;0
2026-07-22;96.5571;96.8691;96.4598;96.5571;96.5571;0
2026-07-23;96.8769;96.9019;96.2118;96.8769;96.8769;0
2026-07-26;96.5673;96.5676;95.7578;96.5673;96.5673;0
2026-07-27;95.7741;96.1339;95.5058;95.7741;95.7741;0
2026-07-28;95.5985;95.8573;95.4408;95.5987;95.5987;0
2026-07-29;95.7286;95.7785;95.346;95.7286;95.7286;0
2026-07-30;95.6848;95.6853;95.0775;95.6848;95.6848;0
2026-08-02;95.4022;95.4034;95.042;95.4022;95.4022;0
2026-08-03;95.3316;95.4262;94.9832;95.3316;95.3316;0
2026-08-04;95.0972;95.3823;94.803;95.0972;95.0972;0
2026-08-05;95.0773;95.3263;94.9948;95.0773;95.0773;0
2026-08-06;95.3119;95.4035;95.0034;95.3119;95.3119;0
2026-08-09;95.2103;95.4042;95.0161;95.2103;95.2103;0
2026-08-10;95.3967;95.4425;95.2863;95.3967;95.3967;0
2026-08-11;95.3799;95.4689;95.2227;95.3799;95.3799;0
2026-08-12;95.3445;95.4703;95.2957;95.3443;95.3443;0
2026-08-13;95.4012;95.6474;95.3259;95.4012;95.4012;0
2026-08-16;95.4503;95.69;95.0644;95.4503;95.4503;0
2026-08-17;95.6941;95.8339;95.6029;95.6941;95.6941;0
2026-08-18;95.8164;95.8164;95.3991;95.8164;95.8164;0
2026-08-19;95.496;95.7836;95.4864;95.496;95.496;0
2026-08-20;95.7722;95.7736;95.6067;95.7722;95.7722;0
2026-08-23;95.7003;95.7895;95.064;95.7003;95.7003;0
2026-08-24;95.7231;95.7835;95.2046;95.7231;95.7231;0
2026-08-25;93.5461;95.4125;93.5461;93.5461;93.5461;0
2026-08-26;95.4303;95.5723;95.1895;95.4303;95.4303;0
2026-08-27;95.4704;95.6153;95.3192;95.4704;95.4704;0
2026-08-30;95.3803;95.8679;95.0719;95.3803;95.3803;0
2026-08-31;95.1144;95.2197;94.7287;95.1144;95.1144;0
2026-09-01;94.9535;95.0714;94.2566;94.9552;94.9552;0
2026-09-02;94.4878;94.6187;94.2318;94.4877;94.4877;0
2026-09-03;94.4949;94.635;94.3351;94.4949;94.4949;0
2026-09-06;94.4303;94.6031;94.3638;94.4303;94.4303;0
2026-09-07;94.492;94.8806;94.4263;94.4919;94.4919;0
2026-09-08;94.843;95.22;94.7932;94.823;94.823;0
2026-09-09;95.1102;95.6582;95.0733;95.1118;95.1118;0
2026-09-10;95.6945;95.8098;95.4857;95.6945;95.6945;0
2026-09-13;94.7931;95.9412;94.4876;95.0328;95.0328;0
2026-09-14;95.8354;95.9527;95.5753;95.8354;95.8354;0
2026-09-15;95.9927;95.9931;95.8269;95.9927;95.9927;0
2026-09-16;96.1323;96.1326;95.6578;96.1323;96.1323;0
2026-09-17;95.7992;96.0318;95.6629;95.7992;95.7992;0
2026-09-20;96.0144;96.0659;95.7228;96.0131;96.0131;0
2026-09-21;95.712;95.835;95.4673;95.712;95.712;0
2026-09-22;95.6915;95.8389;95.1974;95.6898;95.6898;0
2026-09-23;95.7412;96.0604;95.2577;95.7412;95.7412;0
2026-09-24;96.1626;96.1676;95.7014;96.1613;96.1613;0
2026-09-27;95.7886;96.0396;95.4722;95.7883;95.7883;0
2026-09-28;95.9719;96.1491;95.8368;95.9816;95.9816;0
2026-09-29;96.0507;96.0581;95.752;96.0507;96.0507;0
2026-09-30;95.9284;96.3558;95.918;95.9271;95.9271;0
2026-10-01;96.2559;96.3329;95.9897;96.2248;96.2248;0
2026-10-04;96.3253;96.3395;95.955;96.3253;96.3253;0
2026-10-05;96.3428;96.438;96.2465;96.3428;96.3428;0
2026-10-06;96.3704;96.8878;96.3105;96.3704;96.3704;0
2026-10-07;96.7568;96.8911;96.6943;96.7568;96.7568;0
2026-10-08;96.8233;96.8867;96.4912;96.8233;96.8233;0
